ISO-10303-21;
HEADER;
FILE_DESCRIPTION (( 'STEP AP214' ),
    '1' );
FILE_NAME ('FA-128 24.0000MF10Z-W3.STEP',
    '2024-09-28T04:53:39',
    ( '' ),
    ( '' ),
    'SwSTEP 2.0',
    'SolidWorks 2016',
    '' );
FILE_SCHEMA (( 'AUTOMOTIVE_DESIGN' ));
ENDSEC;

DATA;
#1 = CARTESIAN_POINT ( 'NONE',  ( -0.7249999999999999800, 0.1999999999999999800, 0.0000000000000000000 ) ) ;
#2 = FACE_OUTER_BOUND ( 'NONE', #1241, .T. ) ;
#3 = DIRECTION ( 'NONE',  ( -2.768175759537456100E-015, 0.0000000000000000000, -1.000000000000000000 ) ) ;
#4 = DIRECTION ( 'NONE',  ( 0.0000000000000000000, 0.0000000000000000000, -1.000000000000000000 ) ) ;
#5 = ORIENTED_EDGE ( 'NONE', *, *, #7, .F. ) ;
#6 = VERTEX_POINT ( 'NONE', #350 ) ;
#7 = EDGE_CURVE ( 'NONE', #817, #3486, #1898, .T. ) ;
#8 = FACE_OUTER_BOUND ( 'NONE', #481, .T. ) ;
#9 = ORIENTED_EDGE ( 'NONE', *, *, #1304, .T. ) ;
#10 = CARTESIAN_POINT ( 'NONE',  ( 0.7249999999999999800, 0.1999999999999999800, -0.7772894254867989100 ) ) ;
#11 = ORIENTED_EDGE ( 'NONE', *, *, #2495, .F. ) ;
#12 = FACE_OUTER_BOUND ( 'NONE', #3661, .T. ) ;
#13 = CARTESIAN_POINT ( 'NONE',  ( -0.5333333333333337700, 0.4813603896932108200, 0.8400000000000000800 ) ) ;
#14 = COLOUR_RGB ( '',1.000000000000000000, 0.8117647058823529400, 0.5019607843137254800 ) ;
#15 = ORIENTED_EDGE ( 'NONE', *, *, #1222, .F. ) ;
#16 = CARTESIAN_POINT ( 'NONE',  ( -0.8000000000000004900, 0.4000000000000001900, -0.8399999999999996400 ) ) ;
#17 = EDGE_CURVE ( 'NONE', #2716, #627, #3550, .T. ) ;
#18 = FILL_AREA_STYLE ('',( #3477 ) ) ;
#19 = VECTOR ( 'NONE', #2611, 1000.000000000000000 ) ;
#20 = CARTESIAN_POINT ( 'NONE',  ( -0.8000000000000004900, 2.961249694973139900, 1.000000000000000200 ) ) ;
#21 = DIRECTION ( 'NONE',  ( -1.000000000000000000, -0.0000000000000000000, 0.0000000000000000000 ) ) ;
#22 =( BOUNDED_CURVE ( )  B_SPLINE_CURVE ( 3, ( #35, #3203, #652, #1651 ),
 .UNSPECIFIED., .F., .F. ) 
 B_SPLINE_CURVE_WITH_KNOTS ( ( 4, 4 ),
 ( 0.0000000000000000000, 1.000000000000000000 ),
 .UNSPECIFIED. ) 
 CURVE ( )  GEOMETRIC_REPRESENTATION_ITEM ( )  RATIONAL_B_SPLINE_CURVE ( ( 1.000000000000000000, 0.8047378541243649400, 0.8047378541243649400, 1.000000000000000000 ) ) 
 REPRESENTATION_ITEM ( '' )  );
#23 = VERTEX_POINT ( 'NONE', #2896 ) ;
#24 = AXIS2_PLACEMENT_3D ( 'NONE', #4035, #635, #2529 ) ;
#25 = AXIS2_PLACEMENT_3D ( 'NONE', #2747, #2777, #866 ) ;
#26 = CARTESIAN_POINT ( 'NONE',  ( 0.6683333333333332200, 0.4249999999999999900, 4.940512172348718500E-017 ) ) ;
#27 = ORIENTED_EDGE ( 'NONE', *, *, #3222, .F. ) ;
#28 = CARTESIAN_POINT ( 'NONE',  ( -0.4950000000000004400, 0.4800000000000000900, -0.6949999999999994000 ) ) ;
#29 = VERTEX_POINT ( 'NONE', #2235 ) ;
#30 = CARTESIAN_POINT ( 'NONE',  ( 0.5650000000000003900, 0.0000000000000000000, 1.000000000000000400 ) ) ;
#31 = ORIENTED_EDGE ( 'NONE', *, *, #36, .F. ) ;
#32 = VERTEX_POINT ( 'NONE', #1163 ) ;
#33 = CARTESIAN_POINT ( 'NONE',  ( 0.5694568303203253500, 0.5000000000000001100, -0.7949999999999994800 ) ) ;
#34 = DIRECTION ( 'NONE',  ( 0.0000000000000000000, 1.000000000000000000, 0.0000000000000000000 ) ) ;
#35 = CARTESIAN_POINT ( 'NONE',  ( 0.5333333333333328800, 0.4000000000000000800, 0.9183333333333336700 ) ) ;
#36 = EDGE_CURVE ( 'NONE', #3564, #3712, #3458, .T. ) ;
#37 = ADVANCED_FACE ( 'NONE', ( #2637 ), #596, .T. ) ;
#38 = DIRECTION ( 'NONE',  ( -0.7071067811865438000, 0.0000000000000000000, -0.7071067811865513500 ) ) ;
#39 = EDGE_LOOP ( 'NONE', ( #2416, #1750, #686, #3942 ) ) ;
#40 = ORIENTED_EDGE ( 'NONE', *, *, #2296, .T. ) ;
#41 = EDGE_CURVE ( 'NONE', #2617, #3056, #2740, .T. ) ;
#42 = CIRCLE ( 'NONE', #2984, 0.1600000000000002000 ) ;
#43 = DIRECTION ( 'NONE',  ( 0.0000000000000000000, 0.0000000000000000000, -1.000000000000000000 ) ) ;
#44 = CYLINDRICAL_SURFACE ( 'NONE', #1920, 0.2350000000000000700 ) ;
#45 = CARTESIAN_POINT ( 'NONE',  ( -0.7999999999999997100, 0.0000000000000000000, -0.8399999999999997500 ) ) ;
#46 = DIRECTION ( 'NONE',  ( -0.0000000000000000000, 0.0000000000000000000, 1.000000000000000000 ) ) ;
#47 = ORIENTED_EDGE ( 'NONE', *, *, #2374, .F. ) ;
#48 = ORIENTED_EDGE ( 'NONE', *, *, #3425, .F. ) ;
#49 = PLANE ( 'NONE',  #1287 ) ;
#50 = AXIS2_PLACEMENT_3D ( 'NONE', #2982, #1083, #3289 ) ;
#51 = FILL_AREA_STYLE_COLOUR ( '', #14 ) ;
#52 = ORIENTED_EDGE ( 'NONE', *, *, #3576, .F. ) ;
#53 = CARTESIAN_POINT ( 'NONE',  ( -0.6417038242943111600, 0.4000000000000000200, -0.9183333333333326700 ) ) ;
#54 = DIRECTION ( 'NONE',  ( -0.0000000000000000000, 1.000000000000000000, -0.0000000000000000000 ) ) ;
#55 = CARTESIAN_POINT ( 'NONE',  ( 0.6399999999999993500, 0.4550000000000001300, 0.7333333333333336100 ) ) ;
#56 = ADVANCED_FACE ( 'NONE', ( #945 ), #1817, .T. ) ;
#57 = ORIENTED_EDGE ( 'NONE', *, *, #1661, .F. ) ;
#58 = FACE_OUTER_BOUND ( 'NONE', #152, .T. ) ;
#59 = CARTESIAN_POINT ( 'NONE',  ( -0.8000000000000004900, 0.0000000000000000000, -0.9999999999999997800 ) ) ;
#60 = FACE_OUTER_BOUND ( 'NONE', #730, .T. ) ;
#61 = LINE ( 'NONE', #1715, #4013 ) ;
#62 = EDGE_LOOP ( 'NONE', ( #1276, #2706, #461, #2579 ) ) ;
#63 = CARTESIAN_POINT ( 'NONE',  ( 0.5772894254867996200, 1.086707392548410500, -0.9249999999999999300 ) ) ;
#64 = VECTOR ( 'NONE', #2239, 1000.000000000000000 ) ;
#65 = EDGE_CURVE ( 'NONE', #732, #23, #2537, .T. ) ;
#66 = DIRECTION ( 'NONE',  ( 1.000000000000000000, 0.0000000000000000000, -2.032879073410319800E-016 ) ) ;
#67 = FACE_OUTER_BOUND ( 'NONE', #1121, .T. ) ;
#68 = PLANE ( 'NONE',  #1949 ) ;
#69 = DIRECTION ( 'NONE',  ( -1.000000000000000000, 0.0000000000000000000, -0.0000000000000000000 ) ) ;
#70 = EDGE_CURVE ( 'NONE', #732, #2249, #3373, .T. ) ;
#71 = PLANE ( 'NONE',  #2904 ) ;
#72 = DIRECTION ( 'NONE',  ( -0.0000000000000000000, 1.000000000000000000, -0.0000000000000000000 ) ) ;
#73 = CARTESIAN_POINT ( 'NONE',  ( -0.8000000000000004900, 0.0000000000000000000, 0.9999999999999997800 ) ) ;
#74 = EDGE_LOOP ( 'NONE', ( #955, #3360 ) ) ;
#75 = VERTEX_POINT ( 'NONE', #3108 ) ;
#76 = CARTESIAN_POINT ( 'NONE',  ( -0.5333333333333337700, 2.612060605191053300, 0.7333333333333336100 ) ) ;
#77 = DIRECTION ( 'NONE',  ( 0.0000000000000000000, -1.000000000000000000, 0.0000000000000000000 ) ) ;
#78 = ORIENTED_EDGE ( 'NONE', *, *, #655, .F. ) ;
#79 = ORIENTED_EDGE ( 'NONE', *, *, #17, .F. ) ;
#80 = ADVANCED_FACE ( 'NONE', ( #2 ), #883, .F. ) ;
#81 = CARTESIAN_POINT ( 'NONE',  ( -0.5333333333333339900, 0.4550000000000000200, -0.7949999999999993700 ) ) ;
#82 = VERTEX_POINT ( 'NONE', #2751 ) ;
#83 = ORIENTED_EDGE ( 'NONE', *, *, #3714, .F. ) ;
#84 = CARTESIAN_POINT ( 'NONE',  ( -0.7249999999999999800, 0.1999999999999999800, 0.3250000000000000700 ) ) ;
#85 = PLANE ( 'NONE',  #3312 ) ;
#86 = CARTESIAN_POINT ( 'NONE',  ( -0.7249999999999999800, 0.0000000000000000000, 0.7772894254867990200 ) ) ;
#87 = CARTESIAN_POINT ( 'NONE',  ( -0.6400000000000004600, 2.612060605191053300, -0.7333333333333328400 ) ) ;
#88 = VERTEX_POINT ( 'NONE', #3736 ) ;
#89 = CIRCLE ( 'NONE', #1840, 0.05000000000000002400 ) ;
#90 = EDGE_CURVE ( 'NONE', #2766, #625, #844, .T. ) ;
#91 = CARTESIAN_POINT ( 'NONE',  ( -0.4950000000000004400, 0.4800000000000000900, -0.6949999999999994000 ) ) ;
#92 = CIRCLE ( 'NONE', #2911, 0.1600000000000000900 ) ;
#93 = VERTEX_POINT ( 'NONE', #2513 ) ;
#94 = CARTESIAN_POINT ( 'NONE',  ( -0.6400000000000004600, 0.4550000000000000200, -0.7958172200135357200 ) ) ;
#95 = VECTOR ( 'NONE', #2692, 1000.000000000000000 ) ;
#96 = DIRECTION ( 'NONE',  ( -7.392287539673894400E-017, 0.0000000000000000000, 1.000000000000000000 ) ) ;
#97 = LINE ( 'NONE', #2850, #1711 ) ;
#98 = CARTESIAN_POINT ( 'NONE',  ( -0.8000000000000004900, 0.1999999999999999800, 0.9999999999999997800 ) ) ;
#99 = ORIENTED_EDGE ( 'NONE', *, *, #3552, .T. ) ;
#100 = EDGE_CURVE ( 'NONE', #2716, #75, #1609, .T. ) ;
#101 = DIRECTION ( 'NONE',  ( -1.000000000000000000, 0.0000000000000000000, -0.0000000000000000000 ) ) ;
#102 = CARTESIAN_POINT ( 'NONE',  ( 0.5333333333333328800, 0.4550000000000001300, 0.8400000000000001900 ) ) ;
#103 = ADVANCED_FACE ( 'NONE', ( #3278 ), #3159, .F. ) ;
#104 = CARTESIAN_POINT ( 'NONE',  ( -0.4950000000000004400, 0.4800000000000000900, -0.6949999999999994000 ) ) ;
#105 = ORIENTED_EDGE ( 'NONE', *, *, #1303, .F. ) ;
#106 = AXIS2_PLACEMENT_3D ( 'NONE', #2839, #286, #1242 ) ;
#107 = DIRECTION ( 'NONE',  ( 0.0000000000000000000, 1.000000000000000000, 0.0000000000000000000 ) ) ;
#108 = CARTESIAN_POINT ( 'NONE',  ( 0.6933333333333333600, 0.4250000000000000400, -0.8270591633536378300 ) ) ;
#109 = ORIENTED_EDGE ( 'NONE', *, *, #940, .T. ) ;
#110 = DIRECTION ( 'NONE',  ( 0.0000000000000000000, 0.0000000000000000000, -1.000000000000000000 ) ) ;
#111 = PLANE ( 'NONE',  #2220 ) ;
#112 = FACE_OUTER_BOUND ( 'NONE', #2245, .T. ) ;
#113 = CARTESIAN_POINT ( 'NONE',  ( 0.8000000000000004900, 0.1999999999999999800, 0.9999999999999997800 ) ) ;
#114 = FACE_OUTER_BOUND ( 'NONE', #3668, .T. ) ;
#115 = LINE ( 'NONE', #3019, #3383 ) ;
#116 = DIRECTION ( 'NONE',  ( -1.478457507934778600E-016, 0.0000000000000000000, -1.000000000000000000 ) ) ;
#117 = VECTOR ( 'NONE', #2023, 1000.000000000000000 ) ;
#118 = DIRECTION ( 'NONE',  ( 0.0000000000000000000, 0.0000000000000000000, 1.000000000000000000 ) ) ;
#119 = DIRECTION ( 'NONE',  ( 0.0000000000000000000, 0.0000000000000000000, 1.000000000000000000 ) ) ;
#120 = ADVANCED_FACE ( 'NONE', ( #1718 ), #3674, .T. ) ;
#121 = CARTESIAN_POINT ( 'NONE',  ( 0.5772894254867994000, 0.1999999999999999800, -0.9249999999999999300 ) ) ;
#122 = EDGE_CURVE ( 'NONE', #323, #3549, #2333, .T. ) ;
#123 = CARTESIAN_POINT ( 'NONE',  ( 0.7999999999999997100, 1.086707392548410500, 0.8399999999999998600 ) ) ;
#124 = FACE_OUTER_BOUND ( 'NONE', #2080, .T. ) ;
#125 = EDGE_LOOP ( 'NONE', ( #3801, #2826, #2113, #195 ) ) ;
#126 = DIRECTION ( 'NONE',  ( -0.7071067811865513500, 0.0000000000000000000, 0.7071067811865436900 ) ) ;
#127 = DIRECTION ( 'NONE',  ( 1.000000000000000000, -0.0000000000000000000, 0.0000000000000000000 ) ) ;
#128 = VERTEX_POINT ( 'NONE', #2828 ) ;
#129 = ORIENTED_EDGE ( 'NONE', *, *, #2954, .F. ) ;
#130 = ORIENTED_EDGE ( 'NONE', *, *, #70, .T. ) ;
#131 = CARTESIAN_POINT ( 'NONE',  ( 0.7036886723926603100, 0.4000000000000000800, 0.7333333333333333900 ) ) ;
#132 = AXIS2_PLACEMENT_3D ( 'NONE', #543, #557, #809 ) ;
#133 = VERTEX_POINT ( 'NONE', #218 ) ;
#134 = ORIENTED_EDGE ( 'NONE', *, *, #1968, .F. ) ;
#135 = ORIENTED_EDGE ( 'NONE', *, *, #1655, .F. ) ;
#136 = CARTESIAN_POINT ( 'NONE',  ( -0.2250000000000000300, 0.1999999999999999800, 0.5250000000000015800 ) ) ;
#137 = AXIS2_PLACEMENT_3D ( 'NONE', #1041, #1374, #1401 ) ;
#138 = CARTESIAN_POINT ( 'NONE',  ( -0.8000000000000004900, 0.0000000000000000000, 0.7649999999999996800 ) ) ;
#139 = VERTEX_POINT ( 'NONE', #1244 ) ;
#140 = EDGE_CURVE ( 'NONE', #579, #871, #3176, .T. ) ;
#141 = CARTESIAN_POINT ( 'NONE',  ( -0.4950000000000004400, 0.3385786437626904200, -0.6449999999999994600 ) ) ;
#142 = CARTESIAN_POINT ( 'NONE',  ( 0.6124145024129652400, 0.4500000000000000100, 0.8683333333333339600 ) ) ;
#143 = ADVANCED_FACE ( 'NONE', ( #3962 ), #3436, .T. ) ;
#144 = VERTEX_POINT ( 'NONE', #3510 ) ;
#145 = VECTOR ( 'NONE', #546, 1000.000000000000000 ) ;
#146 = PLANE ( 'NONE',  #1122 ) ;
#147 = LINE ( 'NONE', #372, #1753 ) ;
#148 = ORIENTED_EDGE ( 'NONE', *, *, #1626, .F. ) ;
#149 = CARTESIAN_POINT ( 'NONE',  ( 0.7249999999999999800, 1.086707392548410500, -0.3250000000000000700 ) ) ;
#150 = EDGE_CURVE ( 'NONE', #1639, #2094, #1513, .T. ) ;
#151 = CARTESIAN_POINT ( 'NONE',  ( -0.5650000000000003900, 0.0000000000000000000, -0.9999999999999997800 ) ) ;
#152 = EDGE_LOOP ( 'NONE', ( #2391, #2665, #3704, #1982 ) ) ;
#153 =( BOUNDED_SURFACE ( )  B_SPLINE_SURFACE ( 3, 3, ( 
 ( #3134, #599, #1248, #3438 ),
 ( #1573, #3729, #1883, #4022 ),
 ( #2185, #290, #2517, #617 ),
 ( #2844, #931, #3147, #1262 ) ),
 .UNSPECIFIED., .F., .F., .F. ) 
 B_SPLINE_SURFACE_WITH_KNOTS ( ( 4, 4 ),
 ( 4, 4 ),
 ( 0.0000000000000000000, 1.000000000000000000 ),
 ( 0.0000000000000000000, 1.000000000000000000 ),
 .UNSPECIFIED. ) 
 GEOMETRIC_REPRESENTATION_ITEM ( )  RATIONAL_B_SPLINE_SURFACE ( (
 ( 1.000000000000000000, 0.8047378541243649400, 0.8047378541243649400, 1.000000000000000000),
 ( 0.8047378541243649400, 0.6476030138606876400, 0.6476030138606876400, 0.8047378541243649400),
 ( 0.8047378541243649400, 0.6476030138606876400, 0.6476030138606876400, 0.8047378541243649400),
 ( 1.000000000000000000, 0.8047378541243649400, 0.8047378541243649400, 1.000000000000000000) ) ) 
 REPRESENTATION_ITEM ( '' )  SURFACE ( )  );
#154 =( GEOMETRIC_REPRESENTATION_CONTEXT ( 3 ) GLOBAL_UNCERTAINTY_ASSIGNED_CONTEXT ( ( #462 ) ) GLOBAL_UNIT_ASSIGNED_CONTEXT ( ( #1466, #3632, #1787 ) ) REPRESENTATION_CONTEXT ( 'NONE', 'WORKASPACE' ) );
#155 = EDGE_CURVE ( 'NONE', #2022, #2160, #3871, .T. ) ;
#156 = DIRECTION ( 'NONE',  ( 1.000000000000000000, 0.0000000000000000000, 0.0000000000000000000 ) ) ;
#157 = CARTESIAN_POINT ( 'NONE',  ( 0.6829779942740057400, 0.4499999999999999000, 0.7333333333333335000 ) ) ;
#158 = EDGE_LOOP ( 'NONE', ( #2890, #926, #532, #3849 ) ) ;
#159 = CARTESIAN_POINT ( 'NONE',  ( 0.7999999999999997100, 0.1999999999999999800, -0.8399999999999998600 ) ) ;
#160 =( GEOMETRIC_REPRESENTATION_CONTEXT ( 3 ) GLOBAL_UNCERTAINTY_ASSIGNED_CONTEXT ( ( #2282 ) ) GLOBAL_UNIT_ASSIGNED_CONTEXT ( ( #569, #588, #615 ) ) REPRESENTATION_CONTEXT ( 'NONE', 'WORKASPACE' ) );
#161 = ORIENTED_EDGE ( 'NONE', *, *, #208, .T. ) ;
#162 = DIRECTION ( 'NONE',  ( 0.0000000000000000000, -1.000000000000000000, 0.0000000000000000000 ) ) ;
#163 = CARTESIAN_POINT ( 'NONE',  ( -0.2250000000000000300, 0.0000000000000000000, 0.9249999999999999300 ) ) ;
#164 = CIRCLE ( 'NONE', #1979, 0.02499999999999995600 ) ;
#165 = ADVANCED_FACE ( 'NONE', ( #1415 ), #1475, .T. ) ;
#166 = VECTOR ( 'NONE', #1856, 1000.000000000000100 ) ;
#167 = CARTESIAN_POINT ( 'NONE',  ( 0.8000000000000004900, 0.4000000000000001900, 0.9999999999999997800 ) ) ;
#168 = CYLINDRICAL_SURFACE ( 'NONE', #24, 0.02499999999999995600 ) ;
#169 = VECTOR ( 'NONE', #3087, 1000.000000000000000 ) ;
#170 = DIRECTION ( 'NONE',  ( 1.000000000000000000, 0.0000000000000000000, -3.049318610115479700E-016 ) ) ;
#171 = EDGE_CURVE ( 'NONE', #2948, #3441, #3080, .T. ) ;
#172 = VERTEX_POINT ( 'NONE', #379 ) ;
#173 = DIRECTION ( 'NONE',  ( 0.0000000000000000000, 0.0000000000000000000, -1.000000000000000000 ) ) ;
#174 = CARTESIAN_POINT ( 'NONE',  ( -0.8000000000000004900, 0.2000000000000000900, -0.9999999999999997800 ) ) ;
#175 = CARTESIAN_POINT ( 'NONE',  ( -0.5333333333333337700, 2.612060605191053300, 0.8400000000000003000 ) ) ;
#176 = VERTEX_POINT ( 'NONE', #2923 ) ;
#177 = ORIENTED_EDGE ( 'NONE', *, *, #1741, .T. ) ;
#178 = ORIENTED_EDGE ( 'NONE', *, *, #122, .F. ) ;
#179 = EDGE_CURVE ( 'NONE', #3457, #1742, #2149, .T. ) ;
#180 = ORIENTED_EDGE ( 'NONE', *, *, #706, .T. ) ;
#181 = EDGE_LOOP ( 'NONE', ( #2819, #1549, #3866, #2972 ) ) ;
#182 = CARTESIAN_POINT ( 'NONE',  ( 0.8000000000000004900, 1.086707392548410500, 0.9999999999999997800 ) ) ;
#183 = ORIENTED_EDGE ( 'NONE', *, *, #150, .T. ) ;
#184 = ORIENTED_EDGE ( 'NONE', *, *, #2186, .T. ) ;
#185 = ADVANCED_FACE ( 'NONE', ( #466 ), #49, .T. ) ;
#186 = AXIS2_PLACEMENT_3D ( 'NONE', #3689, #572, #2798 ) ;
#187 = AXIS2_PLACEMENT_3D ( 'NONE', #3168, #1255, #1564 ) ;
#188 = ORIENTED_EDGE ( 'NONE', *, *, #3523, .F. ) ;
#189 = DIRECTION ( 'NONE',  ( 1.000000000000000000, 0.0000000000000000000, -0.0000000000000000000 ) ) ;
#190 = ORIENTED_EDGE ( 'NONE', *, *, #2140, .F. ) ;
#191 = DIRECTION ( 'NONE',  ( 1.000000000000000000, 0.0000000000000000000, -0.0000000000000000000 ) ) ;
#192 = CARTESIAN_POINT ( 'NONE',  ( 0.2250000000000000300, 1.086707392548410500, -0.9249999999999999300 ) ) ;
#193 = DIRECTION ( 'NONE',  ( 0.0000000000000000000, -1.000000000000000000, 0.0000000000000000000 ) ) ;
#194 = CARTESIAN_POINT ( 'NONE',  ( -0.8000000000000004900, 0.2000000000000000900, 1.000000000000000200 ) ) ;
#195 = ORIENTED_EDGE ( 'NONE', *, *, #3669, .T. ) ;
#196 = AXIS2_PLACEMENT_3D ( 'NONE', #2308, #2335, #445 ) ;
#197 = CIRCLE ( 'NONE', #1635, 0.1066666666666663700 ) ;
#198 = LINE ( 'NONE', #3224, #3952 ) ;
#199 = DIRECTION ( 'NONE',  ( 0.0000000000000000000, -1.000000000000000000, 0.0000000000000000000 ) ) ;
#200 = VECTOR ( 'NONE', #3585, 1000.000000000000000 ) ;
#201 = CARTESIAN_POINT ( 'NONE',  ( -0.2250000000000000300, 1.086707392548410500, -0.9249999999999999300 ) ) ;
#202 = VECTOR ( 'NONE', #2215, 1000.000000000000000 ) ;
#203 = ORIENTED_EDGE ( 'NONE', *, *, #1058, .T. ) ;
#204 = ORIENTED_EDGE ( 'NONE', *, *, #1278, .T. ) ;
#205 = CARTESIAN_POINT ( 'NONE',  ( -0.7249999999999999800, 0.1999999999999999800, 0.7772894254867990200 ) ) ;
#206 = DIRECTION ( 'NONE',  ( -0.0000000000000000000, 0.0000000000000000000, -1.000000000000000000 ) ) ;
#207 = ORIENTED_EDGE ( 'NONE', *, *, #3993, .T. ) ;
#208 = EDGE_CURVE ( 'NONE', #1565, #2076, #3781, .T. ) ;
#209 = CARTESIAN_POINT ( 'NONE',  ( -0.8000000000000004900, 0.1999999999999999800, -0.9999999999999997800 ) ) ;
#210 = MANIFOLD_SOLID_BREP ( 'Boss-Extrude5', #1136 ) ;
#211 = CARTESIAN_POINT ( 'NONE',  ( 0.6683333333333332200, 0.4499999999999999600, 4.940512172348717900E-017 ) ) ;
#212 = ADVANCED_FACE ( 'NONE', ( #2061 ), #764, .T. ) ;
#213 = VECTOR ( 'NONE', #2908, 1000.000000000000000 ) ;
#214 = DIRECTION ( 'NONE',  ( 0.0000000000000000000, 1.000000000000000000, 0.0000000000000000000 ) ) ;
#215 = AXIS2_PLACEMENT_3D ( 'NONE', #3725, #199, #2098 ) ;
#216 = ORIENTED_EDGE ( 'NONE', *, *, #946, .T. ) ;
#217 = DIRECTION ( 'NONE',  ( -1.478457507934779100E-016, 0.0000000000000000000, -1.000000000000000000 ) ) ;
#218 = CARTESIAN_POINT ( 'NONE',  ( -0.4950000000000004400, 0.5000000000000000000, -0.7449999999999994400 ) ) ;
#219 = FACE_OUTER_BOUND ( 'NONE', #1763, .T. ) ;
#220 = CARTESIAN_POINT ( 'NONE',  ( 0.0000000000000000000, 0.1999999999999999800, -0.3250000000000000700 ) ) ;
#221 = FACE_OUTER_BOUND ( 'NONE', #3506, .T. ) ;
#222 = AXIS2_PLACEMENT_3D ( 'NONE', #3113, #825, #1052 ) ;
#223 = FACE_OUTER_BOUND ( 'NONE', #626, .T. ) ;
#224 = CARTESIAN_POINT ( 'NONE',  ( 0.8000000000000004900, 1.086707392548410500, 0.9999999999999997800 ) ) ;
#225 = LINE ( 'NONE', #3728, #854 ) ;
#226 = VECTOR ( 'NONE', #3208, 1000.000000000000000 ) ;
#227 = DIRECTION ( 'NONE',  ( 7.392287539673894400E-017, 0.0000000000000000000, -1.000000000000000000 ) ) ;
#228 = DIRECTION ( 'NONE',  ( 0.0000000000000000000, 0.0000000000000000000, 1.000000000000000000 ) ) ;
#229 = VECTOR ( 'NONE', #477, 1000.000000000000000 ) ;
#230 = EDGE_LOOP ( 'NONE', ( #3845, #2997, #27, #2897, #47, #2870, #3070, #250 ) ) ;
#231 = EDGE_CURVE ( 'NONE', #3665, #413, #907, .T. ) ;
#232 = EDGE_LOOP ( 'NONE', ( #3767, #1334, #2170, #3154 ) ) ;
#233 = CARTESIAN_POINT ( 'NONE',  ( -0.8000000000000004900, 0.0000000000000000000, 0.9999999999999997800 ) ) ;
#234 = DIRECTION ( 'NONE',  ( -1.000000000000000000, 0.0000000000000000000, 1.478457507934779100E-016 ) ) ;
#235 = EDGE_LOOP ( 'NONE', ( #2481, #2157, #820, #1575, #965, #657, #2788, #3251 ) ) ;
#236 = VERTEX_POINT ( 'NONE', #1056 ) ;
#237 = DIRECTION ( 'NONE',  ( 0.0000000000000000000, 0.0000000000000000000, -1.000000000000000000 ) ) ;
#238 = EDGE_CURVE ( 'NONE', #1456, #2372, #2500, .T. ) ;
#239 = DIRECTION ( 'NONE',  ( 0.0000000000000000000, 0.0000000000000000000, -1.000000000000000000 ) ) ;
#240 = ORIENTED_EDGE ( 'NONE', *, *, #3643, .T. ) ;
#241 = AXIS2_PLACEMENT_3D ( 'NONE', #3102, #1215, #3413 ) ;
#242 = LINE ( 'NONE', #1434, #339 ) ;
#243 = CARTESIAN_POINT ( 'NONE',  ( 0.6683333333333330000, 0.4250000000000000400, -0.7333333333333330600 ) ) ;
#244 = VERTEX_POINT ( 'NONE', #3561 ) ;
#245 = VECTOR ( 'NONE', #3085, 1000.000000000000000 ) ;
#246 = DIRECTION ( 'NONE',  ( -6.776263578034394800E-016, 0.0000000000000000000, -1.000000000000000000 ) ) ;
#247 = CARTESIAN_POINT ( 'NONE',  ( 0.6331251805316202600, 0.3999999999999999100, -0.9036886723926607100 ) ) ;
#248 = LINE ( 'NONE', #1339, #3496 ) ;
#249 = DIRECTION ( 'NONE',  ( 1.000000000000000000, -0.0000000000000000000, 0.0000000000000000000 ) ) ;
#250 = ORIENTED_EDGE ( 'NONE', *, *, #2432, .F. ) ;
#251 = DIRECTION ( 'NONE',  ( 1.000000000000000000, 0.0000000000000000000, 0.0000000000000000000 ) ) ;
#252 = PRODUCT_CONTEXT ( 'NONE', #2781, 'mechanical' ) ;
#253 = ORIENTED_EDGE ( 'NONE', *, *, #521, .F. ) ;
#254 = CARTESIAN_POINT ( 'NONE',  ( 0.8000000000000004900, 0.1999999999999999800, 0.9999999999999997800 ) ) ;
#255 = EDGE_CURVE ( 'NONE', #786, #601, #3333, .T. ) ;
#256 = DIRECTION ( 'NONE',  ( 0.0000000000000000000, -0.0000000000000000000, 1.000000000000000000 ) ) ;
#257 = ORIENTED_EDGE ( 'NONE', *, *, #1332, .F. ) ;
#258 = EDGE_CURVE ( 'NONE', #128, #2467, #61, .T. ) ;
#259 = DIRECTION ( 'NONE',  ( 0.0000000000000000000, 0.0000000000000000000, -1.000000000000000000 ) ) ;
#260 = CARTESIAN_POINT ( 'NONE',  ( 0.8000000000000004900, 0.1999999999999999800, -0.9999999999999997800 ) ) ;
#261 = AXIS2_PLACEMENT_3D ( 'NONE', #2261, #2017, #683 ) ;
#262 = COLOUR_RGB ( '',0.7921568627450980000, 0.8196078431372548800, 0.9333333333333333500 ) ;
#263 = CARTESIAN_POINT ( 'NONE',  ( -0.5333333333333337700, 0.4500000000000000700, 0.8829779942740063600 ) ) ;
#264 = CIRCLE ( 'NONE', #1667, 0.04500000000000001200 ) ;
#265 = VECTOR ( 'NONE', #1308, 1000.000000000000000 ) ;
#266 = DIRECTION ( 'NONE',  ( -7.228014483236698300E-015, 0.0000000000000000000, -1.000000000000000000 ) ) ;
#267 = CIRCLE ( 'NONE', #2033, 0.2350000000000000700 ) ;
#268 = CARTESIAN_POINT ( 'NONE',  ( 0.0000000000000000000, 0.0000000000000000000, -0.3250000000000000700 ) ) ;
#269 = DIRECTION ( 'NONE',  ( -0.0000000000000000000, 0.0000000000000000000, 1.000000000000000000 ) ) ;
#270 = FACE_OUTER_BOUND ( 'NONE', #3672, .T. ) ;
#271 = CARTESIAN_POINT ( 'NONE',  ( -0.7249999999999999800, 0.0000000000000000000, 0.0000000000000000000 ) ) ;
#272 = EDGE_LOOP ( 'NONE', ( #109, #653, #382, #1095 ) ) ;
#273 = ORIENTED_EDGE ( 'NONE', *, *, #3937, .T. ) ;
#274 = DIRECTION ( 'NONE',  ( 0.0000000000000000000, -0.0000000000000000000, 1.000000000000000000 ) ) ;
#275 = UNCERTAINTY_MEASURE_WITH_UNIT (LENGTH_MEASURE( 1.000000000000000100E-005 ), #3399, 'distance_accuracy_value', 'NONE');
#276 = VERTEX_POINT ( 'NONE', #1730 ) ;
#277 = ORIENTED_EDGE ( 'NONE', *, *, #3280, .T. ) ;
#278 = CARTESIAN_POINT ( 'NONE',  ( -0.2250000000000000300, 0.0000000000000000000, 0.9249999999999999300 ) ) ;
#279 =( NAMED_UNIT ( * ) SI_UNIT ( $, .STERADIAN. ) SOLID_ANGLE_UNIT ( ) );
#280 = EDGE_CURVE ( 'NONE', #2200, #2380, #808, .T. ) ;
#281 = ORIENTED_EDGE ( 'NONE', *, *, #3335, .F. ) ;
#282 = PLANE ( 'NONE',  #3771 ) ;
#283 = CARTESIAN_POINT ( 'NONE',  ( -0.5950000000000005300, 0.4550000000000000200, 8.796822172211938700E-017 ) ) ;
#284 = DIRECTION ( 'NONE',  ( 0.0000000000000000000, -1.000000000000000000, 0.0000000000000000000 ) ) ;
#285 = EDGE_CURVE ( 'NONE', #4025, #3327, #3233, .T. ) ;
#286 = DIRECTION ( 'NONE',  ( -0.0000000000000000000, -1.000000000000000000, -0.0000000000000000000 ) ) ;
#287 = CARTESIAN_POINT ( 'NONE',  ( 0.0000000000000000000, 0.1999999999999999800, 0.0000000000000000000 ) ) ;
#288 = FACE_OUTER_BOUND ( 'NONE', #2056, .T. ) ;
#289 = CARTESIAN_POINT ( 'NONE',  ( -0.8000000000000004900, 0.4000000000000001900, 0.9999999999999997800 ) ) ;
#290 = CARTESIAN_POINT ( 'NONE',  ( -0.6933333333333335800, 0.4103553390593274700, 0.8270591633536382700 ) ) ;
#291 = CIRCLE ( 'NONE', #415, 0.1600000000000000900 ) ;
#292 = LINE ( 'NONE', #2144, #1998 ) ;
#293 = VERTEX_POINT ( 'NONE', #121 ) ;
#294 = CARTESIAN_POINT ( 'NONE',  ( 0.2250000000000000600, 0.0000000000000000000, -0.3250000000000000700 ) ) ;
#295 = ORIENTED_EDGE ( 'NONE', *, *, #783, .F. ) ;
#296 = CARTESIAN_POINT ( 'NONE',  ( -0.6270591633536386500, 0.4250000000000001000, -0.8933333333333328700 ) ) ;
#297 = CARTESIAN_POINT ( 'NONE',  ( 0.5949999999999994200, 0.5000000000000000000, -0.7333333333333330600 ) ) ;
#298 = CARTESIAN_POINT ( 'NONE',  ( -0.7183333333333338200, 0.4250000000000000400, -0.7333333333333329500 ) ) ;
#299 = VERTEX_POINT ( 'NONE', #3869 ) ;
#300 = VECTOR ( 'NONE', #2397, 1000.000000000000000 ) ;
#301 = CARTESIAN_POINT ( 'NONE',  ( -0.5333333333333339900, 0.4250000000000000400, -0.7333333333333328400 ) ) ;
#302 = EDGE_CURVE ( 'NONE', #344, #3173, #2394, .T. ) ;
#303 = DIRECTION ( 'NONE',  ( 0.0000000000000000000, -1.000000000000000000, 0.0000000000000000000 ) ) ;
#304 = ORIENTED_EDGE ( 'NONE', *, *, #3598, .T. ) ;
#305 = DIRECTION ( 'NONE',  ( 1.478457507934778600E-016, -0.0000000000000000000, 1.000000000000000000 ) ) ;
#306 = FACE_OUTER_BOUND ( 'NONE', #823, .T. ) ;
#307 = CARTESIAN_POINT ( 'NONE',  ( -0.7249999999999999800, 1.086707392548410500, 0.3250000000000000700 ) ) ;
#308 = ORIENTED_EDGE ( 'NONE', *, *, #3091, .T. ) ;
#309 = EDGE_CURVE ( 'NONE', #1630, #714, #1771, .T. ) ;
#310 = CARTESIAN_POINT ( 'NONE',  ( 0.5333333333333329900, 2.612060605191053300, -0.7333333333333331700 ) ) ;
#311 = VECTOR ( 'NONE', #1538, 1000.000000000000000 ) ;
#312 = FACE_OUTER_BOUND ( 'NONE', #892, .T. ) ;
#313 = VECTOR ( 'NONE', #2362, 1000.000000000000000 ) ;
#314 = AXIS2_PLACEMENT_3D ( 'NONE', #576, #2404, #1224 ) ;
#315 = FACE_OUTER_BOUND ( 'NONE', #1839, .T. ) ;
#316 = DIRECTION ( 'NONE',  ( 0.0000000000000000000, 0.0000000000000000000, -1.000000000000000000 ) ) ;
#317 = CARTESIAN_POINT ( 'NONE',  ( 0.8000000000000004900, 1.086707392548410500, -0.9999999999999997800 ) ) ;
#318 = DIRECTION ( 'NONE',  ( 1.000000000000000000, 0.0000000000000000000, 0.0000000000000000000 ) ) ;
#319 = ORIENTED_EDGE ( 'NONE', *, *, #3867, .F. ) ;
#320 = VERTEX_POINT ( 'NONE', #1154 ) ;
#321 = DIRECTION ( 'NONE',  ( 0.0000000000000000000, 0.0000000000000000000, -1.000000000000000000 ) ) ;
#322 = DIRECTION ( 'NONE',  ( 0.0000000000000000000, 0.0000000000000000000, 1.000000000000000000 ) ) ;
#323 = VERTEX_POINT ( 'NONE', #1796 ) ;
#324 = CARTESIAN_POINT ( 'NONE',  ( 0.5333333333333329900, 0.4550000000000001300, -0.7333333333333331700 ) ) ;
#325 = CARTESIAN_POINT ( 'NONE',  ( 0.6400000000000003500, 0.2000000000000000400, 1.000000000000000200 ) ) ;
#326 = ORIENTED_EDGE ( 'NONE', *, *, #573, .F. ) ;
#327 = SURFACE_SIDE_STYLE ('',( #664 ) ) ;
#328 = EDGE_LOOP ( 'NONE', ( #2918, #1084, #1114, #1877 ) ) ;
#329 = ORIENTED_EDGE ( 'NONE', *, *, #231, .T. ) ;
#330 = EDGE_CURVE ( 'NONE', #75, #1243, #719, .T. ) ;
#331 = DIRECTION ( 'NONE',  ( -1.000000000000000000, 0.0000000000000000000, 2.409338161078898000E-015 ) ) ;
#332 = ORIENTED_EDGE ( 'NONE', *, *, #3193, .F. ) ;
#333 = FILL_AREA_STYLE ('',( #51 ) ) ;
#334 = PLANE ( 'NONE',  #3367 ) ;
#335 = EDGE_CURVE ( 'NONE', #3935, #244, #3140, .T. ) ;
#336 = CARTESIAN_POINT ( 'NONE',  ( -0.6400000000000001200, 0.4550000000000001300, 0.7958172200135371600 ) ) ;
#337 = ORIENTED_EDGE ( 'NONE', *, *, #1109, .F. ) ;
#338 = DIRECTION ( 'NONE',  ( 1.000000000000000000, 0.0000000000000000000, -0.0000000000000000000 ) ) ;
#339 = VECTOR ( 'NONE', #3603, 1000.000000000000000 ) ;
#340 = SURFACE_STYLE_USAGE ( .BOTH. , #2229 ) ;
#341 = VECTOR ( 'NONE', #3002, 1000.000000000000000 ) ;
#342 = CARTESIAN_POINT ( 'NONE',  ( -0.7249999999999999800, 1.086707392548410500, 0.3250000000000000700 ) ) ;
#343 = AXIS2_PLACEMENT_3D ( 'NONE', #310, #3745, #638 ) ;
#344 = VERTEX_POINT ( 'NONE', #294 ) ;
#345 = AXIS2_PLACEMENT_3D ( 'NONE', #2473, #2817, #2832 ) ;
#346 = FACE_OUTER_BOUND ( 'NONE', #349, .T. ) ;
#347 = VECTOR ( 'NONE', #2449, 1000.000000000000000 ) ;
#348 = ORIENTED_EDGE ( 'NONE', *, *, #1602, .F. ) ;
#349 = EDGE_LOOP ( 'NONE', ( #2029, #2765, #3920, #3393, #1237, #3796, #3844, #582, #48 ) ) ;
#350 = CARTESIAN_POINT ( 'NONE',  ( 0.7999999999999997100, 0.2000000000000000400, 0.8399999999999998600 ) ) ;
#351 = CARTESIAN_POINT ( 'NONE',  ( 0.8000000000000004900, 1.086707392548410500, 0.9999999999999997800 ) ) ;
#352 = ORIENTED_EDGE ( 'NONE', *, *, #309, .F. ) ;
#353 = CARTESIAN_POINT ( 'NONE',  ( 0.7183333333333330500, 0.4000000000000000800, -0.7333333333333330600 ) ) ;
#354 = ORIENTED_EDGE ( 'NONE', *, *, #1363, .F. ) ;
#355 = CARTESIAN_POINT ( 'NONE',  ( -0.4950000000000004400, 0.5000000000000000000, -0.6449999999999994600 ) ) ;
#356 = ADVANCED_FACE ( 'NONE', ( #3043 ), #282, .T. ) ;
#357 = CARTESIAN_POINT ( 'NONE',  ( -0.5772894254867996200, 0.0000000000000000000, 0.9249999999999999300 ) ) ;
#358 = ORIENTED_EDGE ( 'NONE', *, *, #1545, .F. ) ;
#359 = DIRECTION ( 'NONE',  ( 0.0000000000000000000, 0.0000000000000000000, 1.000000000000000000 ) ) ;
#360 = EDGE_CURVE ( 'NONE', #3223, #1537, #2189, .T. ) ;
#361 = ADVANCED_FACE ( 'NONE', ( #3739 ), #2106, .T. ) ;
#362 = VECTOR ( 'NONE', #1162, 1000.000000000000000 ) ;
#363 = DIRECTION ( 'NONE',  ( 1.836970198721029700E-016, -0.0000000000000000000, -1.000000000000000000 ) ) ;
#364 = VECTOR ( 'NONE', #930, 1000.000000000000000 ) ;
#365 = PRESENTATION_STYLE_ASSIGNMENT (( #3236 ) ) ;
#366 = AXIS2_PLACEMENT_3D ( 'NONE', #1158, #3358, #1481 ) ;
#367 = CARTESIAN_POINT ( 'NONE',  ( 0.8000000000000004900, 0.0000000000000000000, -0.9999999999999997800 ) ) ;
#368 = EDGE_CURVE ( 'NONE', #1358, #3957, #2957, .T. ) ;
#369 = CARTESIAN_POINT ( 'NONE',  ( 0.7249999999999999800, 0.0000000000000000000, -0.3250000000000000100 ) ) ;
#370 = LINE ( 'NONE', #1491, #1965 ) ;
#371 = DIRECTION ( 'NONE',  ( -0.0000000000000000000, -1.000000000000000000, 0.0000000000000000000 ) ) ;
#372 = CARTESIAN_POINT ( 'NONE',  ( 0.7249999999999999800, 0.1999999999999999800, -0.3250000000000000700 ) ) ;
#373 = VECTOR ( 'NONE', #1519, 1000.000000000000000 ) ;
#374 = EDGE_LOOP ( 'NONE', ( #1161, #2355, #3322, #3010 ) ) ;
#375 = DIRECTION ( 'NONE',  ( 1.000000000000000000, 0.0000000000000000000, -0.0000000000000000000 ) ) ;
#376 = AXIS2_PLACEMENT_3D ( 'NONE', #3590, #1093, #2989 ) ;
#377 = AXIS2_PLACEMENT_3D ( 'NONE', #1518, #1534, #1547 ) ;
#378 = ADVANCED_FACE ( 'NONE', ( #1375 ), #589, .F. ) ;
#379 = CARTESIAN_POINT ( 'NONE',  ( 0.6399999999999993500, 0.4499999999999999600, 0.7333333333333336100 ) ) ;
#380 = ORIENTED_EDGE ( 'NONE', *, *, #2734, .F. ) ;
#381 = SURFACE_SIDE_STYLE ('',( #2346 ) ) ;
#382 = ORIENTED_EDGE ( 'NONE', *, *, #3381, .T. ) ;
#383 = CARTESIAN_POINT ( 'NONE',  ( 0.7999999999999998200, 0.0000000000000000000, 0.7649999999999995700 ) ) ;
#384 = ORIENTED_EDGE ( 'NONE', *, *, #3943, .T. ) ;
#385 = DIRECTION ( 'NONE',  ( 0.0000000000000000000, -1.000000000000000000, 0.0000000000000000000 ) ) ;
#386 = CARTESIAN_POINT ( 'NONE',  ( 0.6400000000000002400, 0.1999999999999999800, -1.000000000000000200 ) ) ;
#387 = UNCERTAINTY_MEASURE_WITH_UNIT (LENGTH_MEASURE( 1.000000000000000100E-005 ), #1229, 'distance_accuracy_value', 'NONE');
#388 = DIRECTION ( 'NONE',  ( 1.000000000000000000, 0.0000000000000000000, -0.0000000000000000000 ) ) ;
#389 = DIRECTION ( 'NONE',  ( 0.0000000000000000000, -1.000000000000000000, -0.0000000000000000000 ) ) ;
#390 = EDGE_CURVE ( 'NONE', #1177, #2536, #509, .T. ) ;
#391 = DIRECTION ( 'NONE',  ( -0.0000000000000000000, -1.000000000000000000, -0.0000000000000000000 ) ) ;
#392 = DIRECTION ( 'NONE',  ( 5.782411586589358800E-015, 0.0000000000000000000, -1.000000000000000000 ) ) ;
#393 = VERTEX_POINT ( 'NONE', #861 ) ;
#394 = CARTESIAN_POINT ( 'NONE',  ( -0.7999999999999997100, 1.086707392548410500, 0.8399999999999998600 ) ) ;
#395 = ORIENTED_EDGE ( 'NONE', *, *, #790, .T. ) ;
#396 = CARTESIAN_POINT ( 'NONE',  ( 0.5333333333333328800, 0.4550000000000001300, 0.8400000000000000800 ) ) ;
#397 = EDGE_CURVE ( 'NONE', #82, #637, #2854, .T. ) ;
#398 = DIRECTION ( 'NONE',  ( -0.0000000000000000000, -1.000000000000000000, -0.0000000000000000000 ) ) ;
#399 = LINE ( 'NONE', #2965, #2836 ) ;
#400 = CARTESIAN_POINT ( 'NONE',  ( -0.2250000000000000300, 0.0000000000000000000, -0.9249999999999999300 ) ) ;
#401 = ADVANCED_FACE ( 'NONE', ( #3647 ), #3559, .T. ) ;
#402 = CARTESIAN_POINT ( 'NONE',  ( -0.8000000000000004900, 0.4000000000000001900, 0.8399999999999998600 ) ) ;
#403 = VECTOR ( 'NONE', #1993, 1000.000000000000000 ) ;
#404 = DIRECTION ( 'NONE',  ( -0.0000000000000000000, -1.000000000000000000, 0.0000000000000000000 ) ) ;
#405 = DIRECTION ( 'NONE',  ( 0.0000000000000000000, -0.0000000000000000000, -1.000000000000000000 ) ) ;
#406 = VECTOR ( 'NONE', #1650, 1000.000000000000000 ) ;
#407 = AXIS2_PLACEMENT_3D ( 'NONE', #3417, #2815, #901 ) ;
#408 = AXIS2_PLACEMENT_3D ( 'NONE', #4015, #4031, #3608 ) ;
#409 = ORIENTED_EDGE ( 'NONE', *, *, #3128, .T. ) ;
#410 = DIRECTION ( 'NONE',  ( 0.0000000000000000000, 0.0000000000000000000, -1.000000000000000000 ) ) ;
#411 = CARTESIAN_POINT ( 'NONE',  ( 0.7999999999999997100, 0.2000000000000000900, 1.000000000000000200 ) ) ;
#412 = CARTESIAN_POINT ( 'NONE',  ( -0.5950000000000006400, 0.5000000000000001100, -0.7333333333333327300 ) ) ;
#413 = VERTEX_POINT ( 'NONE', #2207 ) ;
#414 = CARTESIAN_POINT ( 'NONE',  ( 0.0000000000000000000, 0.0000000000000000000, 0.3250000000000000700 ) ) ;
#415 = AXIS2_PLACEMENT_3D ( 'NONE', #1113, #3319, #1440 ) ;
#416 = ORIENTED_EDGE ( 'NONE', *, *, #2487, .T. ) ;
#417 = CARTESIAN_POINT ( 'NONE',  ( 0.0000000000000000000, 0.4500000000000000700, -0.8399999999999996400 ) ) ;
#418 = DIRECTION ( 'NONE',  ( 0.0000000000000000000, 0.0000000000000000000, -1.000000000000000000 ) ) ;
#419 = ORIENTED_EDGE ( 'NONE', *, *, #3552, .F. ) ;
#420 = FACE_OUTER_BOUND ( 'NONE', #181, .T. ) ;
#421 = FACE_OUTER_BOUND ( 'NONE', #520, .T. ) ;
#422 = CARTESIAN_POINT ( 'NONE',  ( 0.6124145024129652400, 0.4500000000000000100, -0.8683333333333334000 ) ) ;
#423 = ADVANCED_FACE ( 'NONE', ( #1168 ), #1905, .F. ) ;
#424 = FACE_OUTER_BOUND ( 'NONE', #62, .T. ) ;
#425 = EDGE_CURVE ( 'NONE', #2160, #2022, #2748, .T. ) ;
#426 = DIRECTION ( 'NONE',  ( -1.000000000000000000, -0.0000000000000000000, -0.0000000000000000000 ) ) ;
#427 = VECTOR ( 'NONE', #4000, 1000.000000000000000 ) ;
#428 = DIRECTION ( 'NONE',  ( -5.997714145664493300E-015, 0.0000000000000000000, -1.000000000000000000 ) ) ;
#429 = VECTOR ( 'NONE', #1306, 1000.000000000000000 ) ;
#430 = CARTESIAN_POINT ( 'NONE',  ( 0.6399999999999993500, 0.4550000000000000200, 0.7958172200135365000 ) ) ;
#431 = DIRECTION ( 'NONE',  ( 0.0000000000000000000, 1.000000000000000000, 0.0000000000000000000 ) ) ;
#432 = EDGE_LOOP ( 'NONE', ( #1981, #463, #971, #1329 ) ) ;
#433 = ORIENTED_EDGE ( 'NONE', *, *, #1222, .T. ) ;
#434 = PLANE ( 'NONE',  #137 ) ;
#435 = CARTESIAN_POINT ( 'NONE',  ( 0.5333333333333328800, 0.4250000000000000400, -0.8933333333333333100 ) ) ;
#436 = ORIENTED_EDGE ( 'NONE', *, *, #1311, .F. ) ;
#437 = DIRECTION ( 'NONE',  ( 0.0000000000000000000, 1.000000000000000000, 0.0000000000000000000 ) ) ;
#438 = ORIENTED_EDGE ( 'NONE', *, *, #2874, .F. ) ;
#439 = DIRECTION ( 'NONE',  ( 0.0000000000000000000, 1.000000000000000000, 0.0000000000000000000 ) ) ;
#440 = DIRECTION ( 'NONE',  ( -1.845450506358304000E-015, 0.0000000000000000000, -1.000000000000000000 ) ) ;
#441 = ADVANCED_FACE ( 'NONE', ( #421 ), #2403, .T. ) ;
#442 = ORIENTED_EDGE ( 'NONE', *, *, #3201, .F. ) ;
#443 = FACE_OUTER_BOUND ( 'NONE', #1633, .T. ) ;
#444 = EDGE_CURVE ( 'NONE', #1483, #2249, #1063, .T. ) ;
#445 = DIRECTION ( 'NONE',  ( 0.0000000000000000000, -0.0000000000000000000, 1.000000000000000000 ) ) ;
#446 = DIRECTION ( 'NONE',  ( -0.0000000000000000000, 1.000000000000000000, -0.0000000000000000000 ) ) ;
#447 = EDGE_LOOP ( 'NONE', ( #3194, #3858, #3158, #3109 ) ) ;
#448 = VECTOR ( 'NONE', #3646, 1000.000000000000000 ) ;
#449 = FACE_OUTER_BOUND ( 'NONE', #3480, .T. ) ;
#450 = VERTEX_POINT ( 'NONE', #2772 ) ;
#451 = EDGE_CURVE ( 'NONE', #2364, #1347, #2646, .T. ) ;
#452 = DIRECTION ( 'NONE',  ( -0.0000000000000000000, 0.0000000000000000000, -1.000000000000000000 ) ) ;
#453 = CARTESIAN_POINT ( 'NONE',  ( 0.6270591633536378700, 0.4103553390593274700, 0.8933333333333337600 ) ) ;
#454 = ORIENTED_EDGE ( 'NONE', *, *, #4008, .T. ) ;
#455 = EDGE_LOOP ( 'NONE', ( #2435, #2742, #1740, #705 ) ) ;
#456 = DIRECTION ( 'NONE',  ( 0.0000000000000000000, 0.0000000000000000000, 1.000000000000000000 ) ) ;
#457 = AXIS2_PLACEMENT_3D ( 'NONE', #1969, #54, #2267 ) ;
#458 = AXIS2_PLACEMENT_3D ( 'NONE', #1956, #1864, #1900 ) ;
#459 = CARTESIAN_POINT ( 'NONE',  ( 0.6124145024129653600, 0.4500000000000000100, 0.8683333333333339600 ) ) ;
#460 = ADVANCED_FACE ( 'NONE', ( #221 ), #2419, .F. ) ;
#461 = ORIENTED_EDGE ( 'NONE', *, *, #1622, .T. ) ;
#462 = UNCERTAINTY_MEASURE_WITH_UNIT (LENGTH_MEASURE( 1.000000000000000100E-005 ), #1466, 'distance_accuracy_value', 'NONE');
#463 = ORIENTED_EDGE ( 'NONE', *, *, #997, .F. ) ;
#464 = VECTOR ( 'NONE', #3215, 1000.000000000000000 ) ;
#465 = EDGE_CURVE ( 'NONE', #536, #1587, #3465, .T. ) ;
#466 = FACE_OUTER_BOUND ( 'NONE', #522, .T. ) ;
#467 = VECTOR ( 'NONE', #514, 1000.000000000000000 ) ;
#468 = EDGE_CURVE ( 'NONE', #2732, #450, #1393, .T. ) ;
#469 = DIRECTION ( 'NONE',  ( 0.0000000000000000000, 0.0000000000000000000, 1.000000000000000000 ) ) ;
#470 = LINE ( 'NONE', #2153, #3699 ) ;
#471 = DIRECTION ( 'NONE',  ( -0.0000000000000000000, -1.000000000000000000, 0.0000000000000000000 ) ) ;
#472 = ORIENTED_EDGE ( 'NONE', *, *, #360, .T. ) ;
#473 = CARTESIAN_POINT ( 'NONE',  ( 0.6270591633536376500, 0.4396446609406723900, 0.8933333333333335300 ) ) ;
#474 = ADVANCED_FACE ( 'NONE', ( #112 ), #3617, .T. ) ;
#475 = AXIS2_PLACEMENT_3D ( 'NONE', #3580, #2345, #456 ) ;
#476 = AXIS2_PLACEMENT_3D ( 'NONE', #2947, #2893, #2231 ) ;
#477 = DIRECTION ( 'NONE',  ( 1.011922027653137700E-014, -0.0000000000000000000, 1.000000000000000000 ) ) ;
#478 = ORIENTED_EDGE ( 'NONE', *, *, #2924, .F. ) ;
#479 = EDGE_LOOP ( 'NONE', ( #3254, #1110, #640, #1875 ) ) ;
#480 = DIRECTION ( 'NONE',  ( -4.743384504624079500E-015, 0.0000000000000000000, -1.000000000000000000 ) ) ;
#481 = EDGE_LOOP ( 'NONE', ( #204, #1365, #3936, #842 ) ) ;
#482 = DIRECTION ( 'NONE',  ( -0.0000000000000000000, 1.000000000000000000, -0.0000000000000000000 ) ) ;
#483 = CARTESIAN_POINT ( 'NONE',  ( 0.8000000000000004900, 0.0000000000000000000, 0.9999999999999997800 ) ) ;
#484 = ORIENTED_EDGE ( 'NONE', *, *, #3449, .F. ) ;
#485 = ORIENTED_EDGE ( 'NONE', *, *, #2791, .F. ) ;
#486 = DIRECTION ( 'NONE',  ( -0.0000000000000000000, -1.000000000000000000, 0.0000000000000000000 ) ) ;
#487 = LINE ( 'NONE', #3489, #3447 ) ;
#488 = CARTESIAN_POINT ( 'NONE',  ( 0.2250000000000000300, 0.1999999999999999800, 0.9249999999999999300 ) ) ;
#489 = LINE ( 'NONE', #1665, #3718 ) ;
#490 = CARTESIAN_POINT ( 'NONE',  ( 0.7249999999999999800, 1.086707392548410500, -0.7772894254867989100 ) ) ;
#491 = EDGE_CURVE ( 'NONE', #1903, #2722, #953, .T. ) ;
#492 = DIRECTION ( 'NONE',  ( -1.000000000000000000, 0.0000000000000000000, -0.0000000000000000000 ) ) ;
#493 = VECTOR ( 'NONE', #976, 1000.000000000000000 ) ;
#494 = ADVANCED_FACE ( 'NONE', ( #2545 ), #2141, .T. ) ;
#495 = VERTEX_POINT ( 'NONE', #2114 ) ;
#496 = CARTESIAN_POINT ( 'NONE',  ( 0.7249999999999999800, 0.0000000000000000000, -0.7772894254867989100 ) ) ;
#497 = EDGE_CURVE ( 'NONE', #3855, #3524, #851, .T. ) ;
#498 = CARTESIAN_POINT ( 'NONE',  ( -0.8000000000000004900, 0.0000000000000000000, 0.9999999999999997800 ) ) ;
#499 = ORIENTED_EDGE ( 'NONE', *, *, #598, .F. ) ;
#500 = CARTESIAN_POINT ( 'NONE',  ( -0.6417038242943111600, 0.4000000000000000800, 0.9183333333333335600 ) ) ;
#501 = AXIS2_PLACEMENT_3D ( 'NONE', #3077, #3982, #2148 ) ;
#502 = AXIS2_PLACEMENT_3D ( 'NONE', #20, #249, #259 ) ;
#503 = DIRECTION ( 'NONE',  ( -5.782411586589358800E-015, 0.0000000000000000000, -1.000000000000000000 ) ) ;
#504 = ORIENTED_EDGE ( 'NONE', *, *, #100, .F. ) ;
#505 = CARTESIAN_POINT ( 'NONE',  ( 0.2250000000000000600, 1.086707392548410500, -0.3250000000000000700 ) ) ;
#506 = FACE_OUTER_BOUND ( 'NONE', #2049, .T. ) ;
#507 = VERTEX_POINT ( 'NONE', #2728 ) ;
#508 = CYLINDRICAL_SURFACE ( 'NONE', #3535, 0.2350000000000000700 ) ;
#509 = LINE ( 'NONE', #1223, #2290 ) ;
#510 = ORIENTED_EDGE ( 'NONE', *, *, #2565, .F. ) ;
#511 = CARTESIAN_POINT ( 'NONE',  ( -0.4950000000000004400, 0.4800000000000000900, -0.7449999999999994400 ) ) ;
#512 = FACE_OUTER_BOUND ( 'NONE', #3334, .T. ) ;
#513 = DIRECTION ( 'NONE',  ( 0.0000000000000000000, 0.0000000000000000000, 1.000000000000000000 ) ) ;
#514 = DIRECTION ( 'NONE',  ( 0.0000000000000000000, -0.0000000000000000000, 1.000000000000000000 ) ) ;
#515 = VECTOR ( 'NONE', #3987, 1000.000000000000000 ) ;
#516 = ORIENTED_EDGE ( 'NONE', *, *, #1595, .F. ) ;
#517 = ADVANCED_FACE ( 'NONE', ( #8 ), #3345, .T. ) ;
#518 = EDGE_CURVE ( 'NONE', #2051, #2666, #1617, .T. ) ;
#519 = ORIENTED_EDGE ( 'NONE', *, *, #1419, .T. ) ;
#520 = EDGE_LOOP ( 'NONE', ( #1757, #1785, #2780, #1941 ) ) ;
#521 = EDGE_CURVE ( 'NONE', #3173, #1456, #2445, .T. ) ;
#522 = EDGE_LOOP ( 'NONE', ( #2508, #2009, #3371, #2182 ) ) ;
#523 = VERTEX_POINT ( 'NONE', #1462 ) ;
#524 = DIRECTION ( 'NONE',  ( 0.0000000000000000000, 1.000000000000000000, 0.0000000000000000000 ) ) ;
#525 = ORIENTED_EDGE ( 'NONE', *, *, #763, .F. ) ;
#526 = CARTESIAN_POINT ( 'NONE',  ( 0.5333333333333329900, 0.4000000000000000800, -0.9183333333333333300 ) ) ;
#527 = AXIS2_PLACEMENT_3D ( 'NONE', #260, #2480, #583 ) ;
#528 = DIRECTION ( 'NONE',  ( 0.0000000000000000000, 0.0000000000000000000, -1.000000000000000000 ) ) ;
#529 = CARTESIAN_POINT ( 'NONE',  ( -0.7249999999999999800, 0.0000000000000000000, -0.3250000000000000700 ) ) ;
#530 = CARTESIAN_POINT ( 'NONE',  ( 0.5772894254867995100, 1.086707392548410500, 0.9249999999999998200 ) ) ;
#531 = PLANE ( 'NONE',  #1915 ) ;
#532 = ORIENTED_EDGE ( 'NONE', *, *, #2289, .T. ) ;
#533 = CIRCLE ( 'NONE', #3696, 0.1599999999999999800 ) ;
#534 = DIRECTION ( 'NONE',  ( 0.0000000000000000000, 0.0000000000000000000, 1.000000000000000000 ) ) ;
#535 = LINE ( 'NONE', #3834, #1503 ) ;
#536 = VERTEX_POINT ( 'NONE', #2488 ) ;
#537 = CARTESIAN_POINT ( 'NONE',  ( 0.0000000000000000000, 0.1999999999999999800, 0.0000000000000000000 ) ) ;
#538 = EDGE_CURVE ( 'NONE', #871, #1638, #1727, .T. ) ;
#539 = CYLINDRICAL_SURFACE ( 'NONE', #3655, 0.02499999999999995600 ) ;
#540 = SURFACE_STYLE_USAGE ( .BOTH. , #381 ) ;
#541 = ORIENTED_EDGE ( 'NONE', *, *, #2406, .F. ) ;
#542 = PLANE ( 'NONE',  #3229 ) ;
#543 = CARTESIAN_POINT ( 'NONE',  ( -0.8000000000000004900, 1.086707392548410500, 0.9999999999999997800 ) ) ;
#544 = VERTEX_POINT ( 'NONE', #3715 ) ;
#545 = EDGE_CURVE ( 'NONE', #2577, #2712, #2341, .T. ) ;
#546 = DIRECTION ( 'NONE',  ( 0.0000000000000000000, 1.000000000000000000, 0.0000000000000000000 ) ) ;
#547 = ORIENTED_EDGE ( 'NONE', *, *, #171, .F. ) ;
#548 = CARTESIAN_POINT ( 'NONE',  ( 0.2250000000000000300, 1.086707392548410500, 0.3250000000000000700 ) ) ;
#549 = VECTOR ( 'NONE', #810, 1000.000000000000000 ) ;
#550 = CARTESIAN_POINT ( 'NONE',  ( -0.7183333333333337100, 0.4250000000000000400, 0.7333333333333336100 ) ) ;
#551 = STYLED_ITEM ( 'NONE', ( #2933 ), #2778 ) ;
#552 = AXIS2_PLACEMENT_3D ( 'NONE', #1280, #1238, #1437 ) ;
#553 = ORIENTED_EDGE ( 'NONE', *, *, #2289, .F. ) ;
#554 = DIRECTION ( 'NONE',  ( 1.000000000000000000, 0.0000000000000000000, 0.0000000000000000000 ) ) ;
#555 = CIRCLE ( 'NONE', #476, 0.1066666666666665900 ) ;
#556 = AXIS2_PLACEMENT_3D ( 'NONE', #1359, #1387, #2319 ) ;
#557 = DIRECTION ( 'NONE',  ( 0.0000000000000000000, -1.000000000000000000, 0.0000000000000000000 ) ) ;
#558 = DIRECTION ( 'NONE',  ( -3.690901012716611200E-015, 0.0000000000000000000, -1.000000000000000000 ) ) ;
#559 = CARTESIAN_POINT ( 'NONE',  ( 0.6933333333333331300, 0.4103553390593273600, -0.7333333333333328400 ) ) ;
#560 = VECTOR ( 'NONE', #698, 1000.000000000000000 ) ;
#561 = PLANE ( 'NONE',  #929 ) ;
#562 = CYLINDRICAL_SURFACE ( 'NONE', #2032, 0.1600000000000002000 ) ;
#563 = DIRECTION ( 'NONE',  ( -5.536351519074914500E-015, 0.0000000000000000000, -1.000000000000000000 ) ) ;
#564 = SURFACE_STYLE_FILL_AREA ( #2809 ) ;
#565 = APPLICATION_PROTOCOL_DEFINITION ( 'draft international standard', 'automotive_design', 1998, #2470 ) ;
#566 = DIRECTION ( 'NONE',  ( 0.0000000000000000000, 1.000000000000000000, 0.0000000000000000000 ) ) ;
#567 = VECTOR ( 'NONE', #3377, 1000.000000000000000 ) ;
#568 = EDGE_LOOP ( 'NONE', ( #1515, #3591, #2987, #2866, #1751, #2255, #3022, #2309, #2807 ) ) ;
#569 =( LENGTH_UNIT ( ) NAMED_UNIT ( * ) SI_UNIT ( .MILLI., .METRE. ) );
#570 = VERTEX_POINT ( 'NONE', #2864 ) ;
#571 = EDGE_CURVE ( 'NONE', #507, #3148, #22, .T. ) ;
#572 = DIRECTION ( 'NONE',  ( 0.0000000000000000000, -1.000000000000000000, 0.0000000000000000000 ) ) ;
#573 = EDGE_CURVE ( 'NONE', #2678, #3878, #3181, .T. ) ;
#574 = ORIENTED_EDGE ( 'NONE', *, *, #1497, .T. ) ;
#575 = ORIENTED_EDGE ( 'NONE', *, *, #3075, .F. ) ;
#576 = CARTESIAN_POINT ( 'NONE',  ( 8.080694316806024000E-017, 0.4550000000000000200, 0.7950000000000000400 ) ) ;
#577 = DIRECTION ( 'NONE',  ( -1.000000000000000000, -0.0000000000000000000, 0.0000000000000000000 ) ) ;
#578 = CARTESIAN_POINT ( 'NONE',  ( 0.2250000000000000600, 0.0000000000000000000, -0.9249999999999999300 ) ) ;
#579 = VERTEX_POINT ( 'NONE', #3136 ) ;
#580 = EDGE_LOOP ( 'NONE', ( #867, #1583, #15, #3978, #2991, #992, #2824, #3160 ) ) ;
#581 = EDGE_CURVE ( 'NONE', #1251, #1456, #2236, .T. ) ;
#582 = ORIENTED_EDGE ( 'NONE', *, *, #497, .F. ) ;
#583 = DIRECTION ( 'NONE',  ( 0.0000000000000000000, 0.0000000000000000000, -1.000000000000000000 ) ) ;
#584 = CARTESIAN_POINT ( 'NONE',  ( -0.6829779942740064100, 0.4499999999999999600, 0.8209931461756562200 ) ) ;
#585 =( BOUNDED_CURVE ( )  B_SPLINE_CURVE ( 3, ( #717, #1032, #3830, #1999 ),
 .UNSPECIFIED., .F., .F. ) 
 B_SPLINE_CURVE_WITH_KNOTS ( ( 4, 4 ),
 ( 0.0000000000000000000, 1.000000000000000000 ),
 .UNSPECIFIED. ) 
 CURVE ( )  GEOMETRIC_REPRESENTATION_ITEM ( )  RATIONAL_B_SPLINE_CURVE ( ( 1.000000000000000000, 0.8047378541243649400, 0.8047378541243649400, 1.000000000000000000 ) ) 
 REPRESENTATION_ITEM ( '' )  );
#586 = AXIS2_PLACEMENT_3D ( 'NONE', #1104, #3599, #1755 ) ;
#587 = ORIENTED_EDGE ( 'NONE', *, *, #2019, .T. ) ;
#588 =( NAMED_UNIT ( * ) PLANE_ANGLE_UNIT ( ) SI_UNIT ( $, .RADIAN. ) );
#589 = PLANE ( 'NONE',  #552 ) ;
#590 = FACE_OUTER_BOUND ( 'NONE', #2123, .T. ) ;
#591 = DIRECTION ( 'NONE',  ( 0.0000000000000000000, 0.0000000000000000000, 1.000000000000000000 ) ) ;
#592 = CYLINDRICAL_SURFACE ( 'NONE', #3974, 0.1066666666666664800 ) ;
#593 = VECTOR ( 'NONE', #1360, 1000.000000000000000 ) ;
#594 = LINE ( 'NONE', #693, #1455 ) ;
#595 = ORIENTED_EDGE ( 'NONE', *, *, #1362, .F. ) ;
#596 = PLANE ( 'NONE',  #1146 ) ;
#597 = ORIENTED_EDGE ( 'NONE', *, *, #966, .F. ) ;
#598 = EDGE_CURVE ( 'NONE', #3903, #1191, #3088, .T. ) ;
#599 = CARTESIAN_POINT ( 'NONE',  ( -0.7183333333333337100, 0.4000000000000000800, 0.8417038242943109000 ) ) ;
#600 = DIRECTION ( 'NONE',  ( 1.000000000000000000, 0.0000000000000000000, -0.0000000000000000000 ) ) ;
#601 = VERTEX_POINT ( 'NONE', #1397 ) ;
#602 = CARTESIAN_POINT ( 'NONE',  ( 0.7249999999999999800, 0.0000000000000000000, 0.7772894254867989100 ) ) ;
#603 = EDGE_CURVE ( 'NONE', #1850, #82, #555, .T. ) ;
#604 = EDGE_CURVE ( 'NONE', #2093, #2577, #1312, .T. ) ;
#605 = CARTESIAN_POINT ( 'NONE',  ( -0.7183333333333337100, 0.4000000000000000200, -0.8417038242943101200 ) ) ;
#606 = CARTESIAN_POINT ( 'NONE',  ( 0.2250000000000000300, 1.086707392548410500, -0.3250000000000000700 ) ) ;
#607 = DIRECTION ( 'NONE',  ( 1.000000000000000000, 0.0000000000000000000, -2.891205793294679400E-015 ) ) ;
#608 = VERTEX_POINT ( 'NONE', #3228 ) ;
#609 = CARTESIAN_POINT ( 'NONE',  ( -0.8000000000000004900, 0.1999999999999999800, 0.9999999999999997800 ) ) ;
#610 = CIRCLE ( 'NONE', #4020, 0.1600000000000000900 ) ;
#611 = PRESENTATION_LAYER_ASSIGNMENT (  '', '', ( #3824 ) ) ;
#612 = AXIS2_PLACEMENT_3D ( 'NONE', #3838, #2932, #1928 ) ;
#613 = FACE_OUTER_BOUND ( 'NONE', #3216, .T. ) ;
#614 = VECTOR ( 'NONE', #782, 1000.000000000000000 ) ;
#615 =( NAMED_UNIT ( * ) SI_UNIT ( $, .STERADIAN. ) SOLID_ANGLE_UNIT ( ) );
#616 = LINE ( 'NONE', #1012, #3836 ) ;
#617 = CARTESIAN_POINT ( 'NONE',  ( -0.5333333333333335500, 0.4103553390593274200, 0.8933333333333335300 ) ) ;
#618 = CYLINDRICAL_SURFACE ( 'NONE', #1318, 0.1066666666666663700 ) ;
#619 = AXIS2_PLACEMENT_3D ( 'NONE', #761, #1728, #3296 ) ;
#620 = DIRECTION ( 'NONE',  ( 0.0000000000000000000, 0.0000000000000000000, 1.000000000000000000 ) ) ;
#621 = CARTESIAN_POINT ( 'NONE',  ( -0.6933333333333340200, 0.4250000000000000400, -0.7333333333333329500 ) ) ;
#622 = LINE ( 'NONE', #3461, #3931 ) ;
#623 = ORIENTED_EDGE ( 'NONE', *, *, #335, .T. ) ;
#624 = CARTESIAN_POINT ( 'NONE',  ( 0.8000000000000004900, 0.1999999999999999800, 0.9999999999999997800 ) ) ;
#625 = VERTEX_POINT ( 'NONE', #3492 ) ;
#626 = EDGE_LOOP ( 'NONE', ( #510, #3243, #1953, #3998, #1876, #778, #148, #4033 ) ) ;
#627 = VERTEX_POINT ( 'NONE', #2729 ) ;
#628 = DIRECTION ( 'NONE',  ( 1.000000000000000000, 0.0000000000000000000, -0.0000000000000000000 ) ) ;
#629 = ORIENTED_EDGE ( 'NONE', *, *, #1866, .T. ) ;
#630 = ORIENTED_EDGE ( 'NONE', *, *, #3023, .T. ) ;
#631 = EDGE_CURVE ( 'NONE', #1803, #413, #3883, .T. ) ;
#632 = ORIENTED_EDGE ( 'NONE', *, *, #1717, .T. ) ;
#633 = CARTESIAN_POINT ( 'NONE',  ( 0.5333333333333329900, 0.4550000000000000200, -0.7949999999999996000 ) ) ;
#634 = EDGE_CURVE ( 'NONE', #3906, #1251, #1320, .T. ) ;
#635 = DIRECTION ( 'NONE',  ( -1.000000000000000000, 0.0000000000000000000, 3.049318610115479700E-016 ) ) ;
#636 = DIRECTION ( 'NONE',  ( -0.0000000000000000000, 1.000000000000000000, -0.0000000000000000000 ) ) ;
#637 = VERTEX_POINT ( 'NONE', #1712 ) ;
#638 = DIRECTION ( 'NONE',  ( 0.0000000000000000000, 0.0000000000000000000, -1.000000000000000000 ) ) ;
#639 = DIRECTION ( 'NONE',  ( -1.000000000000000000, 0.0000000000000000000, 0.0000000000000000000 ) ) ;
#640 = ORIENTED_EDGE ( 'NONE', *, *, #815, .T. ) ;
#641 = AXIS2_PLACEMENT_3D ( 'NONE', #3420, #1552, #3705 ) ;
#642 = MANIFOLD_SOLID_BREP ( 'Split1[1]', #1235 ) ;
#643 = ORIENTED_EDGE ( 'NONE', *, *, #4034, .T. ) ;
#644 = LINE ( 'NONE', #1369, #1704 ) ;
#645 = VECTOR ( 'NONE', #3820, 1000.000000000000000 ) ;
#646 = AXIS2_PLACEMENT_3D ( 'NONE', #209, #482, #680 ) ;
#647 = CARTESIAN_POINT ( 'NONE',  ( -0.5694568303203257900, 0.5000000000000001100, 0.7950000000000001500 ) ) ;
#648 = LINE ( 'NONE', #3794, #3865 ) ;
#649 = DIRECTION ( 'NONE',  ( 1.000000000000000000, 0.0000000000000000000, 0.0000000000000000000 ) ) ;
#650 = ORIENTED_EDGE ( 'NONE', *, *, #2999, .T. ) ;
#651 = DIRECTION ( 'NONE',  ( 0.0000000000000000000, 0.0000000000000000000, -1.000000000000000000 ) ) ;
#652 = CARTESIAN_POINT ( 'NONE',  ( 0.7183333333333330500, 0.4000000000000000800, 0.8417038242943107900 ) ) ;
#653 = ORIENTED_EDGE ( 'NONE', *, *, #90, .T. ) ;
#654 = LINE ( 'NONE', #775, #549 ) ;
#655 = EDGE_CURVE ( 'NONE', #1929, #1191, #164, .T. ) ;
#656 = DIRECTION ( 'NONE',  ( -0.0000000000000000000, -1.000000000000000000, -0.0000000000000000000 ) ) ;
#657 = ORIENTED_EDGE ( 'NONE', *, *, #573, .T. ) ;
#658 = CARTESIAN_POINT ( 'NONE',  ( 0.2250000000000000300, 1.086707392548410500, -0.9249999999999999300 ) ) ;
#659 = CARTESIAN_POINT ( 'NONE',  ( -0.5333333333333336600, 0.4550000000000001300, 0.8400000000000001900 ) ) ;
#660 = DIRECTION ( 'NONE',  ( 0.0000000000000000000, -1.000000000000000000, 0.0000000000000000000 ) ) ;
#661 = EDGE_CURVE ( 'NONE', #6, #1483, #2903, .T. ) ;
#662 = EDGE_CURVE ( 'NONE', #1243, #32, #3690, .T. ) ;
#663 =( NAMED_UNIT ( * ) PLANE_ANGLE_UNIT ( ) SI_UNIT ( $, .RADIAN. ) );
#664 = SURFACE_STYLE_FILL_AREA ( #1356 ) ;
#665 = DIRECTION ( 'NONE',  ( 0.0000000000000000000, 0.0000000000000000000, 1.000000000000000000 ) ) ;
#666 = CARTESIAN_POINT ( 'NONE',  ( 0.8000000000000004900, 0.0000000000000000000, -0.9249999999999999300 ) ) ;
#667 = DIRECTION ( 'NONE',  ( -1.478457507934778600E-016, 0.0000000000000000000, -1.000000000000000000 ) ) ;
#668 = CYLINDRICAL_SURFACE ( 'NONE', #1666, 0.2350000000000001800 ) ;
#669 = PRESENTATION_STYLE_ASSIGNMENT (( #540 ) ) ;
#670 = AXIS2_PLACEMENT_3D ( 'NONE', #2696, #2674, #2656 ) ;
#671 = ADVANCED_FACE ( 'NONE', ( #58 ), #1946, .F. ) ;
#672 = DIRECTION ( 'NONE',  ( 1.478457507934779100E-016, 0.0000000000000000000, 1.000000000000000000 ) ) ;
#673 = LINE ( 'NONE', #3071, #3888 ) ;
#674 = CARTESIAN_POINT ( 'NONE',  ( -0.5950000000000002000, 0.5000000000000001100, 0.7694568303203260800 ) ) ;
#675 = CARTESIAN_POINT ( 'NONE',  ( -0.6400000000000002400, 1.086707392548410500, -1.000000000000000200 ) ) ;
#676 = VECTOR ( 'NONE', #3951, 1000.000000000000000 ) ;
#677 = ORIENTED_EDGE ( 'NONE', *, *, #1327, .T. ) ;
#678 = CARTESIAN_POINT ( 'NONE',  ( 0.5333333333333329900, 0.5000000000000000000, -0.7949999999999996000 ) ) ;
#679 = CARTESIAN_POINT ( 'NONE',  ( -0.5333333333333337700, 0.5000000000000000000, 0.7950000000000001500 ) ) ;
#680 = DIRECTION ( 'NONE',  ( 2.768175759537456100E-015, 0.0000000000000000000, -1.000000000000000000 ) ) ;
#681 = ORIENTED_EDGE ( 'NONE', *, *, #3644, .F. ) ;
#682 = CLOSED_SHELL ( 'NONE', ( #2409, #2943, #2368, #2028, #2621, #692, #1907, #494, #771, #185, #2598 ) ) ;
#683 = DIRECTION ( 'NONE',  ( 0.0000000000000000000, 0.0000000000000000000, 1.000000000000000000 ) ) ;
#684 = ADVANCED_FACE ( 'NONE', ( #2590 ), #1000, .F. ) ;
#685 = EDGE_CURVE ( 'NONE', #601, #3712, #2497, .T. ) ;
#686 = ORIENTED_EDGE ( 'NONE', *, *, #2899, .F. ) ;
#687 = CARTESIAN_POINT ( 'NONE',  ( -0.2250000000000000300, 0.0000000000000000000, 0.5250000000000015800 ) ) ;
#688 = DIRECTION ( 'NONE',  ( 0.0000000000000000000, 0.0000000000000000000, -1.000000000000000000 ) ) ;
#689 = EDGE_CURVE ( 'NONE', #1828, #344, #3329, .T. ) ;
#690 = ORIENTED_EDGE ( 'NONE', *, *, #736, .T. ) ;
#691 = DIRECTION ( 'NONE',  ( 0.0000000000000000000, 0.0000000000000000000, -1.000000000000000000 ) ) ;
#692 = ADVANCED_FACE ( 'NONE', ( #1670 ), #3569, .T. ) ;
#693 = CARTESIAN_POINT ( 'NONE',  ( -0.7249999999999999800, 1.086707392548410500, 0.3250000000000000700 ) ) ;
#694 = CARTESIAN_POINT ( 'NONE',  ( 0.5949999999999995300, 0.5000000000000001100, -0.7694568303203254100 ) ) ;
#695 = STYLED_ITEM ( 'NONE', ( #2058 ), #642 ) ;
#696 = LINE ( 'NONE', #3464, #3907 ) ;
#697 = VECTOR ( 'NONE', #2950, 1000.000000000000000 ) ;
#698 = DIRECTION ( 'NONE',  ( -0.0000000000000000000, -1.000000000000000000, -0.0000000000000000000 ) ) ;
#699 = DIRECTION ( 'NONE',  ( 0.0000000000000000000, -0.0000000000000000000, 1.000000000000000000 ) ) ;
#700 = LINE ( 'NONE', #271, #3912 ) ;
#701 = CARTESIAN_POINT ( 'NONE',  ( -0.8000000000000004900, 0.4000000000000001900, 0.9183333333333335600 ) ) ;
#702 = ORIENTED_EDGE ( 'NONE', *, *, #3744, .T. ) ;
#703 = CARTESIAN_POINT ( 'NONE',  ( -0.5650000000000003900, 0.0000000000000000000, -0.9999999999999997800 ) ) ;
#704 = ORIENTED_EDGE ( 'NONE', *, *, #3891, .T. ) ;
#705 = ORIENTED_EDGE ( 'NONE', *, *, #538, .F. ) ;
#706 = EDGE_CURVE ( 'NONE', #625, #2785, #902, .T. ) ;
#707 = DIRECTION ( 'NONE',  ( -1.000000000000000000, -0.0000000000000000000, 0.0000000000000000000 ) ) ;
#708 = DIRECTION ( 'NONE',  ( -0.0000000000000000000, -1.000000000000000000, 0.0000000000000000000 ) ) ;
#709 = CARTESIAN_POINT ( 'NONE',  ( -0.5772894254867994000, 1.086707392548410500, -0.9249999999999999300 ) ) ;
#710 = VERTEX_POINT ( 'NONE', #3357 ) ;
#711 = DIRECTION ( 'NONE',  ( 0.0000000000000000000, 0.0000000000000000000, -1.000000000000000000 ) ) ;
#712 = ADVANCED_FACE ( 'NONE', ( #3227 ), #3155, .F. ) ;
#713 = CARTESIAN_POINT ( 'NONE',  ( -0.5333333333333341000, 0.5000000000000001100, -0.7949999999999994800 ) ) ;
#714 = VERTEX_POINT ( 'NONE', #2523 ) ;
#715 = EDGE_CURVE ( 'NONE', #3894, #2977, #1566, .T. ) ;
#716 = LINE ( 'NONE', #3481, #4006 ) ;
#717 = CARTESIAN_POINT ( 'NONE',  ( 0.5949999999999994200, 0.5000000000000000000, 0.7333333333333336100 ) ) ;
#718 = FACE_OUTER_BOUND ( 'NONE', #1637, .T. ) ;
#719 = LINE ( 'NONE', #1182, #1472 ) ;
#720 = CARTESIAN_POINT ( 'NONE',  ( 0.7999999999999997100, 2.961249694973139900, 1.000000000000000200 ) ) ;
#721 = DIRECTION ( 'NONE',  ( 0.0000000000000000000, -0.0000000000000000000, 1.000000000000000000 ) ) ;
#722 = CIRCLE ( 'NONE', #1317, 0.1066666666666663700 ) ;
#723 = ORIENTED_EDGE ( 'NONE', *, *, #368, .F. ) ;
#724 = FACE_OUTER_BOUND ( 'NONE', #3306, .T. ) ;
#725 = CARTESIAN_POINT ( 'NONE',  ( -0.4249999999999994300, 1.086707392548410500, 0.3250000000000000700 ) ) ;
#726 = ORIENTED_EDGE ( 'NONE', *, *, #231, .F. ) ;
#727 = CARTESIAN_POINT ( 'NONE',  ( 0.7999999999999997100, 0.0000000000000000000, -0.7649999999999995700 ) ) ;
#728 = PRODUCT_DEFINITION ( 'UNKNOWN', '', #928, #3711 ) ;
#729 = CARTESIAN_POINT ( 'NONE',  ( -0.5848983890931694900, 0.5000000000000000000, -0.8213603896932101200 ) ) ;
#730 = EDGE_LOOP ( 'NONE', ( #3013, #184, #1782, #1610 ) ) ;
#731 = VERTEX_POINT ( 'NONE', #3797 ) ;
#732 = VERTEX_POINT ( 'NONE', #1878 ) ;
#733 = ORIENTED_EDGE ( 'NONE', *, *, #1996, .F. ) ;
#734 = CARTESIAN_POINT ( 'NONE',  ( 0.5949999999999993100, 0.5000000000000001100, 0.7333333333333335000 ) ) ;
#735 = ADVANCED_FACE ( 'NONE', ( #2388 ), #1465, .F. ) ;
#736 = EDGE_CURVE ( 'NONE', #82, #544, #716, .T. ) ;
#737 = EDGE_CURVE ( 'NONE', #1948, #817, #2287, .T. ) ;
#738 = CARTESIAN_POINT ( 'NONE',  ( 0.6829779942740058500, 0.4500000000000001200, -0.7333333333333328400 ) ) ;
#739 = ORIENTED_EDGE ( 'NONE', *, *, #763, .T. ) ;
#740 = DIRECTION ( 'NONE',  ( 1.592659819528147500E-015, 0.0000000000000000000, 1.000000000000000000 ) ) ;
#741 = DIRECTION ( 'NONE',  ( 0.0000000000000000000, 1.000000000000000000, 0.0000000000000000000 ) ) ;
#742 = EDGE_CURVE ( 'NONE', #637, #1802, #3135, .T. ) ;
#743 = FACE_OUTER_BOUND ( 'NONE', #447, .T. ) ;
#744 = CARTESIAN_POINT ( 'NONE',  ( -0.7249999999999999800, 1.086707392548410500, 0.7772894254867990200 ) ) ;
#745 = LINE ( 'NONE', #1351, #645 ) ;
#746 = CIRCLE ( 'NONE', #366, 0.04500000000000001200 ) ;
#747 = LINE ( 'NONE', #3384, #2326 ) ;
#748 = DIRECTION ( 'NONE',  ( -4.743384504624079500E-015, 0.0000000000000000000, -1.000000000000000000 ) ) ;
#749 = STYLED_ITEM ( 'NONE', ( #3095 ), #936 ) ;
#750 = ORIENTED_EDGE ( 'NONE', *, *, #3744, .F. ) ;
#751 = ADVANCED_FACE ( 'NONE', ( #3040 ), #2591, .T. ) ;
#752 = CARTESIAN_POINT ( 'NONE',  ( -0.2250000000000000300, 0.1999999999999999800, 0.5250000000000015800 ) ) ;
#753 = ORIENTED_EDGE ( 'NONE', *, *, #1786, .T. ) ;
#754 = VECTOR ( 'NONE', #628, 1000.000000000000000 ) ;
#755 = CARTESIAN_POINT ( 'NONE',  ( 0.6417038242943103900, 0.4000000000000000800, 0.9183333333333337800 ) ) ;
#756 = VERTEX_POINT ( 'NONE', #2818 ) ;
#757 = PLANE ( 'NONE',  #475 ) ;
#758 = EDGE_CURVE ( 'NONE', #3752, #323, #610, .T. ) ;
#759 = DIRECTION ( 'NONE',  ( 1.836970198721029700E-016, -0.0000000000000000000, -1.000000000000000000 ) ) ;
#760 = DIRECTION ( 'NONE',  ( -0.0000000000000000000, -1.000000000000000000, -0.0000000000000000000 ) ) ;
#761 = CARTESIAN_POINT ( 'NONE',  ( -0.7999999999999997100, 1.086707392548410500, -0.8399999999999998600 ) ) ;
#762 = CYLINDRICAL_SURFACE ( 'NONE', #1233, 0.1600000000000000900 ) ;
#763 = EDGE_CURVE ( 'NONE', #2262, #3827, #3734, .T. ) ;
#764 =( BOUNDED_SURFACE ( )  B_SPLINE_SURFACE ( 3, 3, ( 
 ( #713, #3522, #2292, #412 ),
 ( #2622, #729, #2951, #1044 ),
 ( #3255, #1377, #3548, #1699 ),
 ( #3842, #2008, #94, #2310 ) ),
 .UNSPECIFIED., .F., .F., .F. ) 
 B_SPLINE_SURFACE_WITH_KNOTS ( ( 4, 4 ),
 ( 4, 4 ),
 ( 0.0000000000000000000, 1.000000000000000000 ),
 ( 0.0000000000000000000, 1.000000000000000000 ),
 .UNSPECIFIED. ) 
 GEOMETRIC_REPRESENTATION_ITEM ( )  RATIONAL_B_SPLINE_SURFACE ( (
 ( 1.000000000000000000, 0.8047378541243649400, 0.8047378541243649400, 1.000000000000000000),
 ( 0.8047378541243661600, 0.6476030138606886400, 0.6476030138606886400, 0.8047378541243661600),
 ( 0.8047378541243661600, 0.6476030138606886400, 0.6476030138606886400, 0.8047378541243661600),
 ( 1.000000000000000000, 0.8047378541243649400, 0.8047378541243649400, 1.000000000000000000) ) ) 
 REPRESENTATION_ITEM ( '' )  SURFACE ( )  );
#765 = CARTESIAN_POINT ( 'NONE',  ( -0.2250000000000000300, 0.1999999999999999800, -0.9249999999999999300 ) ) ;
#766 = CIRCLE ( 'NONE', #3416, 0.1600000000000000900 ) ;
#767 = DIRECTION ( 'NONE',  ( 0.0000000000000000000, 1.000000000000000000, 0.0000000000000000000 ) ) ;
#768 = CIRCLE ( 'NONE', #951, 0.2349999999999999600 ) ;
#769 = LINE ( 'NONE', #2334, #3973 ) ;
#770 = CARTESIAN_POINT ( 'NONE',  ( 0.6933333333333329100, 0.4103553390593274200, 0.7333333333333333900 ) ) ;
#771 = ADVANCED_FACE ( 'NONE', ( #506 ), #3394, .T. ) ;
#772 = AXIS2_PLACEMENT_3D ( 'NONE', #2533, #1282, #4 ) ;
#773 = VECTOR ( 'NONE', #2104, 1000.000000000000000 ) ;
#774 = ORIENTED_EDGE ( 'NONE', *, *, #1808, .F. ) ;
#775 = CARTESIAN_POINT ( 'NONE',  ( -0.5333333333333337700, 0.4250000000000000400, 0.8933333333333336500 ) ) ;
#776 = ORIENTED_EDGE ( 'NONE', *, *, #3530, .T. ) ;
#777 = ORIENTED_EDGE ( 'NONE', *, *, #1092, .T. ) ;
#778 = ORIENTED_EDGE ( 'NONE', *, *, #1602, .T. ) ;
#779 = ORIENTED_EDGE ( 'NONE', *, *, #179, .F. ) ;
#780 = CARTESIAN_POINT ( 'NONE',  ( 0.8000000000000004900, 1.086707392548410500, -0.9999999999999997800 ) ) ;
#781 = DIRECTION ( 'NONE',  ( 0.0000000000000000000, -0.0000000000000000000, 1.000000000000000000 ) ) ;
#782 = DIRECTION ( 'NONE',  ( -0.0000000000000000000, 0.0000000000000000000, 1.000000000000000000 ) ) ;
#783 = EDGE_CURVE ( 'NONE', #3918, #3788, #1371, .T. ) ;
#784 = CARTESIAN_POINT ( 'NONE',  ( -0.7249999999999999800, 0.1999999999999999800, 0.3250000000000000700 ) ) ;
#785 = ADVANCED_FACE ( 'NONE', ( #420 ), #1164, .T. ) ;
#786 = VERTEX_POINT ( 'NONE', #136 ) ;
#787 = FACE_OUTER_BOUND ( 'NONE', #3078, .T. ) ;
#788 = DIRECTION ( 'NONE',  ( 7.392287539673894400E-017, -0.0000000000000000000, -1.000000000000000000 ) ) ;
#789 = LINE ( 'NONE', #2801, #1654 ) ;
#790 = EDGE_CURVE ( 'NONE', #2722, #864, #1263, .T. ) ;
#791 = EDGE_CURVE ( 'NONE', #1251, #3051, #3645, .T. ) ;
#792 = CARTESIAN_POINT ( 'NONE',  ( 0.7249999999999999800, 0.1999999999999999800, -0.3250000000000000700 ) ) ;
#793 = CARTESIAN_POINT ( 'NONE',  ( 0.6933333333333329100, 0.4396446609406725000, 0.7333333333333335000 ) ) ;
#794 = ORIENTED_EDGE ( 'NONE', *, *, #3024, .F. ) ;
#795 = PLANE ( 'NONE',  #1555 ) ;
#796 = AXIS2_PLACEMENT_3D ( 'NONE', #1176, #3376, #1506 ) ;
#797 = CARTESIAN_POINT ( 'NONE',  ( -0.6209931461756568200, 0.4500000000000000100, -0.8829779942740052500 ) ) ;
#798 = DIRECTION ( 'NONE',  ( -3.690901012716608100E-015, 0.0000000000000000000, -1.000000000000000000 ) ) ;
#799 = ORIENTED_EDGE ( 'NONE', *, *, #908, .T. ) ;
#800 = ORIENTED_EDGE ( 'NONE', *, *, #1167, .F. ) ;
#801 = DIRECTION ( 'NONE',  ( 0.0000000000000000000, -1.000000000000000000, 0.0000000000000000000 ) ) ;
#802 = VECTOR ( 'NONE', #389, 1000.000000000000000 ) ;
#803 = PLANE ( 'NONE',  #2831 ) ;
#804 = ADVANCED_FACE ( 'NONE', ( #306 ), #1141, .T. ) ;
#805 = EDGE_CURVE ( 'NONE', #3105, #4025, #2744, .T. ) ;
#806 = LINE ( 'NONE', #981, #1471 ) ;
#807 = EDGE_CURVE ( 'NONE', #93, #1138, #3557, .T. ) ;
#808 = CIRCLE ( 'NONE', #2547, 0.1600000000000002000 ) ;
#809 = DIRECTION ( 'NONE',  ( 0.0000000000000000000, 0.0000000000000000000, -1.000000000000000000 ) ) ;
#810 = DIRECTION ( 'NONE',  ( 1.000000000000000000, 0.0000000000000000000, 0.0000000000000000000 ) ) ;
#811 = LINE ( 'NONE', #2580, #2396 ) ;
#812 = CARTESIAN_POINT ( 'NONE',  ( -0.2250000000000000300, 1.086707392548410500, -0.9249999999999999300 ) ) ;
#813 =( BOUNDED_CURVE ( )  B_SPLINE_CURVE ( 3, ( #1325, #1313, #1254, #1338 ),
 .UNSPECIFIED., .F., .F. ) 
 B_SPLINE_CURVE_WITH_KNOTS ( ( 4, 4 ),
 ( 0.0000000000000000000, 1.000000000000000000 ),
 .UNSPECIFIED. ) 
 CURVE ( )  GEOMETRIC_REPRESENTATION_ITEM ( )  RATIONAL_B_SPLINE_CURVE ( ( 1.000000000000000000, 0.8047378541243649400, 0.8047378541243649400, 1.000000000000000000 ) ) 
 REPRESENTATION_ITEM ( '' )  );
#814 = CIRCLE ( 'NONE', #670, 0.1600000000000002000 ) ;
#815 = EDGE_CURVE ( 'NONE', #3411, #817, #2010, .T. ) ;
#816 = DIRECTION ( 'NONE',  ( 1.000000000000000000, -6.505213034913037600E-015, 0.0000000000000000000 ) ) ;
#817 = VERTEX_POINT ( 'NONE', #1784 ) ;
#818 = DIRECTION ( 'NONE',  ( -5.536351519074914500E-015, 0.0000000000000000000, -1.000000000000000000 ) ) ;
#819 = ORIENTED_EDGE ( 'NONE', *, *, #2140, .T. ) ;
#820 = ORIENTED_EDGE ( 'NONE', *, *, #2651, .T. ) ;
#821 = MECHANICAL_DESIGN_GEOMETRIC_PRESENTATION_REPRESENTATION (  '', ( #3824 ), #1039 ) ;
#822 = ORIENTED_EDGE ( 'NONE', *, *, #3644, .T. ) ;
#823 = EDGE_LOOP ( 'NONE', ( #2511, #3612, #329, #847, #920, #240, #973, #3171, #3313, #3526 ) ) ;
#824 = SURFACE_STYLE_USAGE ( .BOTH. , #327 ) ;
#825 = DIRECTION ( 'NONE',  ( 5.782411586589366700E-015, -0.0000000000000000000, 1.000000000000000000 ) ) ;
#826 = CARTESIAN_POINT ( 'NONE',  ( 0.8000000000000004900, 1.086707392548410500, -0.9999999999999997800 ) ) ;
#827 = ORIENTED_EDGE ( 'NONE', *, *, #4003, .T. ) ;
#828 = ADVANCED_FACE ( 'NONE', ( #3462 ), #2676, .T. ) ;
#829 = PLANE ( 'NONE',  #2880 ) ;
#830 = VECTOR ( 'NONE', #1662, 1000.000000000000000 ) ;
#831 = VECTOR ( 'NONE', #2269, 1000.000000000000000 ) ;
#832 = EDGE_LOOP ( 'NONE', ( #31, #2683, #3753, #1340 ) ) ;
#833 = CARTESIAN_POINT ( 'NONE',  ( 0.2250000000000000300, 0.0000000000000000000, 0.0000000000000000000 ) ) ;
#834 = DIRECTION ( 'NONE',  ( 0.0000000000000000000, 1.000000000000000000, 0.0000000000000000000 ) ) ;
#835 = EDGE_CURVE ( 'NONE', #2062, #1894, #654, .T. ) ;
#836 = VECTOR ( 'NONE', #3330, 1000.000000000000000 ) ;
#837 = CARTESIAN_POINT ( 'NONE',  ( -0.2250000000000000300, 0.0000000000000000000, 0.5250000000000005800 ) ) ;
#838 = PLANE ( 'NONE',  #1286 ) ;
#839 = LINE ( 'NONE', #4014, #3766 ) ;
#840 = ORIENTED_EDGE ( 'NONE', *, *, #1332, .T. ) ;
#841 = AXIS2_PLACEMENT_3D ( 'NONE', #3802, #513, #1816 ) ;
#842 = ORIENTED_EDGE ( 'NONE', *, *, #2791, .T. ) ;
#843 = CARTESIAN_POINT ( 'NONE',  ( 0.5772894254867995100, 1.086707392548410500, 0.9249999999999998200 ) ) ;
#844 = CIRCLE ( 'NONE', #2412, 0.1599999999999999800 ) ;
#845 = DIRECTION ( 'NONE',  ( -0.0000000000000000000, 1.000000000000000000, -0.0000000000000000000 ) ) ;
#846 = AXIS2_PLACEMENT_3D ( 'NONE', #2167, #193, #405 ) ;
#847 = ORIENTED_EDGE ( 'NONE', *, *, #1330, .T. ) ;
#848 = ORIENTED_EDGE ( 'NONE', *, *, #2406, .T. ) ;
#849 = DIRECTION ( 'NONE',  ( 1.000000000000000000, 0.0000000000000000000, -0.0000000000000000000 ) ) ;
#850 = CARTESIAN_POINT ( 'NONE',  ( -0.5333333333333339900, 0.5000000000000000000, -0.7949999999999993700 ) ) ;
#851 = LINE ( 'NONE', #2128, #3288 ) ;
#852 = CARTESIAN_POINT ( 'NONE',  ( 0.6400000000000002400, 1.086707392548410500, -1.000000000000000200 ) ) ;
#853 = VECTOR ( 'NONE', #3911, 1000.000000000000000 ) ;
#854 = VECTOR ( 'NONE', #3220, 1000.000000000000000 ) ;
#855 = DIRECTION ( 'NONE',  ( 0.0000000000000000000, -1.000000000000000000, 0.0000000000000000000 ) ) ;
#856 = LINE ( 'NONE', #1986, #2451 ) ;
#857 = EDGE_CURVE ( 'NONE', #1390, #2516, #1904, .T. ) ;
#858 = DIRECTION ( 'NONE',  ( 0.0000000000000000000, 1.000000000000000000, 0.0000000000000000000 ) ) ;
#859 = EDGE_CURVE ( 'NONE', #2262, #1984, #3297, .T. ) ;
#860 = ORIENTED_EDGE ( 'NONE', *, *, #255, .F. ) ;
#861 = CARTESIAN_POINT ( 'NONE',  ( -0.6400000000000003500, 0.4000000000000001900, 1.000000000000000200 ) ) ;
#862 = CARTESIAN_POINT ( 'NONE',  ( 0.7249999999999999800, 0.0000000000000000000, 0.3250000000000000700 ) ) ;
#863 = VECTOR ( 'NONE', #2385, 1000.000000000000000 ) ;
#864 = VERTEX_POINT ( 'NONE', #2034 ) ;
#865 = EDGE_CURVE ( 'NONE', #1289, #2262, #769, .T. ) ;
#866 = DIRECTION ( 'NONE',  ( 0.0000000000000000000, -0.0000000000000000000, -1.000000000000000000 ) ) ;
#867 = ORIENTED_EDGE ( 'NONE', *, *, #451, .F. ) ;
#868 = ORIENTED_EDGE ( 'NONE', *, *, #2520, .T. ) ;
#869 = ORIENTED_EDGE ( 'NONE', *, *, #1173, .T. ) ;
#870 = FILL_AREA_STYLE ('',( #3673 ) ) ;
#871 = VERTEX_POINT ( 'NONE', #2718 ) ;
#872 = AXIS2_PLACEMENT_3D ( 'NONE', #2793, #3685, #881 ) ;
#873 = ORIENTED_EDGE ( 'NONE', *, *, #1759, .T. ) ;
#874 = EDGE_LOOP ( 'NONE', ( #2711, #1680, #3703, #848 ) ) ;
#875 = CARTESIAN_POINT ( 'NONE',  ( -0.8000000000000004900, 1.086707392548410500, -0.9999999999999997800 ) ) ;
#876 = ORIENTED_EDGE ( 'NONE', *, *, #3691, .T. ) ;
#877 = DIRECTION ( 'NONE',  ( -1.000000000000000000, 0.0000000000000000000, -0.0000000000000000000 ) ) ;
#878 = DIRECTION ( 'NONE',  ( 0.0000000000000000000, -0.0000000000000000000, 1.000000000000000000 ) ) ;
#879 = CARTESIAN_POINT ( 'NONE',  ( 0.5333333333333329900, 0.4500000000000000100, -0.8683333333333331800 ) ) ;
#880 = CARTESIAN_POINT ( 'NONE',  ( 0.6270591633536380900, 0.4103553390593273100, -0.8933333333333332000 ) ) ;
#881 = DIRECTION ( 'NONE',  ( 0.0000000000000000000, 0.0000000000000000000, -1.000000000000000000 ) ) ;
#882 = ORIENTED_EDGE ( 'NONE', *, *, #3623, .T. ) ;
#883 = PLANE ( 'NONE',  #2629 ) ;
#884 = LINE ( 'NONE', #905, #3992 ) ;
#885 = UNCERTAINTY_MEASURE_WITH_UNIT (LENGTH_MEASURE( 1.000000000000000100E-005 ), #4005, 'distance_accuracy_value', 'NONE');
#886 = EDGE_CURVE ( 'NONE', #3906, #3173, #2452, .T. ) ;
#887 = LINE ( 'NONE', #812, #2478 ) ;
#888 = VERTEX_POINT ( 'NONE', #2505 ) ;
#889 = EDGE_LOOP ( 'NONE', ( #2338, #352, #273, #40 ) ) ;
#890 = CARTESIAN_POINT ( 'NONE',  ( 0.7249999999999999800, 0.0000000000000000000, 0.0000000000000000000 ) ) ;
#891 = DIRECTION ( 'NONE',  ( 0.0000000000000000000, 0.0000000000000000000, -1.000000000000000000 ) ) ;
#892 = EDGE_LOOP ( 'NONE', ( #1203, #1789, #925, #1389 ) ) ;
#893 = EDGE_CURVE ( 'NONE', #2732, #1929, #673, .T. ) ;
#894 = ORIENTED_EDGE ( 'NONE', *, *, #3598, .F. ) ;
#895 = SURFACE_SIDE_STYLE ('',( #564 ) ) ;
#896 = AXIS2_PLACEMENT_3D ( 'NONE', #2672, #1423, #1097 ) ;
#897 = VERTEX_POINT ( 'NONE', #602 ) ;
#898 = DIRECTION ( 'NONE',  ( 0.0000000000000000000, -1.000000000000000000, 0.0000000000000000000 ) ) ;
#899 = ADVANCED_FACE ( 'NONE', ( #1625 ), #1427, .T. ) ;
#900 = ORIENTED_EDGE ( 'NONE', *, *, #7, .T. ) ;
#901 = DIRECTION ( 'NONE',  ( -1.000000000000000000, 0.0000000000000000000, 1.016439536705160300E-016 ) ) ;
#902 = CIRCLE ( 'NONE', #3435, 0.02499999999999995600 ) ;
#903 = ORIENTED_EDGE ( 'NONE', *, *, #1327, .F. ) ;
#904 = DIRECTION ( 'NONE',  ( 0.0000000000000000000, 1.000000000000000000, 0.0000000000000000000 ) ) ;
#905 = CARTESIAN_POINT ( 'NONE',  ( -0.2250000000000000300, 1.086707392548410500, 0.9249999999999998200 ) ) ;
#906 = LINE ( 'NONE', #1671, #2499 ) ;
#907 = LINE ( 'NONE', #2968, #2595 ) ;
#908 = EDGE_CURVE ( 'NONE', #3020, #2915, #3189, .T. ) ;
#909 = EDGE_LOOP ( 'NONE', ( #3795, #1611, #3682, #3751 ) ) ;
#910 = LINE ( 'NONE', #3196, #4016 ) ;
#911 = DIRECTION ( 'NONE',  ( -1.000000000000000000, 0.0000000000000000000, -1.224646799147353200E-016 ) ) ;
#912 = CYLINDRICAL_SURFACE ( 'NONE', #2882, 0.05000000000000002400 ) ;
#913 = DIRECTION ( 'NONE',  ( 0.0000000000000000000, -0.0000000000000000000, 1.000000000000000000 ) ) ;
#914 = EDGE_CURVE ( 'NONE', #2614, #29, #2243, .T. ) ;
#915 = CARTESIAN_POINT ( 'NONE',  ( 0.0000000000000000000, 0.5000000000000000000, 0.0000000000000000000 ) ) ;
#916 = EDGE_CURVE ( 'NONE', #1565, #731, #1529, .T. ) ;
#917 = ORIENTED_EDGE ( 'NONE', *, *, #2463, .F. ) ;
#918 = DIRECTION ( 'NONE',  ( -1.000000000000000000, 0.0000000000000000000, 5.782411586589358800E-015 ) ) ;
#919 = CARTESIAN_POINT ( 'NONE',  ( -0.5333333333333339900, 0.4000000000000000800, -0.9036886723926601500 ) ) ;
#920 = ORIENTED_EDGE ( 'NONE', *, *, #1572, .T. ) ;
#921 = ORIENTED_EDGE ( 'NONE', *, *, #2486, .F. ) ;
#922 = AXIS2_PLACEMENT_3D ( 'NONE', #3423, #898, #3117 ) ;
#923 = ORIENTED_EDGE ( 'NONE', *, *, #3381, .F. ) ;
#924 = DIRECTION ( 'NONE',  ( 0.0000000000000000000, 1.000000000000000000, 0.0000000000000000000 ) ) ;
#925 = ORIENTED_EDGE ( 'NONE', *, *, #1220, .F. ) ;
#926 = ORIENTED_EDGE ( 'NONE', *, *, #518, .F. ) ;
#927 = CARTESIAN_POINT ( 'NONE',  ( -0.8000000000000004900, 0.1999999999999999800, 0.9999999999999997800 ) ) ;
#928 = PRODUCT_DEFINITION_FORMATION_WITH_SPECIFIED_SOURCE ( 'ANY', '', #2311, .NOT_KNOWN. ) ;
#929 = AXIS2_PLACEMENT_3D ( 'NONE', #606, #639, #665 ) ;
#930 = DIRECTION ( 'NONE',  ( -1.000000000000000000, 0.0000000000000000000, -0.0000000000000000000 ) ) ;
#931 = CARTESIAN_POINT ( 'NONE',  ( -0.6933333333333338000, 0.4250000000000000400, 0.8270591633536382700 ) ) ;
#932 = DIRECTION ( 'NONE',  ( 1.000000000000000000, 0.0000000000000000000, 0.0000000000000000000 ) ) ;
#933 = LINE ( 'NONE', #1973, #3267 ) ;
#934 = CYLINDRICAL_SURFACE ( 'NONE', #2472, 0.1600000000000002000 ) ;
#935 = LINE ( 'NONE', #3008, #836 ) ;
#936 = MANIFOLD_SOLID_BREP ( 'Boss-Extrude4[3]', #2921 ) ;
#937 = VECTOR ( 'NONE', #2946, 1000.000000000000000 ) ;
#938 = VERTEX_POINT ( 'NONE', #2158 ) ;
#939 = CARTESIAN_POINT ( 'NONE',  ( 0.2250000000000000300, 1.086707392548410500, 0.9249999999999999300 ) ) ;
#940 = EDGE_CURVE ( 'NONE', #2732, #2766, #1966, .T. ) ;
#941 = CARTESIAN_POINT ( 'NONE',  ( -0.8000000000000004900, 0.0000000000000000000, -0.7649999999999996800 ) ) ;
#942 = DIRECTION ( 'NONE',  ( 0.0000000000000000000, -7.228014483236693600E-015, -1.000000000000000000 ) ) ;
#943 = ORIENTED_EDGE ( 'NONE', *, *, #2162, .T. ) ;
#944 = DIRECTION ( 'NONE',  ( -0.0000000000000000000, 1.000000000000000000, -0.0000000000000000000 ) ) ;
#945 = FACE_OUTER_BOUND ( 'NONE', #1723, .T. ) ;
#946 = EDGE_CURVE ( 'NONE', #507, #1894, #1119, .T. ) ;
#947 = EDGE_CURVE ( 'NONE', #1601, #2594, #267, .T. ) ;
#948 = CARTESIAN_POINT ( 'NONE',  ( -0.5333333333333339900, 0.4500000000000000700, -0.8683333333333327400 ) ) ;
#949 = CARTESIAN_POINT ( 'NONE',  ( 0.7183333333333328200, 0.4000000000000001900, 0.8399999999999998600 ) ) ;
#950 = ORIENTED_EDGE ( 'NONE', *, *, #970, .T. ) ;
#951 = AXIS2_PLACEMENT_3D ( 'NONE', #98, #2313, #428 ) ;
#952 = PRESENTATION_LAYER_ASSIGNMENT (  '', '', ( #749 ) ) ;
#953 = LINE ( 'NONE', #3975, #311 ) ;
#954 = CARTESIAN_POINT ( 'NONE',  ( 0.8000000000000004900, 0.0000000000000000000, -0.9999999999999997800 ) ) ;
#955 = ORIENTED_EDGE ( 'NONE', *, *, #368, .T. ) ;
#956 = LINE ( 'NONE', #2370, #2750 ) ;
#957 = DIRECTION ( 'NONE',  ( 0.0000000000000000000, -0.0000000000000000000, -1.000000000000000000 ) ) ;
#958 = CARTESIAN_POINT ( 'NONE',  ( -0.6213603896932110600, 0.5000000000000002200, 0.7333333333333340600 ) ) ;
#959 = LINE ( 'NONE', #2582, #313 ) ;
#960 = DIRECTION ( 'NONE',  ( 6.123233995736766000E-017, 0.0000000000000000000, -1.000000000000000000 ) ) ;
#961 = CARTESIAN_POINT ( 'NONE',  ( -0.5333333333333339900, 0.4000000000000000800, -0.9183333333333326700 ) ) ;
#962 = CARTESIAN_POINT ( 'NONE',  ( 0.5333333333333329900, 0.4550000000000001300, -0.8399999999999996400 ) ) ;
#963 = CARTESIAN_POINT ( 'NONE',  ( 0.5949999999999994200, 0.5000000000000001100, -0.7333333333333329500 ) ) ;
#964 = LINE ( 'NONE', #1140, #3388 ) ;
#965 = ORIENTED_EDGE ( 'NONE', *, *, #1626, .T. ) ;
#966 = EDGE_CURVE ( 'NONE', #2715, #2712, #3520, .T. ) ;
#967 = CARTESIAN_POINT ( 'NONE',  ( 0.6683333333333332200, 0.4249999999999999900, 0.7333333333333336100 ) ) ;
#968 = ORIENTED_EDGE ( 'NONE', *, *, #3595, .T. ) ;
#969 = ORIENTED_EDGE ( 'NONE', *, *, #1469, .F. ) ;
#970 = EDGE_CURVE ( 'NONE', #3788, #3665, #1868, .T. ) ;
#971 = ORIENTED_EDGE ( 'NONE', *, *, #1527, .T. ) ;
#972 = ORIENTED_EDGE ( 'NONE', *, *, #1858, .F. ) ;
#973 = ORIENTED_EDGE ( 'NONE', *, *, #3145, .T. ) ;
#974 = CARTESIAN_POINT ( 'NONE',  ( 0.8000000000000004900, 1.086707392548410500, -0.9999999999999997800 ) ) ;
#975 = ADVANCED_FACE ( 'NONE', ( #3428 ), #912, .F. ) ;
#976 = DIRECTION ( 'NONE',  ( -0.0000000000000000000, 0.0000000000000000000, -1.000000000000000000 ) ) ;
#977 = DIRECTION ( 'NONE',  ( -1.000000000000000000, 0.0000000000000000000, -0.0000000000000000000 ) ) ;
#978 = MECHANICAL_DESIGN_GEOMETRIC_PRESENTATION_REPRESENTATION (  '', ( #551 ), #1204 ) ;
#979 = AXIS2_PLACEMENT_3D ( 'NONE', #1859, #1772, #1577 ) ;
#980 = ORIENTED_EDGE ( 'NONE', *, *, #3151, .F. ) ;
#981 = CARTESIAN_POINT ( 'NONE',  ( -0.5650000000000005000, 1.086707392548410500, 0.9999999999999997800 ) ) ;
#982 = AXIS2_PLACEMENT_3D ( 'NONE', #2660, #3268, #3295 ) ;
#983 = DIRECTION ( 'NONE',  ( 1.000000000000000000, 0.0000000000000000000, -0.0000000000000000000 ) ) ;
#984 = EDGE_LOOP ( 'NONE', ( #575, #894, #1971, #3642, #105, #2079, #3038, #2733 ) ) ;
#985 = LINE ( 'NONE', #3965, #245 ) ;
#986 = DIRECTION ( 'NONE',  ( -0.0000000000000000000, 1.000000000000000000, -0.0000000000000000000 ) ) ;
#987 = VECTOR ( 'NONE', #269, 1000.000000000000000 ) ;
#988 = CARTESIAN_POINT ( 'NONE',  ( 0.5949999999999995300, 0.5000000000000001100, -0.7694568303203256400 ) ) ;
#989 = EDGE_LOOP ( 'NONE', ( #2603, #677, #3284, #1307 ) ) ;
#990 = PLANE ( 'NONE',  #2551 ) ;
#991 = DIRECTION ( 'NONE',  ( 2.891205793294679400E-015, -0.0000000000000000000, 1.000000000000000000 ) ) ;
#992 = ORIENTED_EDGE ( 'NONE', *, *, #1220, .T. ) ;
#993 = ADVANCED_FACE ( 'NONE', ( #2604 ), #3338, .T. ) ;
#994 = EDGE_CURVE ( 'NONE', #938, #1565, #2703, .T. ) ;
#995 = ORIENTED_EDGE ( 'NONE', *, *, #865, .F. ) ;
#996 = DIRECTION ( 'NONE',  ( 0.0000000000000000000, 1.000000000000000000, 0.0000000000000000000 ) ) ;
#997 = EDGE_CURVE ( 'NONE', #3148, #1639, #1776, .T. ) ;
#998 = CARTESIAN_POINT ( 'NONE',  ( -0.4950000000000004400, 0.4800000000000000900, -0.6949999999999994000 ) ) ;
#999 = CARTESIAN_POINT ( 'NONE',  ( 0.5772894254867995100, 0.1999999999999999800, -0.9249999999999999300 ) ) ;
#1000 = PLANE ( 'NONE',  #3230 ) ;
#1001 = VECTOR ( 'NONE', #1189, 1000.000000000000000 ) ;
#1002 = LINE ( 'NONE', #1559, #166 ) ;
#1003 = AXIS2_PLACEMENT_3D ( 'NONE', #3014, #3899, #156 ) ;
#1004 = AXIS2_PLACEMENT_3D ( 'NONE', #1508, #2784, #1906 ) ;
#1005 = CARTESIAN_POINT ( 'NONE',  ( 0.5333333333333328800, 2.612060605191053300, 0.8400000000000000800 ) ) ;
#1006 = CIRCLE ( 'NONE', #3881, 0.04500000000000001200 ) ;
#1007 = DIRECTION ( 'NONE',  ( 0.0000000000000000000, -1.000000000000000000, 0.0000000000000000000 ) ) ;
#1008 = VECTOR ( 'NONE', #1502, 1000.000000000000000 ) ;
#1009 = CARTESIAN_POINT ( 'NONE',  ( 0.0000000000000000000, 0.1999999999999999800, 0.3250000000000000700 ) ) ;
#1010 = CARTESIAN_POINT ( 'NONE',  ( -0.7183333333333338200, 0.4000000000000000800, -0.7333333333333329500 ) ) ;
#1011 = ADVANCED_BREP_SHAPE_REPRESENTATION ( 'FA-128 24.0000MF10Z-W3', ( #642, #936, #210, #3955, #3277, #2778, #1258, #2541, #501 ), #2936 ) ;
#1012 = CARTESIAN_POINT ( 'NONE',  ( 0.5650000000000002800, 2.961249694973139900, -0.9999999999999997800 ) ) ;
#1013 = FACE_OUTER_BOUND ( 'NONE', #1567, .T. ) ;
#1014 = DIRECTION ( 'NONE',  ( -1.000000000000000000, 0.0000000000000000000, 3.049318610115479700E-016 ) ) ;
#1015 = ADVANCED_FACE ( 'NONE', ( #67 ), #3733, .F. ) ;
#1016 = CARTESIAN_POINT ( 'NONE',  ( -0.4950000000000004400, 0.5000000000000000000, -0.6449999999999994600 ) ) ;
#1017 = CARTESIAN_POINT ( 'NONE',  ( -0.6683333333333340000, 0.4500000000000000700, -0.8124145024129648700 ) ) ;
#1018 = VERTEX_POINT ( 'NONE', #3958 ) ;
#1019 = EDGE_LOOP ( 'NONE', ( #3613, #1510, #950, #2021 ) ) ;
#1020 = DIRECTION ( 'NONE',  ( 0.0000000000000000000, -6.505213034913037600E-015, -1.000000000000000000 ) ) ;
#1021 = ORIENTED_EDGE ( 'NONE', *, *, #1031, .F. ) ;
#1022 = EDGE_CURVE ( 'NONE', #244, #3369, #4018, .T. ) ;
#1023 = VERTEX_POINT ( 'NONE', #850 ) ;
#1024 = ORIENTED_EDGE ( 'NONE', *, *, #4008, .F. ) ;
#1025 = SURFACE_SIDE_STYLE ('',( #1218 ) ) ;
#1026 = VERTEX_POINT ( 'NONE', #3076 ) ;
#1027 = CARTESIAN_POINT ( 'NONE',  ( -0.5950000000000003100, 0.4550000000000001300, 0.7333333333333338400 ) ) ;
#1028 = EDGE_LOOP ( 'NONE', ( #1885, #3110, #2000, #3129, #2719, #207, #2952, #3009, #1209 ) ) ;
#1029 = ADVANCED_FACE ( 'NONE', ( #3238 ), #1188, .T. ) ;
#1030 = ORIENTED_EDGE ( 'NONE', *, *, #1330, .F. ) ;
#1031 = EDGE_CURVE ( 'NONE', #1057, #2062, #2504, .T. ) ;
#1032 = CARTESIAN_POINT ( 'NONE',  ( 0.5949999999999993100, 0.5000000000000001100, 0.7694568303203259700 ) ) ;
#1033 = EDGE_CURVE ( 'NONE', #1018, #3570, #1681, .T. ) ;
#1034 = DIRECTION ( 'NONE',  ( -0.0000000000000000000, 1.000000000000000000, 0.0000000000000000000 ) ) ;
#1035 = DIRECTION ( 'NONE',  ( -1.000000000000000000, 0.0000000000000000000, 0.0000000000000000000 ) ) ;
#1036 = CARTESIAN_POINT ( 'NONE',  ( 0.7249999999999999800, 1.086707392548410500, 0.7772894254867989100 ) ) ;
#1037 = DIRECTION ( 'NONE',  ( -1.000000000000000000, -0.0000000000000000000, 0.0000000000000000000 ) ) ;
#1038 =( LENGTH_UNIT ( ) NAMED_UNIT ( * ) SI_UNIT ( .MILLI., .METRE. ) );
#1039 =( GEOMETRIC_REPRESENTATION_CONTEXT ( 3 ) GLOBAL_UNCERTAINTY_ASSIGNED_CONTEXT ( ( #885 ) ) GLOBAL_UNIT_ASSIGNED_CONTEXT ( ( #4005, #2176, #279 ) ) REPRESENTATION_CONTEXT ( 'NONE', 'WORKASPACE' ) );
#1040 = LINE ( 'NONE', #2570, #1792 ) ;
#1041 = CARTESIAN_POINT ( 'NONE',  ( -0.8000000000000004900, 2.961249694973139900, -0.9999999999999997800 ) ) ;
#1042 = LINE ( 'NONE', #1939, #3363 ) ;
#1043 = ADVANCED_FACE ( 'NONE', ( #2398 ), #3143, .F. ) ;
#1044 = CARTESIAN_POINT ( 'NONE',  ( -0.6213603896932113900, 0.5000000000000000000, -0.7333333333333327300 ) ) ;
#1045 = LINE ( 'NONE', #3892, #2630 ) ;
#1046 = LINE ( 'NONE', #2273, #1891 ) ;
#1047 = DIRECTION ( 'NONE',  ( 0.0000000000000000000, 0.0000000000000000000, -1.000000000000000000 ) ) ;
#1048 = ORIENTED_EDGE ( 'NONE', *, *, #497, .T. ) ;
#1049 = DIRECTION ( 'NONE',  ( 0.0000000000000000000, 1.000000000000000000, 0.0000000000000000000 ) ) ;
#1050 = CARTESIAN_POINT ( 'NONE',  ( 0.5848983890931682700, 0.5000000000000002200, 0.8213603896932110100 ) ) ;
#1051 = EDGE_LOOP ( 'NONE', ( #2208, #2365, #1333, #3311, #3662, #295, #3825, #1540, #943, #419 ) ) ;
#1052 = DIRECTION ( 'NONE',  ( 1.000000000000000000, 0.0000000000000000000, -5.782411586589366700E-015 ) ) ;
#1053 = CARTESIAN_POINT ( 'NONE',  ( -0.6683333333333338900, 0.4500000000000000700, 0.7333333333333336100 ) ) ;
#1054 = VECTOR ( 'NONE', #1641, 1000.000000000000000 ) ;
#1055 = CARTESIAN_POINT ( 'NONE',  ( 0.6209931461756558200, 0.4500000000000001800, -0.8829779942740061400 ) ) ;
#1056 = CARTESIAN_POINT ( 'NONE',  ( -0.4950000000000004400, 0.4800000000000000900, -0.6449999999999994600 ) ) ;
#1057 = VERTEX_POINT ( 'NONE', #2993 ) ;
#1058 = EDGE_CURVE ( 'NONE', #1347, #1947, #814, .T. ) ;
#1059 = VECTOR ( 'NONE', #1496, 1000.000000000000000 ) ;
#1060 = CARTESIAN_POINT ( 'NONE',  ( -0.6933333333333340200, 0.4250000000000000400, -0.7333333333333328400 ) ) ;
#1061 = DIRECTION ( 'NONE',  ( -0.0000000000000000000, -1.000000000000000000, -0.0000000000000000000 ) ) ;
#1062 = DIRECTION ( 'NONE',  ( -1.000000000000000000, 0.0000000000000000000, 0.0000000000000000000 ) ) ;
#1063 = LINE ( 'NONE', #3007, #1269 ) ;
#1064 = ADVANCED_FACE ( 'NONE', ( #3929 ), #618, .T. ) ;
#1065 = AXIS2_PLACEMENT_3D ( 'NONE', #826, #2389, #3046 ) ;
#1066 = STYLED_ITEM ( 'NONE', ( #365 ), #210 ) ;
#1067 = LINE ( 'NONE', #141, #2648 ) ;
#1068 = FACE_OUTER_BOUND ( 'NONE', #1370, .T. ) ;
#1069 = CARTESIAN_POINT ( 'NONE',  ( 0.0000000000000000000, 0.1999999999999999800, 0.0000000000000000000 ) ) ;
#1070 = LINE ( 'NONE', #1331, #1822 ) ;
#1071 = CARTESIAN_POINT ( 'NONE',  ( 0.6400000000000003500, 1.086707392548410500, 1.000000000000000200 ) ) ;
#1072 = PLANE ( 'NONE',  #196 ) ;
#1073 = AXIS2_PLACEMENT_3D ( 'NONE', #2759, #3021, #246 ) ;
#1074 = ORIENTED_EDGE ( 'NONE', *, *, #859, .F. ) ;
#1075 = UNCERTAINTY_MEASURE_WITH_UNIT (LENGTH_MEASURE( 1.000000000000000100E-005 ), #1361, 'distance_accuracy_value', 'NONE');
#1076 = CARTESIAN_POINT ( 'NONE',  ( -0.6400000000000003500, 0.0000000000000000000, -1.000000000000000200 ) ) ;
#1077 = LINE ( 'NONE', #159, #229 ) ;
#1078 = ORIENTED_EDGE ( 'NONE', *, *, #1683, .T. ) ;
#1079 = CARTESIAN_POINT ( 'NONE',  ( -0.4950000000000004400, 0.4800000000000000900, -0.6449999999999994600 ) ) ;
#1080 = CARTESIAN_POINT ( 'NONE',  ( 0.2250000000000000600, 0.0000000000000000000, 0.3250000000000000700 ) ) ;
#1081 = ORIENTED_EDGE ( 'NONE', *, *, #1197, .F. ) ;
#1082 = ORIENTED_EDGE ( 'NONE', *, *, #916, .T. ) ;
#1083 = DIRECTION ( 'NONE',  ( 0.0000000000000000000, 1.000000000000000000, 0.0000000000000000000 ) ) ;
#1084 = ORIENTED_EDGE ( 'NONE', *, *, #1116, .T. ) ;
#1085 = DIRECTION ( 'NONE',  ( 0.0000000000000000000, 0.0000000000000000000, -1.000000000000000000 ) ) ;
#1086 = ORIENTED_EDGE ( 'NONE', *, *, #947, .F. ) ;
#1087 = EDGE_CURVE ( 'NONE', #1754, #2512, #2294, .T. ) ;
#1088 = PLANE ( 'NONE',  #619 ) ;
#1089 = ADVANCED_FACE ( 'NONE', ( #724 ), #1379, .T. ) ;
#1090 = ORIENTED_EDGE ( 'NONE', *, *, #2786, .T. ) ;
#1091 = EDGE_CURVE ( 'NONE', #139, #897, #2192, .T. ) ;
#1092 = EDGE_CURVE ( 'NONE', #1606, #3441, #3047, .T. ) ;
#1093 = DIRECTION ( 'NONE',  ( 0.0000000000000000000, -1.000000000000000000, 0.0000000000000000000 ) ) ;
#1094 = CARTESIAN_POINT ( 'NONE',  ( 0.6270591633536377600, 0.4250000000000000400, 0.8933333333333337600 ) ) ;
#1095 = ORIENTED_EDGE ( 'NONE', *, *, #468, .F. ) ;
#1096 = LINE ( 'NONE', #1185, #2782 ) ;
#1097 = DIRECTION ( 'NONE',  ( 0.0000000000000000000, 0.0000000000000000000, -1.000000000000000000 ) ) ;
#1098 = LINE ( 'NONE', #1927, #987 ) ;
#1099 = AXIS2_PLACEMENT_3D ( 'NONE', #3527, #1673, #3819 ) ;
#1100 = VERTEX_POINT ( 'NONE', #3213 ) ;
#1101 = CARTESIAN_POINT ( 'NONE',  ( 0.5333333333333329900, 0.4499999999999999000, -0.7333333333333331700 ) ) ;
#1102 = EDGE_LOOP ( 'NONE', ( #2736, #2184, #1384, #1309 ) ) ;
#1103 = ORIENTED_EDGE ( 'NONE', *, *, #970, .F. ) ;
#1104 = CARTESIAN_POINT ( 'NONE',  ( -0.8000000000000004900, 2.961249694973139900, 1.000000000000000200 ) ) ;
#1105 = CARTESIAN_POINT ( 'NONE',  ( 0.5333333333333328800, 0.4500000000000000700, 0.8683333333333339600 ) ) ;
#1106 = ADVANCED_FACE ( 'NONE', ( #3742 ), #1274, .T. ) ;
#1107 = VERTEX_POINT ( 'NONE', #2522 ) ;
#1108 = CARTESIAN_POINT ( 'NONE',  ( -0.8000000000000004900, 1.086707392548410500, 0.7649999999999996800 ) ) ;
#1109 = EDGE_CURVE ( 'NONE', #2134, #2716, #2109, .T. ) ;
#1110 = ORIENTED_EDGE ( 'NONE', *, *, #2928, .T. ) ;
#1111 = CARTESIAN_POINT ( 'NONE',  ( -0.4950000000000004400, 0.4800000000000000900, -0.6949999999999994000 ) ) ;
#1112 = DIRECTION ( 'NONE',  ( -3.690901012716608100E-015, 0.0000000000000000000, -1.000000000000000000 ) ) ;
#1113 = CARTESIAN_POINT ( 'NONE',  ( 0.5333333333333328800, 0.4250000000000000400, 0.7333333333333336100 ) ) ;
#1114 = ORIENTED_EDGE ( 'NONE', *, *, #1414, .F. ) ;
#1115 = LINE ( 'NONE', #1814, #3512 ) ;
#1116 = EDGE_CURVE ( 'NONE', #1638, #2163, #2961, .T. ) ;
#1117 = FACE_OUTER_BOUND ( 'NONE', #2112, .T. ) ;
#1118 = CIRCLE ( 'NONE', #3483, 0.1600000000000002000 ) ;
#1119 = CIRCLE ( 'NONE', #1821, 0.02499999999999995600 ) ;
#1120 = CARTESIAN_POINT ( 'NONE',  ( 0.6270591633536377600, 0.4250000000000000400, 0.8933333333333337600 ) ) ;
#1121 = EDGE_LOOP ( 'NONE', ( #3445, #2299, #900, #2446 ) ) ;
#1122 = AXIS2_PLACEMENT_3D ( 'NONE', #2360, #2690, #781 ) ;
#1123 = CYLINDRICAL_SURFACE ( 'NONE', #186, 0.2350000000000000700 ) ;
#1124 = DIRECTION ( 'NONE',  ( 0.0000000000000000000, 0.0000000000000000000, -1.000000000000000000 ) ) ;
#1125 = ORIENTED_EDGE ( 'NONE', *, *, #3146, .F. ) ;
#1126 = DIRECTION ( 'NONE',  ( 0.0000000000000000000, 0.0000000000000000000, 1.000000000000000000 ) ) ;
#1127 = CARTESIAN_POINT ( 'NONE',  ( 0.8000000000000004900, 0.1999999999999999800, -0.9999999999999997800 ) ) ;
#1128 = CARTESIAN_POINT ( 'NONE',  ( 0.0000000000000000000, 0.1999999999999999800, 1.000000000000000200 ) ) ;
#1129 = ORIENTED_EDGE ( 'NONE', *, *, #3174, .T. ) ;
#1130 = ORIENTED_EDGE ( 'NONE', *, *, #2673, .T. ) ;
#1131 = ADVANCED_FACE ( 'NONE', ( #2860 ), #4010, .F. ) ;
#1132 = ORIENTED_EDGE ( 'NONE', *, *, #3361, .F. ) ;
#1133 = DIRECTION ( 'NONE',  ( -1.000000000000000000, 0.0000000000000000000, -5.782411586589358800E-015 ) ) ;
#1134 = EDGE_CURVE ( 'NONE', #2075, #293, #2016, .T. ) ;
#1135 = ORIENTED_EDGE ( 'NONE', *, *, #2495, .T. ) ;
#1136 = CLOSED_SHELL ( 'NONE', ( #1089, #3016, #993, #1729 ) ) ;
#1137 = CARTESIAN_POINT ( 'NONE',  ( 0.5772894254867995100, 0.1999999999999999800, 0.9249999999999998200 ) ) ;
#1138 = VERTEX_POINT ( 'NONE', #3581 ) ;
#1139 = CARTESIAN_POINT ( 'NONE',  ( -0.6400000000000003500, 1.086707392548410500, -1.000000000000000200 ) ) ;
#1140 = CARTESIAN_POINT ( 'NONE',  ( 0.7249999999999999800, 0.0000000000000000000, 0.0000000000000000000 ) ) ;
#1141 = PLANE ( 'NONE',  #2963 ) ;
#1142 = EDGE_CURVE ( 'NONE', #3564, #786, #3563, .T. ) ;
#1143 = SURFACE_SIDE_STYLE ('',( #1709 ) ) ;
#1144 = CARTESIAN_POINT ( 'NONE',  ( 0.5949999999999994200, 0.4550000000000000200, 0.0000000000000000000 ) ) ;
#1145 = LINE ( 'NONE', #16, #3448 ) ;
#1146 = AXIS2_PLACEMENT_3D ( 'NONE', #2498, #2172, #274 ) ;
#1147 = FILL_AREA_STYLE_COLOUR ( '', #2448 ) ;
#1148 = FACE_OUTER_BOUND ( 'NONE', #2613, .T. ) ;
#1149 = DIRECTION ( 'NONE',  ( 1.011922027653137700E-014, 0.0000000000000000000, 1.000000000000000000 ) ) ;
#1150 = VECTOR ( 'NONE', #1901, 1000.000000000000000 ) ;
#1151 = ADVANCED_FACE ( 'NONE', ( #1171 ), #3605, .T. ) ;
#1152 = ORIENTED_EDGE ( 'NONE', *, *, #3896, .F. ) ;
#1153 = PRODUCT_RELATED_PRODUCT_CATEGORY ( 'part', '', ( #2311 ) ) ;
#1154 = CARTESIAN_POINT ( 'NONE',  ( -0.8000000000000004900, 0.1999999999999999800, 0.7649999999999996800 ) ) ;
#1155 = DIRECTION ( 'NONE',  ( 0.0000000000000000000, 1.000000000000000000, 0.0000000000000000000 ) ) ;
#1156 = CARTESIAN_POINT ( 'NONE',  ( -0.6683333333333337800, 0.4500000000000000700, 0.8124145024129660900 ) ) ;
#1157 = ORIENTED_EDGE ( 'NONE', *, *, #3120, .T. ) ;
#1158 = CARTESIAN_POINT ( 'NONE',  ( -0.5333333333333337700, 0.4550000000000000200, 0.7950000000000001500 ) ) ;
#1159 = ORIENTED_EDGE ( 'NONE', *, *, #3495, .F. ) ;
#1160 = CARTESIAN_POINT ( 'NONE',  ( -0.4250000000000001000, 1.086707392548410500, 0.3250000000000000700 ) ) ;
#1161 = ORIENTED_EDGE ( 'NONE', *, *, #1468, .T. ) ;
#1162 = DIRECTION ( 'NONE',  ( -0.0000000000000000000, -1.000000000000000000, 0.0000000000000000000 ) ) ;
#1163 = CARTESIAN_POINT ( 'NONE',  ( -0.5772894254867994000, 0.1999999999999999800, -0.9249999999999999300 ) ) ;
#1164 = CYLINDRICAL_SURFACE ( 'NONE', #2306, 0.04500000000000001200 ) ;
#1165 = DIRECTION ( 'NONE',  ( -1.000000000000000000, 0.0000000000000000000, -0.0000000000000000000 ) ) ;
#1166 = DIRECTION ( 'NONE',  ( 0.0000000000000000000, 1.000000000000000000, 0.0000000000000000000 ) ) ;
#1167 = EDGE_CURVE ( 'NONE', #1818, #2662, #3652, .T. ) ;
#1168 = FACE_OUTER_BOUND ( 'NONE', #479, .T. ) ;
#1169 = FACE_OUTER_BOUND ( 'NONE', #1669, .T. ) ;
#1170 = CARTESIAN_POINT ( 'NONE',  ( -0.5950000000000006400, 0.4550000000000000200, -0.7333333333333328400 ) ) ;
#1171 = FACE_OUTER_BOUND ( 'NONE', #158, .T. ) ;
#1172 = ADVANCED_FACE ( 'NONE', ( #1068 ), #3165, .T. ) ;
#1173 = EDGE_CURVE ( 'NONE', #2767, #2766, #3469, .T. ) ;
#1174 = LINE ( 'NONE', #3785, #1914 ) ;
#1175 = DIRECTION ( 'NONE',  ( 0.0000000000000000000, 1.000000000000000000, 0.0000000000000000000 ) ) ;
#1176 = CARTESIAN_POINT ( 'NONE',  ( 0.8000000000000004900, 0.1999999999999999800, 0.9999999999999997800 ) ) ;
#1177 = VERTEX_POINT ( 'NONE', #2917 ) ;
#1178 = AXIS2_PLACEMENT_3D ( 'NONE', #2941, #1047, #3259 ) ;
#1179 = MECHANICAL_DESIGN_GEOMETRIC_PRESENTATION_REPRESENTATION (  '', ( #749 ), #1399 ) ;
#1180 = CARTESIAN_POINT ( 'NONE',  ( 0.0000000000000000000, 0.1999999999999999800, 0.0000000000000000000 ) ) ;
#1181 = ORIENTED_EDGE ( 'NONE', *, *, #2758, .F. ) ;
#1182 = CARTESIAN_POINT ( 'NONE',  ( -0.2250000000000000300, 0.1999999999999999800, 0.0000000000000000000 ) ) ;
#1183 = ORIENTED_EDGE ( 'NONE', *, *, #3412, .F. ) ;
#1184 = CARTESIAN_POINT ( 'NONE',  ( -0.6270591633536389800, 0.4396446609406726200, -0.8933333333333326500 ) ) ;
#1185 = CARTESIAN_POINT ( 'NONE',  ( 0.6399999999999993500, 0.4500000000000000700, 0.0000000000000000000 ) ) ;
#1186 = PLANE ( 'NONE',  #502 ) ;
#1187 = EDGE_LOOP ( 'NONE', ( #3828, #2003, #1687, #4001 ) ) ;
#1188 = PLANE ( 'NONE',  #25 ) ;
#1189 = DIRECTION ( 'NONE',  ( 0.0000000000000000000, -1.000000000000000000, 0.0000000000000000000 ) ) ;
#1190 = EDGE_CURVE ( 'NONE', #1601, #1919, #2649, .T. ) ;
#1191 = VERTEX_POINT ( 'NONE', #2892 ) ;
#1192 = DIRECTION ( 'NONE',  ( -1.000000000000000000, -0.0000000000000000000, 0.0000000000000000000 ) ) ;
#1193 = DIRECTION ( 'NONE',  ( 0.0000000000000000000, 1.000000000000000000, 0.0000000000000000000 ) ) ;
#1194 = FACE_OUTER_BOUND ( 'NONE', #874, .T. ) ;
#1195 = ORIENTED_EDGE ( 'NONE', *, *, #2846, .F. ) ;
#1196 = DIRECTION ( 'NONE',  ( 1.000000000000000000, 0.0000000000000000000, -3.049318610115479700E-016 ) ) ;
#1197 = EDGE_CURVE ( 'NONE', #731, #2885, #115, .T. ) ;
#1198 = EDGE_CURVE ( 'NONE', #1347, #3700, #959, .T. ) ;
#1199 = CYLINDRICAL_SURFACE ( 'NONE', #1065, 0.2350000000000001800 ) ;
#1200 = CARTESIAN_POINT ( 'NONE',  ( 0.7249999999999999800, 1.086707392548410500, 0.3250000000000000700 ) ) ;
#1201 = LINE ( 'NONE', #1128, #3588 ) ;
#1202 = CARTESIAN_POINT ( 'NONE',  ( 0.2250000000000000300, 0.0000000000000000000, 0.9249999999999999300 ) ) ;
#1203 = ORIENTED_EDGE ( 'NONE', *, *, #2095, .F. ) ;
#1204 =( GEOMETRIC_REPRESENTATION_CONTEXT ( 3 ) GLOBAL_UNCERTAINTY_ASSIGNED_CONTEXT ( ( #2359 ) ) GLOBAL_UNIT_ASSIGNED_CONTEXT ( ( #2557, #663, #2891 ) ) REPRESENTATION_CONTEXT ( 'NONE', 'WORKASPACE' ) );
#1205 = AXIS2_PLACEMENT_3D ( 'NONE', #2433, #2070, #2196 ) ;
#1206 = SURFACE_STYLE_USAGE ( .BOTH. , #3089 ) ;
#1207 = ORIENTED_EDGE ( 'NONE', *, *, #2024, .F. ) ;
#1208 =( BOUNDED_CURVE ( )  B_SPLINE_CURVE ( 3, ( #3884, #3281, #459, #2677 ),
 .UNSPECIFIED., .F., .F. ) 
 B_SPLINE_CURVE_WITH_KNOTS ( ( 4, 4 ),
 ( 0.0000000000000000000, 1.000000000000000000 ),
 .UNSPECIFIED. ) 
 CURVE ( )  GEOMETRIC_REPRESENTATION_ITEM ( )  RATIONAL_B_SPLINE_CURVE ( ( 1.000000000000000000, 0.8047378541243649400, 0.8047378541243649400, 1.000000000000000000 ) ) 
 REPRESENTATION_ITEM ( '' )  );
#1209 = ORIENTED_EDGE ( 'NONE', *, *, #122, .T. ) ;
#1210 = CARTESIAN_POINT ( 'NONE',  ( 0.6399999999999993500, 2.612060605191053300, 0.7333333333333336100 ) ) ;
#1211 = DIRECTION ( 'NONE',  ( 0.0000000000000000000, -1.000000000000000000, 0.0000000000000000000 ) ) ;
#1212 = AXIS2_PLACEMENT_3D ( 'NONE', #3756, #1913, #3 ) ;
#1213 = ORIENTED_EDGE ( 'NONE', *, *, #3916, .F. ) ;
#1214 = CARTESIAN_POINT ( 'NONE',  ( 0.6933333333333331300, 0.4250000000000000400, -0.7333333333333330600 ) ) ;
#1215 = DIRECTION ( 'NONE',  ( -0.0000000000000000000, -0.0000000000000000000, -1.000000000000000000 ) ) ;
#1216 = VECTOR ( 'NONE', #1489, 1000.000000000000000 ) ;
#1217 = LINE ( 'NONE', #1236, #364 ) ;
#1218 = SURFACE_STYLE_FILL_AREA ( #2938 ) ;
#1219 = CYLINDRICAL_SURFACE ( 'NONE', #2657, 0.1600000000000000900 ) ;
#1220 = EDGE_CURVE ( 'NONE', #1344, #2617, #225, .T. ) ;
#1221 = EDGE_CURVE ( 'NONE', #1582, #3053, #1732, .T. ) ;
#1222 = EDGE_CURVE ( 'NONE', #2467, #3960, #2549, .T. ) ;
#1223 = CARTESIAN_POINT ( 'NONE',  ( 0.7999999999999997100, 0.0000000000000000000, -0.9999999999999997800 ) ) ;
#1224 = DIRECTION ( 'NONE',  ( 1.016439536705161100E-016, 0.0000000000000000000, 1.000000000000000000 ) ) ;
#1225 = CARTESIAN_POINT ( 'NONE',  ( -0.6683333333333340000, 0.4500000000000000700, -0.7333333333333329500 ) ) ;
#1226 = CARTESIAN_POINT ( 'NONE',  ( 0.2250000000000000300, 0.0000000000000000000, 0.9249999999999999300 ) ) ;
#1227 = LINE ( 'NONE', #1857, #2812 ) ;
#1228 = EDGE_CURVE ( 'NONE', #172, #3570, #2450, .T. ) ;
#1229 =( LENGTH_UNIT ( ) NAMED_UNIT ( * ) SI_UNIT ( .MILLI., .METRE. ) );
#1230 = ORIENTED_EDGE ( 'NONE', *, *, #1812, .F. ) ;
#1231 = ORIENTED_EDGE ( 'NONE', *, *, #791, .T. ) ;
#1232 = ORIENTED_EDGE ( 'NONE', *, *, #1221, .T. ) ;
#1233 = AXIS2_PLACEMENT_3D ( 'NONE', #167, #801, #2709 ) ;
#1234 = ORIENTED_EDGE ( 'NONE', *, *, #706, .F. ) ;
#1235 = CLOSED_SHELL ( 'NONE', ( #3835, #2704, #3622, #2663, #735, #2280, #3601, #3283, #3913, #1963, #3052, #2382, #1409, #2301, #1748, #56, #401, #37 ) ) ;
#1236 = CARTESIAN_POINT ( 'NONE',  ( -0.7249999999999999800, 0.0000000000000000000, 0.3250000000000000700 ) ) ;
#1237 = ORIENTED_EDGE ( 'NONE', *, *, #3256, .F. ) ;
#1238 = DIRECTION ( 'NONE',  ( 0.0000000000000000000, 0.0000000000000000000, -1.000000000000000000 ) ) ;
#1239 = CARTESIAN_POINT ( 'NONE',  ( -0.7249999999999999800, 1.086707392548410500, -0.3250000000000000700 ) ) ;
#1240 = CARTESIAN_POINT ( 'NONE',  ( -0.2250000000000000300, 0.0000000000000000000, 0.0000000000000000000 ) ) ;
#1241 = EDGE_LOOP ( 'NONE', ( #3300, #203, #3890, #1463, #3636, #3754, #52, #2179, #3058 ) ) ;
#1242 = DIRECTION ( 'NONE',  ( 0.0000000000000000000, 0.0000000000000000000, -1.000000000000000000 ) ) ;
#1243 = VERTEX_POINT ( 'NONE', #2829 ) ;
#1244 = CARTESIAN_POINT ( 'NONE',  ( 0.7249999999999999800, 0.1999999999999999800, 0.7772894254867989100 ) ) ;
#1245 = EDGE_CURVE ( 'NONE', #2536, #93, #3183, .T. ) ;
#1246 = CIRCLE ( 'NONE', #1643, 0.04500000000000001200 ) ;
#1247 = CARTESIAN_POINT ( 'NONE',  ( 0.8000000000000004900, 0.4000000000000001900, -0.8399999999999996400 ) ) ;
#1248 = CARTESIAN_POINT ( 'NONE',  ( -0.6417038242943109400, 0.4000000000000000800, 0.9183333333333335600 ) ) ;
#1249 = VECTOR ( 'NONE', #1376, 1000.000000000000000 ) ;
#1250 = DIRECTION ( 'NONE',  ( 0.0000000000000000000, 1.000000000000000000, 0.0000000000000000000 ) ) ;
#1251 = VERTEX_POINT ( 'NONE', #10 ) ;
#1252 = EDGE_CURVE ( 'NONE', #608, #393, #766, .T. ) ;
#1253 = CARTESIAN_POINT ( 'NONE',  ( -0.7036886723926612000, 0.4000000000000001300, -0.8331251805316196600 ) ) ;
#1254 = CARTESIAN_POINT ( 'NONE',  ( 0.6683333333333330000, 0.4500000000000000100, -0.8124145024129650900 ) ) ;
#1255 = DIRECTION ( 'NONE',  ( 1.000000000000000000, -0.0000000000000000000, 0.0000000000000000000 ) ) ;
#1256 = DIRECTION ( 'NONE',  ( 0.0000000000000000000, 0.0000000000000000000, 1.000000000000000000 ) ) ;
#1257 = ORIENTED_EDGE ( 'NONE', *, *, #3714, .T. ) ;
#1258 = MANIFOLD_SOLID_BREP ( 'Boss-Extrude4[1]', #682 ) ;
#1259 = AXIS2_PLACEMENT_3D ( 'NONE', #633, #2858, #942 ) ;
#1260 = ORIENTED_EDGE ( 'NONE', *, *, #3256, .T. ) ;
#1261 = EDGE_LOOP ( 'NONE', ( #1874, #216, #1605, #1021 ) ) ;
#1262 = CARTESIAN_POINT ( 'NONE',  ( -0.5333333333333335500, 0.4250000000000000400, 0.8933333333333335300 ) ) ;
#1263 = CIRCLE ( 'NONE', #2103, 0.1066666666666664800 ) ;
#1264 = DIRECTION ( 'NONE',  ( 1.000000000000000000, 0.0000000000000000000, 0.0000000000000000000 ) ) ;
#1265 = AXIS2_PLACEMENT_3D ( 'NONE', #483, #2701, #798 ) ;
#1266 = EDGE_LOOP ( 'NONE', ( #2845, #733, #1542, #2324 ) ) ;
#1267 = DIRECTION ( 'NONE',  ( 0.0000000000000000000, 0.0000000000000000000, -1.000000000000000000 ) ) ;
#1268 = VECTOR ( 'NONE', #371, 1000.000000000000000 ) ;
#1269 = VECTOR ( 'NONE', #2461, 1000.000000000000000 ) ;
#1270 = VERTEX_POINT ( 'NONE', #278 ) ;
#1271 = DIRECTION ( 'NONE',  ( 0.0000000000000000000, -0.0000000000000000000, -1.000000000000000000 ) ) ;
#1272 =( NAMED_UNIT ( * ) SI_UNIT ( $, .STERADIAN. ) SOLID_ANGLE_UNIT ( ) );
#1273 = LINE ( 'NONE', #2668, #2960 ) ;
#1274 = CYLINDRICAL_SURFACE ( 'NONE', #1950, 0.04500000000000001200 ) ;
#1275 = VECTOR ( 'NONE', #957, 1000.000000000000000 ) ;
#1276 = ORIENTED_EDGE ( 'NONE', *, *, #2045, .F. ) ;
#1277 = DIRECTION ( 'NONE',  ( 0.0000000000000000000, -0.0000000000000000000, 1.000000000000000000 ) ) ;
#1278 = EDGE_CURVE ( 'NONE', #1841, #88, #1217, .T. ) ;
#1279 = EDGE_LOOP ( 'NONE', ( #1682, #3460, #753, #1584 ) ) ;
#1280 = CARTESIAN_POINT ( 'NONE',  ( -0.7249999999999999800, 1.086707392548410500, 0.3250000000000000700 ) ) ;
#1281 = ORIENTED_EDGE ( 'NONE', *, *, #742, .F. ) ;
#1282 = DIRECTION ( 'NONE',  ( 0.0000000000000000000, -1.000000000000000000, 0.0000000000000000000 ) ) ;
#1283 = EDGE_LOOP ( 'NONE', ( #2769, #380, #2460, #819 ) ) ;
#1284 = EDGE_LOOP ( 'NONE', ( #630, #99, #416, #2919 ) ) ;
#1285 = CARTESIAN_POINT ( 'NONE',  ( 0.0000000000000000000, 0.1999999999999999800, -0.9249999999999999300 ) ) ;
#1286 = AXIS2_PLACEMENT_3D ( 'NONE', #3060, #1499, #3657 ) ;
#1287 = AXIS2_PLACEMENT_3D ( 'NONE', #1668, #3813, #1983 ) ;
#1288 = ORIENTED_EDGE ( 'NONE', *, *, #2975, .T. ) ;
#1289 = VERTEX_POINT ( 'NONE', #941 ) ;
#1290 = AXIS2_PLACEMENT_3D ( 'NONE', #1170, #1354, #1679 ) ;
#1291 = DIRECTION ( 'NONE',  ( -0.0000000000000000000, 1.000000000000000000, -0.0000000000000000000 ) ) ;
#1292 = CARTESIAN_POINT ( 'NONE',  ( -0.4950000000000004400, 0.4800000000000000900, -0.7449999999999994400 ) ) ;
#1293 = CARTESIAN_POINT ( 'NONE',  ( -0.5848983890931689400, 0.5000000000000002200, 0.8213603896932109000 ) ) ;
#1294 = ORIENTED_EDGE ( 'NONE', *, *, #790, .F. ) ;
#1295 = CARTESIAN_POINT ( 'NONE',  ( 0.0000000000000000000, 0.0000000000000000000, 0.9249999999999999300 ) ) ;
#1296 = LINE ( 'NONE', #2992, #3670 ) ;
#1297 = CIRCLE ( 'NONE', #50, 0.2350000000000001800 ) ;
#1298 = ORIENTED_EDGE ( 'NONE', *, *, #2976, .T. ) ;
#1299 = VECTOR ( 'NONE', #492, 1000.000000000000000 ) ;
#1300 = CIRCLE ( 'NONE', #1290, 0.04500000000000001200 ) ;
#1301 = ORIENTED_EDGE ( 'NONE', *, *, #3873, .F. ) ;
#1302 = DIRECTION ( 'NONE',  ( 0.0000000000000000000, -1.000000000000000000, 0.0000000000000000000 ) ) ;
#1303 = EDGE_CURVE ( 'NONE', #1057, #507, #2905, .T. ) ;
#1304 = EDGE_CURVE ( 'NONE', #1818, #1582, #3604, .T. ) ;
#1305 = DIRECTION ( 'NONE',  ( 0.0000000000000000000, 1.000000000000000000, -0.0000000000000000000 ) ) ;
#1306 = DIRECTION ( 'NONE',  ( 0.0000000000000000000, 1.000000000000000000, 0.0000000000000000000 ) ) ;
#1307 = ORIENTED_EDGE ( 'NONE', *, *, #1310, .F. ) ;
#1308 = DIRECTION ( 'NONE',  ( 0.0000000000000000000, -0.0000000000000000000, 1.000000000000000000 ) ) ;
#1309 = ORIENTED_EDGE ( 'NONE', *, *, #2263, .F. ) ;
#1310 = EDGE_CURVE ( 'NONE', #544, #2369, #2060, .T. ) ;
#1311 = EDGE_CURVE ( 'NONE', #1947, #495, #2804, .T. ) ;
#1312 =( BOUNDED_CURVE ( )  B_SPLINE_CURVE ( 3, ( #1977, #3504, #1156, #1053 ),
 .UNSPECIFIED., .F., .F. ) 
 B_SPLINE_CURVE_WITH_KNOTS ( ( 4, 4 ),
 ( 0.0000000000000000000, 1.000000000000000000 ),
 .UNSPECIFIED. ) 
 CURVE ( )  GEOMETRIC_REPRESENTATION_ITEM ( )  RATIONAL_B_SPLINE_CURVE ( ( 1.000000000000000000, 0.8047378541243652700, 0.8047378541243652700, 1.000000000000000000 ) ) 
 REPRESENTATION_ITEM ( '' )  );
#1313 = CARTESIAN_POINT ( 'NONE',  ( 0.6124145024129653600, 0.4500000000000000100, -0.8683333333333329600 ) ) ;
#1314 = CARTESIAN_POINT ( 'NONE',  ( -0.5333333333333337700, 0.4499999999999999600, 0.8400000000000003000 ) ) ;
#1315 = CARTESIAN_POINT ( 'NONE',  ( 0.6400000000000003500, 1.086707392548410500, 1.000000000000000200 ) ) ;
#1316 = EDGE_LOOP ( 'NONE', ( #1207, #1132, #2679, #1407, #438, #190, #1586, #903 ) ) ;
#1317 = AXIS2_PLACEMENT_3D ( 'NONE', #2284, #398, #2612 ) ;
#1318 = AXIS2_PLACEMENT_3D ( 'NONE', #4027, #1749, #2571 ) ;
#1319 = CARTESIAN_POINT ( 'NONE',  ( 0.0000000000000000000, 0.1999999999999999800, 0.9249999999999999300 ) ) ;
#1320 = LINE ( 'NONE', #1724, #464 ) ;
#1321 = DIRECTION ( 'NONE',  ( -1.000000000000000000, -0.0000000000000000000, 2.032879073410319800E-016 ) ) ;
#1322 = VECTOR ( 'NONE', #1346, 1000.000000000000000 ) ;
#1323 = ADVANCED_FACE ( 'NONE', ( #1117 ), #2753, .F. ) ;
#1324 = FACE_OUTER_BOUND ( 'NONE', #2837, .T. ) ;
#1325 = CARTESIAN_POINT ( 'NONE',  ( 0.5333333333333329900, 0.4500000000000000100, -0.8683333333333331800 ) ) ;
#1326 = LINE ( 'NONE', #1535, #373 ) ;
#1327 = EDGE_CURVE ( 'NONE', #3677, #1023, #2910, .T. ) ;
#1328 = DIRECTION ( 'NONE',  ( -0.0000000000000000000, -1.000000000000000000, -0.0000000000000000000 ) ) ;
#1329 = ORIENTED_EDGE ( 'NONE', *, *, #3738, .T. ) ;
#1330 = EDGE_CURVE ( 'NONE', #413, #3772, #1002, .T. ) ;
#1331 = CARTESIAN_POINT ( 'NONE',  ( -0.8000000000000004900, 2.961249694973139900, 0.7649999999999996800 ) ) ;
#1332 = EDGE_CURVE ( 'NONE', #2369, #1850, #1865, .T. ) ;
#1333 = ORIENTED_EDGE ( 'NONE', *, *, #1278, .F. ) ;
#1334 = ORIENTED_EDGE ( 'NONE', *, *, #2296, .F. ) ;
#1335 = CARTESIAN_POINT ( 'NONE',  ( -0.8000000000000004900, 0.0000000000000000000, 0.9999999999999997800 ) ) ;
#1336 = DIRECTION ( 'NONE',  ( 0.0000000000000000000, 0.0000000000000000000, 1.000000000000000000 ) ) ;
#1337 = EDGE_LOOP ( 'NONE', ( #2247, #2286, #1257, #2658, #2585, #3031, #1485, #2315, #873 ) ) ;
#1338 = CARTESIAN_POINT ( 'NONE',  ( 0.6683333333333332200, 0.4500000000000000700, -0.7333333333333330600 ) ) ;
#1339 = CARTESIAN_POINT ( 'NONE',  ( 0.0000000000000000000, 0.0000000000000000000, 0.9249999999999999300 ) ) ;
#1340 = ORIENTED_EDGE ( 'NONE', *, *, #685, .T. ) ;
#1341 = CARTESIAN_POINT ( 'NONE',  ( 0.5333333333333329900, 0.4249999999999999900, -0.8683333333333331800 ) ) ;
#1342 = PRESENTATION_LAYER_ASSIGNMENT (  '', '', ( #695 ) ) ;
#1343 = DIRECTION ( 'NONE',  ( -0.0000000000000000000, 1.000000000000000000, -0.0000000000000000000 ) ) ;
#1344 = VERTEX_POINT ( 'NONE', #1441 ) ;
#1345 = ADVANCED_FACE ( 'NONE', ( #3424 ), #1896, .F. ) ;
#1346 = DIRECTION ( 'NONE',  ( -0.0000000000000000000, -1.000000000000000000, -0.0000000000000000000 ) ) ;
#1347 = VERTEX_POINT ( 'NONE', #1642 ) ;
#1348 = CYLINDRICAL_SURFACE ( 'NONE', #772, 0.2350000000000001800 ) ;
#1349 = CARTESIAN_POINT ( 'NONE',  ( 0.6400000000000003500, 0.1999999999999999800, 1.000000000000000400 ) ) ;
#1350 = FACE_OUTER_BOUND ( 'NONE', #3103, .T. ) ;
#1351 = CARTESIAN_POINT ( 'NONE',  ( 0.0000000000000000000, 0.0000000000000000000, -0.9249999999999999300 ) ) ;
#1352 = CARTESIAN_POINT ( 'NONE',  ( -0.7249999999999999800, 1.086707392548410500, 0.7772894254867990200 ) ) ;
#1353 = VECTOR ( 'NONE', #3826, 1000.000000000000000 ) ;
#1354 = DIRECTION ( 'NONE',  ( 1.478457507934778600E-016, -0.0000000000000000000, 1.000000000000000000 ) ) ;
#1355 = LINE ( 'NONE', #1580, #3633 ) ;
#1356 = FILL_AREA_STYLE ('',( #2535 ) ) ;
#1357 = EDGE_LOOP ( 'NONE', ( #3624, #2869, #4043, #1159 ) ) ;
#1358 = VERTEX_POINT ( 'NONE', #1470 ) ;
#1359 = CARTESIAN_POINT ( 'NONE',  ( 0.7999999999999997100, 1.086707392548410500, 0.8399999999999998600 ) ) ;
#1360 = DIRECTION ( 'NONE',  ( 0.0000000000000000000, 0.0000000000000000000, 1.000000000000000000 ) ) ;
#1361 =( LENGTH_UNIT ( ) NAMED_UNIT ( * ) SI_UNIT ( .MILLI., .METRE. ) );
#1362 = EDGE_CURVE ( 'NONE', #1532, #2369, #906, .T. ) ;
#1363 = EDGE_CURVE ( 'NONE', #3441, #2380, #1770, .T. ) ;
#1364 = CARTESIAN_POINT ( 'NONE',  ( 0.7999999999999997100, 0.2000000000000000400, 0.7649999999999995700 ) ) ;
#1365 = ORIENTED_EDGE ( 'NONE', *, *, #1468, .F. ) ;
#1366 = CARTESIAN_POINT ( 'NONE',  ( -0.4250000000000000400, 0.1999999999999999800, 0.3250000000000000700 ) ) ;
#1367 = ADVANCED_FACE ( 'NONE', ( #60 ), #3232, .T. ) ;
#1368 = AXIS2_PLACEMENT_3D ( 'NONE', #254, #566, #2795 ) ;
#1369 = CARTESIAN_POINT ( 'NONE',  ( -0.7249999999999999800, 0.0000000000000000000, -0.7772894254867989100 ) ) ;
#1370 = EDGE_LOOP ( 'NONE', ( #726, #1103, #1432, #3396 ) ) ;
#1371 = LINE ( 'NONE', #163, #2099 ) ;
#1372 = CARTESIAN_POINT ( 'NONE',  ( 0.5333333333333328800, 0.4250000000000000400, 0.8933333333333336500 ) ) ;
#1373 = CIRCLE ( 'NONE', #3344, 0.02499999999999995600 ) ;
#1374 = DIRECTION ( 'NONE',  ( 0.0000000000000000000, 0.0000000000000000000, 1.000000000000000000 ) ) ;
#1375 = FACE_OUTER_BOUND ( 'NONE', #2573, .T. ) ;
#1376 = DIRECTION ( 'NONE',  ( -0.0000000000000000000, -0.0000000000000000000, 1.000000000000000000 ) ) ;
#1377 = CARTESIAN_POINT ( 'NONE',  ( -0.5958172200135373200, 0.4813603896932107100, -0.8399999999999991900 ) ) ;
#1378 = LINE ( 'NONE', #2314, #2107 ) ;
#1379 = CYLINDRICAL_SURFACE ( 'NONE', #1533, 0.05000000000000002400 ) ;
#1380 = FACE_OUTER_BOUND ( 'NONE', #3133, .T. ) ;
#1381 = CARTESIAN_POINT ( 'NONE',  ( 0.6213603896932100600, 0.5000000000000001100, 0.7333333333333333900 ) ) ;
#1382 = CARTESIAN_POINT ( 'NONE',  ( 0.0000000000000000000, 0.1999999999999999800, -0.9249999999999999300 ) ) ;
#1383 = CARTESIAN_POINT ( 'NONE',  ( -0.7249999999999999800, 0.1999999999999999800, 0.0000000000000000000 ) ) ;
#1384 = ORIENTED_EDGE ( 'NONE', *, *, #1091, .F. ) ;
#1385 = DIRECTION ( 'NONE',  ( -0.0000000000000000000, -1.000000000000000000, -0.0000000000000000000 ) ) ;
#1386 = EDGE_CURVE ( 'NONE', #2662, #3223, #4011, .T. ) ;
#1387 = DIRECTION ( 'NONE',  ( 1.000000000000000000, 0.0000000000000000000, -7.228014483236698300E-015 ) ) ;
#1388 = CARTESIAN_POINT ( 'NONE',  ( 0.6933333333333331300, 0.4396446609406726700, -0.7333333333333328400 ) ) ;
#1389 = ORIENTED_EDGE ( 'NONE', *, *, #1837, .F. ) ;
#1390 = VERTEX_POINT ( 'NONE', #1656 ) ;
#1391 = ADVANCED_FACE ( 'NONE', ( #1569 ), #1790, .T. ) ;
#1392 = ORIENTED_EDGE ( 'NONE', *, *, #2432, .T. ) ;
#1393 = B_SPLINE_CURVE_WITH_KNOTS ( 'NONE', 3,
 ( #3641, #3402, #3656, #3418, #3681, #4036 ),
 .UNSPECIFIED., .F., .F.,
 ( 4, 2, 4 ),
 ( 0.0000000000000000000, 0.5000000000000000000, 1.000000000000000000 ),
 .UNSPECIFIED. ) ;
#1394 = CARTESIAN_POINT ( 'NONE',  ( 0.2250000000000000300, 0.0000000000000000000, 0.9249999999999999300 ) ) ;
#1395 = EDGE_CURVE ( 'NONE', #2369, #1023, #264, .T. ) ;
#1396 = CARTESIAN_POINT ( 'NONE',  ( -0.8000000000000004900, 0.2000000000000000400, -0.7649999999999996800 ) ) ;
#1397 = CARTESIAN_POINT ( 'NONE',  ( -0.4249999999999994300, 0.1999999999999999800, 0.3250000000000000700 ) ) ;
#1398 = ORIENTED_EDGE ( 'NONE', *, *, #3523, .T. ) ;
#1399 =( GEOMETRIC_REPRESENTATION_CONTEXT ( 3 ) GLOBAL_UNCERTAINTY_ASSIGNED_CONTEXT ( ( #387 ) ) GLOBAL_UNIT_ASSIGNED_CONTEXT ( ( #1229, #3421, #3708 ) ) REPRESENTATION_CONTEXT ( 'NONE', 'WORKASPACE' ) );
#1400 = LINE ( 'NONE', #1382, #3760 ) ;
#1401 = DIRECTION ( 'NONE',  ( 1.000000000000000000, 0.0000000000000000000, -0.0000000000000000000 ) ) ;
#1402 = FACE_OUTER_BOUND ( 'NONE', #230, .T. ) ;
#1403 = CARTESIAN_POINT ( 'NONE',  ( -0.2250000000000000300, 1.086707392548410500, -0.3250000000000000700 ) ) ;
#1404 = ORIENTED_EDGE ( 'NONE', *, *, #604, .F. ) ;
#1405 = VECTOR ( 'NONE', #388, 1000.000000000000000 ) ;
#1406 = CARTESIAN_POINT ( 'NONE',  ( 0.6400000000000002400, 0.0000000000000000000, -1.000000000000000000 ) ) ;
#1407 = ORIENTED_EDGE ( 'NONE', *, *, #3476, .F. ) ;
#1408 = CARTESIAN_POINT ( 'NONE',  ( 0.7183333333333329400, 0.4000000000000000800, 0.8417038242943109000 ) ) ;
#1409 = ADVANCED_FACE ( 'NONE', ( #2393 ), #2288, .T. ) ;
#1410 = CLOSED_SHELL ( 'NONE', ( #804, #1660, #361, #1781, #2996, #1391, #3235, #2901, #517, #1445, #1172, #2640 ) ) ;
#1411 = EDGE_CURVE ( 'NONE', #1664, #2915, #3139, .T. ) ;
#1412 = ORIENTED_EDGE ( 'NONE', *, *, #3916, .T. ) ;
#1413 = CARTESIAN_POINT ( 'NONE',  ( 0.2250000000000000300, 0.1999999999999999800, 0.3250000000000000700 ) ) ;
#1414 = EDGE_CURVE ( 'NONE', #570, #2163, #806, .T. ) ;
#1415 = FACE_OUTER_BOUND ( 'NONE', #1696, .T. ) ;
#1416 = CARTESIAN_POINT ( 'NONE',  ( -0.6400000000000002400, 2.612060605191053300, 0.7333333333333338400 ) ) ;
#1417 = CARTESIAN_POINT ( 'NONE',  ( 0.7999999999999997100, 2.961249694973139900, -0.7649999999999995700 ) ) ;
#1418 = VERTEX_POINT ( 'NONE', #138 ) ;
#1419 = EDGE_CURVE ( 'NONE', #625, #2712, #3832, .T. ) ;
#1420 = VECTOR ( 'NONE', #1385, 1000.000000000000000 ) ;
#1421 = CARTESIAN_POINT ( 'NONE',  ( 0.6933333333333329100, 0.4250000000000000400, 0.7333333333333335000 ) ) ;
#1422 = AXIS2_PLACEMENT_3D ( 'NONE', #1943, #34, #2241 ) ;
#1423 = DIRECTION ( 'NONE',  ( 0.0000000000000000000, -1.000000000000000000, 0.0000000000000000000 ) ) ;
#1424 = EDGE_LOOP ( 'NONE', ( #2361, #3664, #3012, #2459 ) ) ;
#1425 = CARTESIAN_POINT ( 'NONE',  ( 0.5694568303203256800, 0.5000000000000001100, -0.7949999999999992600 ) ) ;
#1426 = FACE_OUTER_BOUND ( 'NONE', #832, .T. ) ;
#1427 = CYLINDRICAL_SURFACE ( 'NONE', #314, 0.04500000000000001200 ) ;
#1428 = AXIS2_PLACEMENT_3D ( 'NONE', #3545, #2587, #375 ) ;
#1429 = ADVANCED_FACE ( 'NONE', ( #613 ), #508, .F. ) ;
#1430 = FACE_OUTER_BOUND ( 'NONE', #1279, .T. ) ;
#1431 = ORIENTED_EDGE ( 'NONE', *, *, #3720, .F. ) ;
#1432 = ORIENTED_EDGE ( 'NONE', *, *, #2166, .T. ) ;
#1433 = CARTESIAN_POINT ( 'NONE',  ( 0.6683333333333330000, 0.4500000000000000100, 0.8124145024129656400 ) ) ;
#1434 = CARTESIAN_POINT ( 'NONE',  ( 0.7999999999999997100, 1.086707392548410500, -0.8399999999999998600 ) ) ;
#1435 = VERTEX_POINT ( 'NONE', #1364 ) ;
#1436 = ORIENTED_EDGE ( 'NONE', *, *, #285, .T. ) ;
#1437 = DIRECTION ( 'NONE',  ( -1.000000000000000000, 0.0000000000000000000, -0.0000000000000000000 ) ) ;
#1438 = EDGE_CURVE ( 'NONE', #3791, #1639, #1373, .T. ) ;
#1439 = UNCERTAINTY_MEASURE_WITH_UNIT (LENGTH_MEASURE( 1.000000000000000100E-005 ), #1038, 'distance_accuracy_value', 'NONE');
#1440 = DIRECTION ( 'NONE',  ( 0.0000000000000000000, 0.0000000000000000000, 1.000000000000000000 ) ) ;
#1441 = CARTESIAN_POINT ( 'NONE',  ( -0.6400000000000002400, 0.1999999999999999800, -1.000000000000000000 ) ) ;
#1442 = EDGE_CURVE ( 'NONE', #323, #536, #3924, .T. ) ;
#1443 = DIRECTION ( 'NONE',  ( -0.0000000000000000000, 0.0000000000000000000, -1.000000000000000000 ) ) ;
#1444 = CARTESIAN_POINT ( 'NONE',  ( 0.6933333333333328000, 0.4250000000000000400, 0.7333333333333335000 ) ) ;
#1445 = ADVANCED_FACE ( 'NONE', ( #2188 ), #3875, .F. ) ;
#1446 = ORIENTED_EDGE ( 'NONE', *, *, #908, .F. ) ;
#1447 = CYLINDRICAL_SURFACE ( 'NONE', #343, 0.1066666666666664800 ) ;
#1448 = CARTESIAN_POINT ( 'NONE',  ( 8.080694316806024000E-017, 0.5000000000000000000, 0.7950000000000000400 ) ) ;
#1449 = PRODUCT_DEFINITION_SHAPE ( 'NONE', 'NONE',  #728 ) ;
#1450 = VECTOR ( 'NONE', #760, 1000.000000000000000 ) ;
#1451 = AXIS2_PLACEMENT_3D ( 'NONE', #2425, #524, #2749 ) ;
#1452 = CARTESIAN_POINT ( 'NONE',  ( 0.5333333333333333300, 0.5000000000000001100, -0.7949999999999994800 ) ) ;
#1453 = CYLINDRICAL_SURFACE ( 'NONE', #2390, 0.2350000000000001800 ) ;
#1454 = CARTESIAN_POINT ( 'NONE',  ( -0.8000000000000004900, 1.086707392548410500, -0.7649999999999996800 ) ) ;
#1455 = VECTOR ( 'NONE', #404, 1000.000000000000000 ) ;
#1456 = VERTEX_POINT ( 'NONE', #496 ) ;
#1457 = DIRECTION ( 'NONE',  ( 1.000000000000000000, 0.0000000000000000000, 7.392287539673899400E-017 ) ) ;
#1458 = VERTEX_POINT ( 'NONE', #765 ) ;
#1459 = CARTESIAN_POINT ( 'NONE',  ( -0.5333333333333337700, 0.4249999999999999900, 0.8683333333333338500 ) ) ;
#1460 = ORIENTED_EDGE ( 'NONE', *, *, #1461, .T. ) ;
#1461 = EDGE_CURVE ( 'NONE', #1698, #3082, #2956, .T. ) ;
#1462 = CARTESIAN_POINT ( 'NONE',  ( 0.7249999999999999800, 0.1999999999999999800, -0.3250000000000000700 ) ) ;
#1463 = ORIENTED_EDGE ( 'NONE', *, *, #791, .F. ) ;
#1464 = CARTESIAN_POINT ( 'NONE',  ( -0.5333333333333342100, 0.4500000000000000100, -0.8829779942740054700 ) ) ;
#1465 = CYLINDRICAL_SURFACE ( 'NONE', #612, 0.02499999999999995600 ) ;
#1466 =( LENGTH_UNIT ( ) NAMED_UNIT ( * ) SI_UNIT ( .MILLI., .METRE. ) );
#1467 = ADVANCED_FACE ( 'NONE', ( #718 ), #1186, .F. ) ;
#1468 = EDGE_CURVE ( 'NONE', #2510, #88, #2643, .T. ) ;
#1469 = EDGE_CURVE ( 'NONE', #2489, #2512, #700, .T. ) ;
#1470 = CARTESIAN_POINT ( 'NONE',  ( -0.4950000000000004400, 0.4800000000000000900, -0.6449999999999994600 ) ) ;
#1471 = VECTOR ( 'NONE', #1007, 1000.000000000000000 ) ;
#1472 = VECTOR ( 'NONE', #206, 1000.000000000000000 ) ;
#1473 = SURFACE_SIDE_STYLE ('',( #3885 ) ) ;
#1474 = VECTOR ( 'NONE', #2025, 1000.000000000000000 ) ;
#1475 = PLANE ( 'NONE',  #841 ) ;
#1476 = VECTOR ( 'NONE', #2198, 1000.000000000000000 ) ;
#1477 = LINE ( 'NONE', #1598, #2194 ) ;
#1478 = EDGE_LOOP ( 'NONE', ( #1809, #2330, #2763, #2004 ) ) ;
#1479 = CARTESIAN_POINT ( 'NONE',  ( 0.2250000000000000600, 0.0000000000000000000, -0.9999999999999997800 ) ) ;
#1480 = DIRECTION ( 'NONE',  ( -0.0000000000000000000, -1.000000000000000000, -0.0000000000000000000 ) ) ;
#1481 = DIRECTION ( 'NONE',  ( 0.0000000000000000000, -7.228014483236693600E-015, 1.000000000000000000 ) ) ;
#1482 = STYLED_ITEM ( 'NONE', ( #3954 ), #2541 ) ;
#1483 = VERTEX_POINT ( 'NONE', #325 ) ;
#1484 = ORIENTED_EDGE ( 'NONE', *, *, #2702, .F. ) ;
#1485 = ORIENTED_EDGE ( 'NONE', *, *, #662, .T. ) ;
#1486 = CARTESIAN_POINT ( 'NONE',  ( -0.4950000000000004400, 0.3385786437626904200, -0.6949999999999994000 ) ) ;
#1487 = ORIENTED_EDGE ( 'NONE', *, *, #3530, .F. ) ;
#1488 = VERTEX_POINT ( 'NONE', #297 ) ;
#1489 = DIRECTION ( 'NONE',  ( 0.0000000000000000000, 1.000000000000000000, 0.0000000000000000000 ) ) ;
#1490 = ORIENTED_EDGE ( 'NONE', *, *, #3335, .T. ) ;
#1491 = CARTESIAN_POINT ( 'NONE',  ( -0.4950000000000004400, 0.3385786437626904200, -0.7449999999999994400 ) ) ;
#1492 = ADVANCED_FACE ( 'NONE', ( #2275 ), #561, .F. ) ;
#1493 = EDGE_LOOP ( 'NONE', ( #2559, #395, #3419, #3940 ) ) ;
#1494 = ORIENTED_EDGE ( 'NONE', *, *, #545, .T. ) ;
#1495 = DIRECTION ( 'NONE',  ( 0.0000000000000000000, -0.0000000000000000000, -1.000000000000000000 ) ) ;
#1496 = DIRECTION ( 'NONE',  ( 0.0000000000000000000, 1.000000000000000000, 0.0000000000000000000 ) ) ;
#1497 = EDGE_CURVE ( 'NONE', #2250, #710, #594, .T. ) ;
#1498 = DIRECTION ( 'NONE',  ( 0.0000000000000000000, 0.0000000000000000000, -1.000000000000000000 ) ) ;
#1499 = DIRECTION ( 'NONE',  ( 0.0000000000000000000, 1.000000000000000000, 0.0000000000000000000 ) ) ;
#1500 = ORIENTED_EDGE ( 'NONE', *, *, #1134, .F. ) ;
#1501 = FACE_OUTER_BOUND ( 'NONE', #235, .T. ) ;
#1502 = DIRECTION ( 'NONE',  ( 1.000000000000000000, -0.0000000000000000000, 0.0000000000000000000 ) ) ;
#1503 = VECTOR ( 'NONE', #2002, 1000.000000000000000 ) ;
#1504 = ORIENTED_EDGE ( 'NONE', *, *, #1419, .F. ) ;
#1505 = PRESENTATION_LAYER_ASSIGNMENT (  '', '', ( #1066 ) ) ;
#1506 = DIRECTION ( 'NONE',  ( 0.0000000000000000000, 0.0000000000000000000, -1.000000000000000000 ) ) ;
#1507 = FACE_OUTER_BOUND ( 'NONE', #2794, .T. ) ;
#1508 = CARTESIAN_POINT ( 'NONE',  ( -0.7249999999999999800, 1.086707392548410500, -0.7772894254867989100 ) ) ;
#1509 = ORIENTED_EDGE ( 'NONE', *, *, #2592, .T. ) ;
#1510 = ORIENTED_EDGE ( 'NONE', *, *, #783, .T. ) ;
#1511 = CARTESIAN_POINT ( 'NONE',  ( 0.6399999999999993500, 0.4550000000000001300, -0.7333333333333331700 ) ) ;
#1512 = CARTESIAN_POINT ( 'NONE',  ( -0.5650000000000005000, 0.0000000000000000000, 1.000000000000000200 ) ) ;
#1513 = LINE ( 'NONE', #3933, #2227 ) ;
#1514 = DIRECTION ( 'NONE',  ( -1.836970198721029700E-016, 0.0000000000000000000, 1.000000000000000000 ) ) ;
#1515 = ORIENTED_EDGE ( 'NONE', *, *, #518, .T. ) ;
#1516 =( BOUNDED_SURFACE ( )  B_SPLINE_SURFACE ( 3, 3, ( 
 ( #1105, #142, #1433, #3600 ),
 ( #1756, #3900, #2065, #157 ),
 ( #2371, #473, #2695, #793 ),
 ( #3015, #1120, #3324, #1444 ) ),
 .UNSPECIFIED., .F., .F., .F. ) 
 B_SPLINE_SURFACE_WITH_KNOTS ( ( 4, 4 ),
 ( 4, 4 ),
 ( 0.0000000000000000000, 1.000000000000000000 ),
 ( 0.0000000000000000000, 1.000000000000000000 ),
 .UNSPECIFIED. ) 
 GEOMETRIC_REPRESENTATION_ITEM ( )  RATIONAL_B_SPLINE_SURFACE ( (
 ( 1.000000000000000000, 0.8047378541243649400, 0.8047378541243649400, 1.000000000000000000),
 ( 0.8047378541243670500, 0.6476030138606894100, 0.6476030138606894100, 0.8047378541243670500),
 ( 0.8047378541243670500, 0.6476030138606894100, 0.6476030138606894100, 0.8047378541243670500),
 ( 1.000000000000000000, 0.8047378541243649400, 0.8047378541243649400, 1.000000000000000000) ) ) 
 REPRESENTATION_ITEM ( '' )  SURFACE ( )  );
#1517 = ORIENTED_EDGE ( 'NONE', *, *, #3943, .F. ) ;
#1518 = CARTESIAN_POINT ( 'NONE',  ( -0.5333333333333339900, 0.4550000000000001300, -0.7333333333333328400 ) ) ;
#1519 = DIRECTION ( 'NONE',  ( -0.0000000000000000000, 0.0000000000000000000, -1.000000000000000000 ) ) ;
#1520 = EDGE_CURVE ( 'NONE', #1582, #3223, #3121, .T. ) ;
#1521 = VECTOR ( 'NONE', #3150, 1000.000000000000000 ) ;
#1522 = CIRCLE ( 'NONE', #2714, 0.05000000000000002400 ) ;
#1523 = PLANE ( 'NONE',  #3856 ) ;
#1524 = CARTESIAN_POINT ( 'NONE',  ( 0.7183333333333331600, 0.4000000000000000200, -0.7333333333333330600 ) ) ;
#1525 = VECTOR ( 'NONE', #983, 1000.000000000000000 ) ;
#1526 = CARTESIAN_POINT ( 'NONE',  ( 0.7249999999999999800, 0.1999999999999999800, 0.0000000000000000000 ) ) ;
#1527 = EDGE_CURVE ( 'NONE', #3148, #3660, #3815, .T. ) ;
#1528 = LINE ( 'NONE', #3859, #117 ) ;
#1529 = CIRCLE ( 'NONE', #527, 0.2350000000000001800 ) ;
#1530 =( NAMED_UNIT ( * ) PLANE_ANGLE_UNIT ( ) SI_UNIT ( $, .RADIAN. ) );
#1531 = LINE ( 'NONE', #220, #2246 ) ;
#1532 = VERTEX_POINT ( 'NONE', #962 ) ;
#1533 = AXIS2_PLACEMENT_3D ( 'NONE', #1616, #2213, #3114 ) ;
#1534 = DIRECTION ( 'NONE',  ( -0.0000000000000000000, -1.000000000000000000, -0.0000000000000000000 ) ) ;
#1535 = CARTESIAN_POINT ( 'NONE',  ( 0.7999999999999998200, 0.4000000000000001900, 0.8399999999999998600 ) ) ;
#1536 = VERTEX_POINT ( 'NONE', #1016 ) ;
#1537 = VERTEX_POINT ( 'NONE', #1202 ) ;
#1538 = DIRECTION ( 'NONE',  ( -0.0000000000000000000, -1.000000000000000000, -0.0000000000000000000 ) ) ;
#1539 = CARTESIAN_POINT ( 'NONE',  ( -0.8000000000000004900, 0.1999999999999999800, 0.9999999999999997800 ) ) ;
#1540 = ORIENTED_EDGE ( 'NONE', *, *, #1116, .F. ) ;
#1541 = CARTESIAN_POINT ( 'NONE',  ( 0.6270591633536379800, 0.4250000000000000400, -0.8933333333333332000 ) ) ;
#1542 = ORIENTED_EDGE ( 'NONE', *, *, #465, .F. ) ;
#1543 = CARTESIAN_POINT ( 'NONE',  ( -0.8000000000000004900, 0.1999999999999999800, -0.9999999999999997800 ) ) ;
#1544 = CARTESIAN_POINT ( 'NONE',  ( -0.5333333333333337700, 0.4396446609406725600, 0.8933333333333336500 ) ) ;
#1545 = EDGE_CURVE ( 'NONE', #1270, #3564, #2940, .T. ) ;
#1546 = ORIENTED_EDGE ( 'NONE', *, *, #1550, .F. ) ;
#1547 = DIRECTION ( 'NONE',  ( 0.0000000000000000000, 0.0000000000000000000, -1.000000000000000000 ) ) ;
#1548 = CARTESIAN_POINT ( 'NONE',  ( 0.2250000000000000300, 1.086707392548410500, 0.9249999999999999300 ) ) ;
#1549 = ORIENTED_EDGE ( 'NONE', *, *, #2024, .T. ) ;
#1550 = EDGE_CURVE ( 'NONE', #1929, #2352, #813, .T. ) ;
#1551 = VECTOR ( 'NONE', #2212, 1000.000000000000000 ) ;
#1552 = DIRECTION ( 'NONE',  ( 0.0000000000000000000, 1.000000000000000000, 0.0000000000000000000 ) ) ;
#1553 = FACE_OUTER_BOUND ( 'NONE', #2117, .T. ) ;
#1554 = FILL_AREA_STYLE_COLOUR ( '', #3784 ) ;
#1555 = AXIS2_PLACEMENT_3D ( 'NONE', #1758, #3017, #1124 ) ;
#1556 = MECHANICAL_DESIGN_GEOMETRIC_PRESENTATION_REPRESENTATION (  '', ( #695 ), #1767 ) ;
#1557 = ORIENTED_EDGE ( 'NONE', *, *, #1520, .F. ) ;
#1558 = ORIENTED_EDGE ( 'NONE', *, *, #1858, .T. ) ;
#1559 = CARTESIAN_POINT ( 'NONE',  ( -0.2250000000000000300, 0.1999999999999999800, 0.5250000000000005800 ) ) ;
#1560 = FILL_AREA_STYLE ('',( #3427 ) ) ;
#1561 = DIRECTION ( 'NONE',  ( -0.0000000000000000000, -1.000000000000000000, -0.0000000000000000000 ) ) ;
#1562 = ORIENTED_EDGE ( 'NONE', *, *, #1931, .F. ) ;
#1563 = DIRECTION ( 'NONE',  ( 0.0000000000000000000, -1.000000000000000000, 0.0000000000000000000 ) ) ;
#1564 = DIRECTION ( 'NONE',  ( 0.0000000000000000000, 0.0000000000000000000, -1.000000000000000000 ) ) ;
#1565 = VERTEX_POINT ( 'NONE', #999 ) ;
#1566 = LINE ( 'NONE', #2851, #3922 ) ;
#1567 = EDGE_LOOP ( 'NONE', ( #308, #1924, #2074, #597 ) ) ;
#1568 = DIRECTION ( 'NONE',  ( -0.0000000000000000000, 0.0000000000000000000, -1.000000000000000000 ) ) ;
#1569 = FACE_OUTER_BOUND ( 'NONE', #1284, .T. ) ;
#1570 = VECTOR ( 'NONE', #1561, 1000.000000000000000 ) ;
#1571 = CIRCLE ( 'NONE', #457, 0.2350000000000001800 ) ;
#1572 = EDGE_CURVE ( 'NONE', #3772, #2510, #1355, .T. ) ;
#1573 = CARTESIAN_POINT ( 'NONE',  ( -0.7036886723926610900, 0.4000000000000000800, 0.7333333333333336100 ) ) ;
#1574 = EDGE_CURVE ( 'NONE', #139, #3894, #3723, .T. ) ;
#1575 = ORIENTED_EDGE ( 'NONE', *, *, #1252, .T. ) ;
#1576 = VECTOR ( 'NONE', #2259, 1000.000000000000000 ) ;
#1577 = DIRECTION ( 'NONE',  ( -1.000000000000000000, 0.0000000000000000000, 1.478457507934779900E-016 ) ) ;
#1578 = CARTESIAN_POINT ( 'NONE',  ( -0.5333333333333339900, 0.4103553390593274700, -0.8933333333333328700 ) ) ;
#1579 = VECTOR ( 'NONE', #2830, 1000.000000000000000 ) ;
#1580 = CARTESIAN_POINT ( 'NONE',  ( 0.0000000000000000000, 0.1999999999999999800, 0.3250000000000000700 ) ) ;
#1581 = CARTESIAN_POINT ( 'NONE',  ( -0.4950000000000004400, 0.4800000000000000900, -0.6949999999999994000 ) ) ;
#1582 = VERTEX_POINT ( 'NONE', #1631 ) ;
#1583 = ORIENTED_EDGE ( 'NONE', *, *, #3764, .F. ) ;
#1584 = ORIENTED_EDGE ( 'NONE', *, *, #258, .T. ) ;
#1585 = CARTESIAN_POINT ( 'NONE',  ( 0.0000000000000000000, 0.1999999999999999800, -0.3250000000000000700 ) ) ;
#1586 = ORIENTED_EDGE ( 'NONE', *, *, #1746, .F. ) ;
#1587 = VERTEX_POINT ( 'NONE', #1591 ) ;
#1588 = ORIENTED_EDGE ( 'NONE', *, *, #2565, .T. ) ;
#1589 = DIRECTION ( 'NONE',  ( 0.0000000000000000000, -0.0000000000000000000, 1.000000000000000000 ) ) ;
#1590 = CARTESIAN_POINT ( 'NONE',  ( 0.6399999999999994600, 0.4499999999999999600, -0.7333333333333331700 ) ) ;
#1591 = CARTESIAN_POINT ( 'NONE',  ( 0.6400000000000003500, 0.0000000000000000000, 1.000000000000000200 ) ) ;
#1592 = ORIENTED_EDGE ( 'NONE', *, *, #1134, .T. ) ;
#1593 = CARTESIAN_POINT ( 'NONE',  ( -0.2250000000000000100, 1.086707392548410500, 0.5250000000000005800 ) ) ;
#1594 = VECTOR ( 'NONE', #707, 1000.000000000000000 ) ;
#1595 = EDGE_CURVE ( 'NONE', #2689, #3369, #2841, .T. ) ;
#1596 = FACE_OUTER_BOUND ( 'NONE', #2515, .T. ) ;
#1597 = ORIENTED_EDGE ( 'NONE', *, *, #3937, .F. ) ;
#1598 = CARTESIAN_POINT ( 'NONE',  ( -0.4250000000000001000, 0.0000000000000000000, 0.3250000000000000700 ) ) ;
#1599 = VECTOR ( 'NONE', #2721, 1000.000000000000000 ) ;
#1600 = FACE_OUTER_BOUND ( 'NONE', #1761, .T. ) ;
#1601 = VERTEX_POINT ( 'NONE', #1926 ) ;
#1602 = EDGE_CURVE ( 'NONE', #1483, #2678, #3542, .T. ) ;
#1603 = DIRECTION ( 'NONE',  ( -1.000000000000000000, -0.0000000000000000000, -0.0000000000000000000 ) ) ;
#1604 = DIRECTION ( 'NONE',  ( -1.000000000000000000, -0.0000000000000000000, 0.0000000000000000000 ) ) ;
#1605 = ORIENTED_EDGE ( 'NONE', *, *, #835, .F. ) ;
#1606 = VERTEX_POINT ( 'NONE', #1989 ) ;
#1607 = AXIS2_PLACEMENT_3D ( 'NONE', #3786, #1954, #43 ) ;
#1608 = AXIS2_PLACEMENT_3D ( 'NONE', #2825, #911, #3127 ) ;
#1609 = LINE ( 'NONE', #1585, #754 ) ;
#1610 = ORIENTED_EDGE ( 'NONE', *, *, #2874, .T. ) ;
#1611 = ORIENTED_EDGE ( 'NONE', *, *, #865, .T. ) ;
#1612 = CARTESIAN_POINT ( 'NONE',  ( -0.8000000000000004900, 1.086707392548410500, -0.9999999999999997800 ) ) ;
#1613 = CARTESIAN_POINT ( 'NONE',  ( -0.6400000000000003500, 0.4813603896932108200, 0.7333333333333340600 ) ) ;
#1614 = CARTESIAN_POINT ( 'NONE',  ( -0.5333333333333337700, 0.4500000000000000100, 0.8683333333333338500 ) ) ;
#1615 = CARTESIAN_POINT ( 'NONE',  ( -0.5333333333333341000, 0.4250000000000000400, -0.8933333333333327600 ) ) ;
#1616 = CARTESIAN_POINT ( 'NONE',  ( -0.4950000000000004400, 0.3385786437626904200, -0.6949999999999994000 ) ) ;
#1617 = LINE ( 'NONE', #1479, #3378 ) ;
#1618 = CARTESIAN_POINT ( 'NONE',  ( 0.5650000000000003900, 1.086707392548410500, 1.000000000000000400 ) ) ;
#1619 = DIRECTION ( 'NONE',  ( -1.000000000000000000, -0.0000000000000000000, 3.049318610115479700E-016 ) ) ;
#1620 = CIRCLE ( 'NONE', #3995, 0.2350000000000000700 ) ;
#1621 = VECTOR ( 'NONE', #2856, 1000.000000000000000 ) ;
#1622 = EDGE_CURVE ( 'NONE', #2250, #1601, #292, .T. ) ;
#1623 = FACE_OUTER_BOUND ( 'NONE', #3226, .T. ) ;
#1624 = DIRECTION ( 'NONE',  ( 1.011922027653137700E-014, 0.0000000000000000000, 1.000000000000000000 ) ) ;
#1625 = FACE_OUTER_BOUND ( 'NONE', #3386, .T. ) ;
#1626 = EDGE_CURVE ( 'NONE', #393, #2678, #2088, .T. ) ;
#1627 = CARTESIAN_POINT ( 'NONE',  ( -0.2250000000000000300, 0.1999999999999999800, 0.9249999999999999300 ) ) ;
#1628 = CIRCLE ( 'NONE', #2383, 0.2350000000000000700 ) ;
#1629 = ORIENTED_EDGE ( 'NONE', *, *, #2569, .T. ) ;
#1630 = VERTEX_POINT ( 'NONE', #2199 ) ;
#1631 = CARTESIAN_POINT ( 'NONE',  ( 0.2250000000000000600, 0.1999999999999999800, 0.3250000000000000700 ) ) ;
#1632 = ORIENTED_EDGE ( 'NONE', *, *, #1092, .F. ) ;
#1633 = EDGE_LOOP ( 'NONE', ( #2567, #2254, #79, #337 ) ) ;
#1634 = ORIENTED_EDGE ( 'NONE', *, *, #90, .F. ) ;
#1635 = AXIS2_PLACEMENT_3D ( 'NONE', #1648, #3793, #1955 ) ;
#1636 = AXIS2_PLACEMENT_3D ( 'NONE', #2154, #2799, #2787 ) ;
#1637 = EDGE_LOOP ( 'NONE', ( #525, #995, #2276, #1183, #3626, #3398, #4030, #2619 ) ) ;
#1638 = VERTEX_POINT ( 'NONE', #1852 ) ;
#1639 = VERTEX_POINT ( 'NONE', #2230 ) ;
#1640 = ADVANCED_FACE ( 'NONE', ( #2631 ), #1974, .T. ) ;
#1641 = DIRECTION ( 'NONE',  ( 1.000000000000000000, 0.0000000000000000000, -0.0000000000000000000 ) ) ;
#1642 = CARTESIAN_POINT ( 'NONE',  ( 0.6400000000000002400, 0.2000000000000000400, -0.9999999999999997800 ) ) ;
#1643 = AXIS2_PLACEMENT_3D ( 'NONE', #2873, #960, #3177 ) ;
#1644 = DIRECTION ( 'NONE',  ( 0.0000000000000000000, -0.0000000000000000000, 1.000000000000000000 ) ) ;
#1645 =( BOUNDED_CURVE ( )  B_SPLINE_CURVE ( 3, ( #2090, #2400, #500, #2725 ),
 .UNSPECIFIED., .F., .F. ) 
 B_SPLINE_CURVE_WITH_KNOTS ( ( 4, 4 ),
 ( 0.0000000000000000000, 1.000000000000000000 ),
 .UNSPECIFIED. ) 
 CURVE ( )  GEOMETRIC_REPRESENTATION_ITEM ( )  RATIONAL_B_SPLINE_CURVE ( ( 1.000000000000000000, 0.8047378541243649400, 0.8047378541243649400, 1.000000000000000000 ) ) 
 REPRESENTATION_ITEM ( '' )  );
#1646 = CARTESIAN_POINT ( 'NONE',  ( 0.6400000000000002400, 0.4000000000000001900, -0.9999999999999997800 ) ) ;
#1647 = ORIENTED_EDGE ( 'NONE', *, *, #946, .F. ) ;
#1648 = CARTESIAN_POINT ( 'NONE',  ( 0.5333333333333328800, 0.4499999999999999000, 0.7333333333333336100 ) ) ;
#1649 = ORIENTED_EDGE ( 'NONE', *, *, #1252, .F. ) ;
#1650 = DIRECTION ( 'NONE',  ( -0.0000000000000000000, 0.0000000000000000000, -1.000000000000000000 ) ) ;
#1651 = CARTESIAN_POINT ( 'NONE',  ( 0.7183333333333329400, 0.4000000000000000800, 0.7333333333333336100 ) ) ;
#1652 = ORIENTED_EDGE ( 'NONE', *, *, #1689, .F. ) ;
#1653 = CARTESIAN_POINT ( 'NONE',  ( 0.5772894254867994000, 0.0000000000000000000, -0.9249999999999999300 ) ) ;
#1654 = VECTOR ( 'NONE', #1037, 1000.000000000000000 ) ;
#1655 = EDGE_CURVE ( 'NONE', #3053, #1537, #1046, .T. ) ;
#1656 = CARTESIAN_POINT ( 'NONE',  ( -0.6400000000000003500, 0.2000000000000000400, 1.000000000000000200 ) ) ;
#1657 = DIRECTION ( 'NONE',  ( 0.0000000000000000000, -0.0000000000000000000, 1.000000000000000000 ) ) ;
#1658 = ORIENTED_EDGE ( 'NONE', *, *, #2699, .F. ) ;
#1659 = DIRECTION ( 'NONE',  ( -6.098637220230959300E-015, 0.0000000000000000000, -1.000000000000000000 ) ) ;
#1660 = ADVANCED_FACE ( 'NONE', ( #1800 ), #2583, .T. ) ;
#1661 = EDGE_CURVE ( 'NONE', #3611, #938, #3366, .T. ) ;
#1662 = DIRECTION ( 'NONE',  ( 0.0000000000000000000, -1.000000000000000000, -0.0000000000000000000 ) ) ;
#1663 = CARTESIAN_POINT ( 'NONE',  ( -0.4250000000000001000, 0.0000000000000000000, 0.3250000000000000700 ) ) ;
#1664 = VERTEX_POINT ( 'NONE', #2806 ) ;
#1665 = CARTESIAN_POINT ( 'NONE',  ( -0.5950000000000005300, 0.5000000000000000000, 8.796822172211938700E-017 ) ) ;
#1666 = AXIS2_PLACEMENT_3D ( 'NONE', #182, #3921, #2395 ) ;
#1667 = AXIS2_PLACEMENT_3D ( 'NONE', #81, #66, #110 ) ;
#1668 = CARTESIAN_POINT ( 'NONE',  ( 0.7249999999999999800, 1.086707392548410500, 0.3250000000000000700 ) ) ;
#1669 = EDGE_LOOP ( 'NONE', ( #253, #1980, #1933, #3679 ) ) ;
#1670 = FACE_OUTER_BOUND ( 'NONE', #2129, .T. ) ;
#1671 = CARTESIAN_POINT ( 'NONE',  ( 0.5333333333333329900, 0.4550000000000001300, -0.8399999999999996400 ) ) ;
#1672 = CARTESIAN_POINT ( 'NONE',  ( -0.7999999999999997100, 0.0000000000000000000, -0.8399999999999998600 ) ) ;
#1673 = DIRECTION ( 'NONE',  ( 6.123233995736766000E-017, 0.0000000000000000000, -1.000000000000000000 ) ) ;
#1674 = VECTOR ( 'NONE', #426, 1000.000000000000000 ) ;
#1675 = VECTOR ( 'NONE', #2974, 1000.000000000000000 ) ;
#1676 = DIRECTION ( 'NONE',  ( -1.000000000000000000, 0.0000000000000000000, 0.0000000000000000000 ) ) ;
#1677 = VECTOR ( 'NONE', #986, 1000.000000000000000 ) ;
#1678 = CARTESIAN_POINT ( 'NONE',  ( 0.6400000000000003500, 0.4000000000000001900, 1.000000000000000200 ) ) ;
#1680 = ORIENTED_EDGE ( 'NONE', *, *, #1438, .F. ) ;
#1679 = DIRECTION ( 'NONE',  ( -1.000000000000000000, -7.228014483236693600E-015, 0.0000000000000000000 ) ) ;
#1681 = CIRCLE ( 'NONE', #241, 0.04500000000000001200 ) ;
#1682 = ORIENTED_EDGE ( 'NONE', *, *, #3120, .F. ) ;
#1683 = EDGE_CURVE ( 'NONE', #2852, #523, #97, .T. ) ;
#1684 = ADVANCED_FACE ( 'NONE', ( #2530 ), #2428, .T. ) ;
#1685 =( NAMED_UNIT ( * ) SI_UNIT ( $, .STERADIAN. ) SOLID_ANGLE_UNIT ( ) );
#1686 = ORIENTED_EDGE ( 'NONE', *, *, #3356, .T. ) ;
#1687 = ORIENTED_EDGE ( 'NONE', *, *, #3666, .T. ) ;
#1688 = PLANE ( 'NONE',  #1178 ) ;
#1689 = EDGE_CURVE ( 'NONE', #299, #2093, #4042, .T. ) ;
#1690 = DIRECTION ( 'NONE',  ( 2.032879073410319800E-016, -0.0000000000000000000, 1.000000000000000000 ) ) ;
#1691 = ORIENTED_EDGE ( 'NONE', *, *, #3361, .T. ) ;
#1692 = ORIENTED_EDGE ( 'NONE', *, *, #603, .T. ) ;
#1693 = CARTESIAN_POINT ( 'NONE',  ( 0.5650000000000003900, 0.2000000000000000400, 1.000000000000000200 ) ) ;
#1694 = CARTESIAN_POINT ( 'NONE',  ( -0.6829779942740065200, 0.4500000000000000100, -0.8209931461756553300 ) ) ;
#1695 = AXIS2_PLACEMENT_3D ( 'NONE', #1127, #834, #1112 ) ;
#1696 = EDGE_LOOP ( 'NONE', ( #2356, #2790, #2865, #504 ) ) ;
#1697 = CARTESIAN_POINT ( 'NONE',  ( -0.4950000000000004400, 0.5000000000000000000, -0.7449999999999994400 ) ) ;
#1698 = VERTEX_POINT ( 'NONE', #3214 ) ;
#1699 = CARTESIAN_POINT ( 'NONE',  ( -0.6400000000000004600, 0.4813603896932107100, -0.7333333333333327300 ) ) ;
#1700 = DIRECTION ( 'NONE',  ( -1.000000000000000000, 0.0000000000000000000, 1.011922027653137700E-014 ) ) ;
#1701 = PRESENTATION_LAYER_ASSIGNMENT (  '', '', ( #1482 ) ) ;
#1702 = ORIENTED_EDGE ( 'NONE', *, *, #2569, .F. ) ;
#1703 = CARTESIAN_POINT ( 'NONE',  ( -0.8000000000000004900, 1.086707392548410500, -0.9999999999999997800 ) ) ;
#1704 = VECTOR ( 'NONE', #3540, 1000.000000000000000 ) ;
#1705 = CIRCLE ( 'NONE', #1848, 0.2350000000000001800 ) ;
#1706 = CARTESIAN_POINT ( 'NONE',  ( 0.5958172200135359900, 0.4813603896932106600, 0.8400000000000001900 ) ) ;
#1707 = ADVANCED_FACE ( 'NONE', ( #1600 ), #3170, .T. ) ;
#1708 = DIRECTION ( 'NONE',  ( -0.0000000000000000000, 1.000000000000000000, -0.0000000000000000000 ) ) ;
#1709 = SURFACE_STYLE_FILL_AREA ( #3035 ) ;
#1710 = PLANE ( 'NONE',  #2127 ) ;
#1711 = VECTOR ( 'NONE', #2877, 1000.000000000000000 ) ;
#1712 = CARTESIAN_POINT ( 'NONE',  ( -0.6400000000000003500, 0.4499999999999999000, 0.7333333333333337300 ) ) ;
#1713 = ORIENTED_EDGE ( 'NONE', *, *, #521, .T. ) ;
#1714 = CARTESIAN_POINT ( 'NONE',  ( 0.6270591633536378700, 0.4396446609406727800, -0.8933333333333335300 ) ) ;
#1715 = CARTESIAN_POINT ( 'NONE',  ( -0.5650000000000003900, 2.961249694973139900, -0.9999999999999997800 ) ) ;
#1716 = VERTEX_POINT ( 'NONE', #3409 ) ;
#1717 = EDGE_CURVE ( 'NONE', #2526, #176, #747, .T. ) ;
#1718 = FACE_OUTER_BOUND ( 'NONE', #1337, .T. ) ;
#1719 = DIRECTION ( 'NONE',  ( 0.0000000000000000000, 0.0000000000000000000, -1.000000000000000000 ) ) ;
#1720 = CARTESIAN_POINT ( 'NONE',  ( -0.8000000000000004900, 0.2000000000000000400, -0.8399999999999996400 ) ) ;
#1721 = AXIS2_PLACEMENT_3D ( 'NONE', #224, #2422, #2437 ) ;
#1722 = MECHANICAL_DESIGN_GEOMETRIC_PRESENTATION_REPRESENTATION (  '', ( #1066 ), #1916 ) ;
#1723 = EDGE_LOOP ( 'NONE', ( #1298, #3074, #1831, #1494 ) ) ;
#1724 = CARTESIAN_POINT ( 'NONE',  ( 0.7249999999999999800, 0.1999999999999999800, 0.0000000000000000000 ) ) ;
#1725 = CARTESIAN_POINT ( 'NONE',  ( -0.7249999999999999800, 1.086707392548410500, 0.7772894254867990200 ) ) ;
#1726 = CARTESIAN_POINT ( 'NONE',  ( -0.5772894254867996200, 0.1999999999999999800, 0.9249999999999999300 ) ) ;
#1727 = LINE ( 'NONE', #2531, #1521 ) ;
#1728 = DIRECTION ( 'NONE',  ( -1.000000000000000000, 0.0000000000000000000, -1.011922027653137700E-014 ) ) ;
#1729 = ADVANCED_FACE ( 'NONE', ( #3956 ), #3478, .T. ) ;
#1730 = CARTESIAN_POINT ( 'NONE',  ( 0.7249999999999999800, 0.0000000000000000000, 0.3250000000000000700 ) ) ;
#1731 = CYLINDRICAL_SURFACE ( 'NONE', #1003, 0.02499999999999995600 ) ;
#1732 = LINE ( 'NONE', #2544, #3292 ) ;
#1733 = DIRECTION ( 'NONE',  ( 0.0000000000000000000, 1.000000000000000000, 0.0000000000000000000 ) ) ;
#1734 = DIRECTION ( 'NONE',  ( 0.0000000000000000000, 1.000000000000000000, 0.0000000000000000000 ) ) ;
#1735 = VECTOR ( 'NONE', #3285, 1000.000000000000000 ) ;
#1736 = CARTESIAN_POINT ( 'NONE',  ( -0.5333333333333342100, 0.4250000000000000400, -0.8933333333333327600 ) ) ;
#1737 = CARTESIAN_POINT ( 'NONE',  ( 0.5333333333333329900, 0.4000000000000000800, 0.9036886723926611500 ) ) ;
#1738 = LINE ( 'NONE', #3915, #863 ) ;
#1739 = CARTESIAN_POINT ( 'NONE',  ( -0.5333333333333337700, 0.4250000000000000400, 0.7333333333333336100 ) ) ;
#1740 = ORIENTED_EDGE ( 'NONE', *, *, #2162, .F. ) ;
#1741 = EDGE_CURVE ( 'NONE', #133, #1536, #3272, .T. ) ;
#1742 = VERTEX_POINT ( 'NONE', #3397 ) ;
#1743 = DIRECTION ( 'NONE',  ( 1.000000000000000000, 0.0000000000000000000, 0.0000000000000000000 ) ) ;
#1744 = ORIENTED_EDGE ( 'NONE', *, *, #3843, .F. ) ;
#1745 = ORIENTED_EDGE ( 'NONE', *, *, #3783, .T. ) ;
#1746 = EDGE_CURVE ( 'NONE', #1023, #3803, #648, .T. ) ;
#1747 = CARTESIAN_POINT ( 'NONE',  ( -0.4950000000000004400, 0.4800000000000000900, -0.6949999999999994000 ) ) ;
#1748 = ADVANCED_FACE ( 'NONE', ( #2218 ), #539, .T. ) ;
#1749 = DIRECTION ( 'NONE',  ( -0.0000000000000000000, -1.000000000000000000, -0.0000000000000000000 ) ) ;
#1750 = ORIENTED_EDGE ( 'NONE', *, *, #2233, .T. ) ;
#1751 = ORIENTED_EDGE ( 'NONE', *, *, #3615, .T. ) ;
#1752 = FACE_OUTER_BOUND ( 'NONE', #3446, .T. ) ;
#1753 = VECTOR ( 'NONE', #577, 1000.000000000000000 ) ;
#1754 = VERTEX_POINT ( 'NONE', #4028 ) ;
#1755 = DIRECTION ( 'NONE',  ( -1.000000000000000000, 0.0000000000000000000, -0.0000000000000000000 ) ) ;
#1756 = CARTESIAN_POINT ( 'NONE',  ( 0.5333333333333329900, 0.4499999999999999000, 0.8829779942740063600 ) ) ;
#1757 = ORIENTED_EDGE ( 'NONE', *, *, #3810, .F. ) ;
#1758 = CARTESIAN_POINT ( 'NONE',  ( -0.2250000000000000300, 1.086707392548410500, -0.3250000000000000700 ) ) ;
#1759 = EDGE_CURVE ( 'NONE', #2948, #2614, #839, .T. ) ;
#1760 = ADVANCED_FACE ( 'NONE', ( #1507 ), #1523, .F. ) ;
#1761 = EDGE_LOOP ( 'NONE', ( #2038, #777, #547, #1230 ) ) ;
#1762 = EDGE_CURVE ( 'NONE', #1344, #128, #2133, .T. ) ;
#1763 = EDGE_LOOP ( 'NONE', ( #2441, #3577, #1231, #1392 ) ) ;
#1764 = CARTESIAN_POINT ( 'NONE',  ( -0.5772894254867996200, 0.0000000000000000000, 0.9249999999999999300 ) ) ;
#1765 = VECTOR ( 'NONE', #3823, 1000.000000000000000 ) ;
#1766 = AXIS2_PLACEMENT_3D ( 'NONE', #3054, #1166, #3370 ) ;
#1767 =( GEOMETRIC_REPRESENTATION_CONTEXT ( 3 ) GLOBAL_UNCERTAINTY_ASSIGNED_CONTEXT ( ( #1439 ) ) GLOBAL_UNIT_ASSIGNED_CONTEXT ( ( #1038, #2216, #1272 ) ) REPRESENTATION_CONTEXT ( 'NONE', 'WORKASPACE' ) );
#1768 = UNCERTAINTY_MEASURE_WITH_UNIT (LENGTH_MEASURE( 1.000000000000000100E-005 ), #3063, 'distance_accuracy_value', 'NONE');
#1769 = CARTESIAN_POINT ( 'NONE',  ( 0.7999999999999997100, 0.2000000000000000400, -0.7649999999999995700 ) ) ;
#1770 = LINE ( 'NONE', #1076, #3332 ) ;
#1771 = LINE ( 'NONE', #1403, #1570 ) ;
#1772 = DIRECTION ( 'NONE',  ( -1.478457507934779100E-016, 0.0000000000000000000, -1.000000000000000000 ) ) ;
#1773 = CIRCLE ( 'NONE', #1607, 0.2350000000000001800 ) ;
#1774 = DIRECTION ( 'NONE',  ( -1.000000000000000000, 0.0000000000000000000, -0.0000000000000000000 ) ) ;
#1775 = CARTESIAN_POINT ( 'NONE',  ( -0.2250000000000000600, 0.0000000000000000000, -0.3250000000000000700 ) ) ;
#1776 = CIRCLE ( 'NONE', #2444, 0.02499999999999995600 ) ;
#1777 = AXIS2_PLACEMENT_3D ( 'NONE', #1459, #3625, #2277 ) ;
#1778 = DIRECTION ( 'NONE',  ( 0.0000000000000000000, 1.000000000000000000, 0.0000000000000000000 ) ) ;
#1779 = ORIENTED_EDGE ( 'NONE', *, *, #3738, .F. ) ;
#1780 = ORIENTED_EDGE ( 'NONE', *, *, #3068, .F. ) ;
#1781 = ADVANCED_FACE ( 'NONE', ( #3073 ), #1810, .T. ) ;
#1782 = ORIENTED_EDGE ( 'NONE', *, *, #2077, .F. ) ;
#1783 = CARTESIAN_POINT ( 'NONE',  ( -0.6400000000000004600, 0.4500000000000000700, 0.0000000000000000000 ) ) ;
#1784 = CARTESIAN_POINT ( 'NONE',  ( -0.5772894254867996200, 0.1999999999999999800, 0.9249999999999999300 ) ) ;
#1785 = ORIENTED_EDGE ( 'NONE', *, *, #390, .F. ) ;
#1786 = EDGE_CURVE ( 'NONE', #1100, #128, #2986, .T. ) ;
#1787 =( NAMED_UNIT ( * ) SI_UNIT ( $, .STERADIAN. ) SOLID_ANGLE_UNIT ( ) );
#1788 = ORIENTED_EDGE ( 'NONE', *, *, #1996, .T. ) ;
#1789 = ORIENTED_EDGE ( 'NONE', *, *, #41, .F. ) ;
#1790 = PLANE ( 'NONE',  #2502 ) ;
#1791 =( LENGTH_UNIT ( ) NAMED_UNIT ( * ) SI_UNIT ( .MILLI., .METRE. ) );
#1792 = VECTOR ( 'NONE', #2902, 1000.000000000000000 ) ;
#1793 = CARTESIAN_POINT ( 'NONE',  ( -0.6400000000000003500, 2.961249694973139900, 1.000000000000000200 ) ) ;
#1794 = LINE ( 'NONE', #3184, #3537 ) ;
#1795 = AXIS2_PLACEMENT_3D ( 'NONE', #2479, #2494, #2509 ) ;
#1796 = CARTESIAN_POINT ( 'NONE',  ( 0.7999999999999997100, 0.1999999999999999800, 0.8399999999999998600 ) ) ;
#1797 = CIRCLE ( 'NONE', #1265, 0.2350000000000001800 ) ;
#1798 = CARTESIAN_POINT ( 'NONE',  ( 0.8000000000000004900, 1.086707392548410500, 0.9999999999999997800 ) ) ;
#1799 = CARTESIAN_POINT ( 'NONE',  ( -0.6683333333333338900, 0.4500000000000000700, 0.7333333333333336100 ) ) ;
#1800 = FACE_OUTER_BOUND ( 'NONE', #1019, .T. ) ;
#1801 = ADVANCED_FACE ( 'NONE', ( #449 ), #1825, .T. ) ;
#1802 = VERTEX_POINT ( 'NONE', #1314 ) ;
#1803 = VERTEX_POINT ( 'NONE', #837 ) ;
#1804 = CARTESIAN_POINT ( 'NONE',  ( -0.6933333333333338000, 0.4250000000000000400, 0.7333333333333336100 ) ) ;
#1805 = CARTESIAN_POINT ( 'NONE',  ( 0.6417038242943103900, 0.4000000000000000800, -0.9183333333333334500 ) ) ;
#1806 = VECTOR ( 'NONE', #38, 1000.000000000000000 ) ;
#1807 = DIRECTION ( 'NONE',  ( 1.000000000000000000, 0.0000000000000000000, -0.0000000000000000000 ) ) ;
#1808 = EDGE_CURVE ( 'NONE', #2666, #2076, #2888, .T. ) ;
#1809 = ORIENTED_EDGE ( 'NONE', *, *, #3286, .T. ) ;
#1810 = PLANE ( 'NONE',  #222 ) ;
#1811 = CARTESIAN_POINT ( 'NONE',  ( -0.6400000000000002400, 0.4000000000000001900, -1.000000000000000000 ) ) ;
#1812 = EDGE_CURVE ( 'NONE', #32, #2948, #3676, .T. ) ;
#1813 = VECTOR ( 'NONE', #3057, 1000.000000000000000 ) ;
#1814 = CARTESIAN_POINT ( 'NONE',  ( -0.6683333333333338900, 0.4499999999999999600, 9.881024344697449300E-017 ) ) ;
#1815 = LINE ( 'NONE', #3364, #1216 ) ;
#1816 = DIRECTION ( 'NONE',  ( 1.000000000000000000, 0.0000000000000000000, -0.0000000000000000000 ) ) ;
#1817 =( BOUNDED_SURFACE ( )  B_SPLINE_SURFACE ( 3, 3, ( 
 ( #3710, #4002, #3991, #2811 ),
 ( #2483, #584, #2161, #263 ),
 ( #3698, #1855, #3415, #1544 ),
 ( #1804, #3650, #2111, #3945 ) ),
 .UNSPECIFIED., .F., .F., .F. ) 
 B_SPLINE_SURFACE_WITH_KNOTS ( ( 4, 4 ),
 ( 4, 4 ),
 ( 0.0000000000000000000, 1.000000000000000000 ),
 ( 0.0000000000000000000, 1.000000000000000000 ),
 .UNSPECIFIED. ) 
 GEOMETRIC_REPRESENTATION_ITEM ( )  RATIONAL_B_SPLINE_SURFACE ( (
 ( 1.000000000000000000, 0.8047378541243652700, 0.8047378541243652700, 1.000000000000000000),
 ( 0.8047378541243661600, 0.6476030138606888600, 0.6476030138606888600, 0.8047378541243661600),
 ( 0.8047378541243661600, 0.6476030138606888600, 0.6476030138606888600, 0.8047378541243661600),
 ( 1.000000000000000000, 0.8047378541243652700, 0.8047378541243652700, 1.000000000000000000) ) ) 
 REPRESENTATION_ITEM ( '' )  SURFACE ( )  );
#1818 = VERTEX_POINT ( 'NONE', #1862 ) ;
#1819 = VECTOR ( 'NONE', #2821, 1000.000000000000000 ) ;
#1820 = AXIS2_PLACEMENT_3D ( 'NONE', #1703, #1061, #2969 ) ;
#1821 = AXIS2_PLACEMENT_3D ( 'NONE', #3721, #1879, #4017 ) ;
#1822 = VECTOR ( 'NONE', #3804, 1000.000000000000000 ) ;
#1823 = DIRECTION ( 'NONE',  ( -0.0000000000000000000, 0.0000000000000000000, 1.000000000000000000 ) ) ;
#1824 = CARTESIAN_POINT ( 'NONE',  ( 0.7249999999999999800, 1.086707392548410500, -0.7772894254867989100 ) ) ;
#1825 = PLANE ( 'NONE',  #846 ) ;
#1826 = DIRECTION ( 'NONE',  ( 0.0000000000000000000, -0.0000000000000000000, -1.000000000000000000 ) ) ;
#1827 = LINE ( 'NONE', #1793, #773 ) ;
#1828 = VERTEX_POINT ( 'NONE', #2743 ) ;
#1829 = DIRECTION ( 'NONE',  ( -0.7071067811865484600, 0.0000000000000000000, 0.7071067811865465700 ) ) ;
#1830 = EDGE_LOOP ( 'NONE', ( #2693, #1557, #1232, #3304 ) ) ;
#1831 = ORIENTED_EDGE ( 'NONE', *, *, #604, .T. ) ;
#1832 = ORIENTED_EDGE ( 'NONE', *, *, #994, .T. ) ;
#1833 = ORIENTED_EDGE ( 'NONE', *, *, #1386, .T. ) ;
#1834 = EDGE_CURVE ( 'NONE', #871, #570, #1201, .T. ) ;
#1835 = ORIENTED_EDGE ( 'NONE', *, *, #2540, .F. ) ;
#1836 = DIRECTION ( 'NONE',  ( -0.0000000000000000000, -1.000000000000000000, -0.0000000000000000000 ) ) ;
#1837 = EDGE_CURVE ( 'NONE', #3827, #1344, #2047, .T. ) ;
#1838 = CARTESIAN_POINT ( 'NONE',  ( 0.5333333333333329900, 0.4000000000000000200, -0.9183333333333333300 ) ) ;
#1839 = EDGE_LOOP ( 'NONE', ( #1897, #632, #1562, #2842 ) ) ;
#1840 = AXIS2_PLACEMENT_3D ( 'NONE', #998, #3212, #1336 ) ;
#1841 = VERTEX_POINT ( 'NONE', #1663 ) ;
#1842 = AXIS2_PLACEMENT_3D ( 'NONE', #2518, #2083, #480 ) ;
#1843 = DIRECTION ( 'NONE',  ( 0.0000000000000000000, 0.0000000000000000000, 1.000000000000000000 ) ) ;
#1844 = LINE ( 'NONE', #2760, #145 ) ;
#1845 = EDGE_CURVE ( 'NONE', #3677, #544, #1300, .T. ) ;
#1846 = LINE ( 'NONE', #709, #3408 ) ;
#1847 = ORIENTED_EDGE ( 'NONE', *, *, #208, .F. ) ;
#1848 = AXIS2_PLACEMENT_3D ( 'NONE', #367, #2581, #691 ) ;
#1849 = DIRECTION ( 'NONE',  ( 0.0000000000000000000, 1.000000000000000000, 0.0000000000000000000 ) ) ;
#1850 = VERTEX_POINT ( 'NONE', #2491 ) ;
#1851 = CARTESIAN_POINT ( 'NONE',  ( -1.616138863361203600E-016, 0.4550000000000000200, -0.7949999999999994800 ) ) ;
#1852 = CARTESIAN_POINT ( 'NONE',  ( -0.6400000000000003500, 0.0000000000000000000, 1.000000000000000200 ) ) ;
#1853 = DIRECTION ( 'NONE',  ( 0.0000000000000000000, 0.0000000000000000000, -1.000000000000000000 ) ) ;
#1854 = ORIENTED_EDGE ( 'NONE', *, *, #1968, .T. ) ;
#1855 = CARTESIAN_POINT ( 'NONE',  ( -0.6933333333333335800, 0.4396446609406726200, 0.8270591633536383800 ) ) ;
#1856 = DIRECTION ( 'NONE',  ( -0.7071067811865465700, 0.0000000000000000000, -0.7071067811865483500 ) ) ;
#1857 = CARTESIAN_POINT ( 'NONE',  ( 0.6400000000000003500, 0.0000000000000000000, 1.000000000000000200 ) ) ;
#1858 = EDGE_CURVE ( 'NONE', #1537, #23, #248, .T. ) ;
#1859 = CARTESIAN_POINT ( 'NONE',  ( -0.6683333333333338900, 0.4249999999999999900, 9.881024344697449300E-017 ) ) ;
#1860 = CARTESIAN_POINT ( 'NONE',  ( 0.6213603896932103900, 0.5000000000000002200, -0.7848983890931681100 ) ) ;
#1861 = LINE ( 'NONE', #852, #1001 ) ;
#1862 = CARTESIAN_POINT ( 'NONE',  ( 0.7249999999999999800, 0.1999999999999999800, 0.3250000000000000700 ) ) ;
#1863 = CARTESIAN_POINT ( 'NONE',  ( 0.6399999999999993500, 2.612060605191053300, 0.7333333333333336100 ) ) ;
#1864 = DIRECTION ( 'NONE',  ( -0.0000000000000000000, 1.000000000000000000, -0.0000000000000000000 ) ) ;
#1865 = LINE ( 'NONE', #2139, #2593 ) ;
#1866 = EDGE_CURVE ( 'NONE', #1984, #1754, #2783, .T. ) ;
#1867 = FACE_OUTER_BOUND ( 'NONE', #3197, .T. ) ;
#1868 = LINE ( 'NONE', #2146, #169 ) ;
#1869 = SURFACE_STYLE_FILL_AREA ( #1560 ) ;
#1870 = ORIENTED_EDGE ( 'NONE', *, *, #893, .T. ) ;
#1871 = STYLED_ITEM ( 'NONE', ( #3090 ), #3955 ) ;
#1872 = AXIS2_PLACEMENT_3D ( 'NONE', #2264, #1778, #699 ) ;
#1873 = SURFACE_STYLE_USAGE ( .BOTH. , #3713 ) ;
#1874 = ORIENTED_EDGE ( 'NONE', *, *, #1303, .T. ) ;
#1875 = ORIENTED_EDGE ( 'NONE', *, *, #737, .F. ) ;
#1876 = ORIENTED_EDGE ( 'NONE', *, *, #444, .F. ) ;
#1877 = ORIENTED_EDGE ( 'NONE', *, *, #1834, .F. ) ;
#1878 = CARTESIAN_POINT ( 'NONE',  ( 0.5772894254867995100, 0.1999999999999999800, 0.9249999999999998200 ) ) ;
#1879 = DIRECTION ( 'NONE',  ( 1.000000000000000000, 0.0000000000000000000, 0.0000000000000000000 ) ) ;
#1880 = ORIENTED_EDGE ( 'NONE', *, *, #1786, .F. ) ;
#1881 = EDGE_CURVE ( 'NONE', #93, #2852, #1098, .T. ) ;
#1882 = ORIENTED_EDGE ( 'NONE', *, *, #857, .T. ) ;
#1883 = CARTESIAN_POINT ( 'NONE',  ( -0.6331251805316203700, 0.4000000000000000800, 0.9036886723926609300 ) ) ;
#1884 = ORIENTED_EDGE ( 'NONE', *, *, #3576, .T. ) ;
#1885 = ORIENTED_EDGE ( 'NONE', *, *, #2263, .T. ) ;
#1886 = EDGE_CURVE ( 'NONE', #1100, #4032, #1846, .T. ) ;
#1887 = CARTESIAN_POINT ( 'NONE',  ( -0.6933333333333339100, 0.4103553390593274700, -0.8270591633536374900 ) ) ;
#1888 = CYLINDRICAL_SURFACE ( 'NONE', #2248, 0.05000000000000002400 ) ;
#1889 = DIRECTION ( 'NONE',  ( 0.0000000000000000000, 0.0000000000000000000, 1.000000000000000000 ) ) ;
#1890 = LINE ( 'NONE', #3309, #200 ) ;
#1891 = VECTOR ( 'NONE', #2534, 1000.000000000000000 ) ;
#1892 = EDGE_LOOP ( 'NONE', ( #553, #2688, #1078, #2217 ) ) ;
#1893 = AXIS2_PLACEMENT_3D ( 'NONE', #2115, #3318, #3571 ) ;
#1894 = VERTEX_POINT ( 'NONE', #1372 ) ;
#1895 = DIRECTION ( 'NONE',  ( 0.0000000000000000000, 1.000000000000000000, 0.0000000000000000000 ) ) ;
#1896 = PLANE ( 'NONE',  #1872 ) ;
#1897 = ORIENTED_EDGE ( 'NONE', *, *, #2052, .T. ) ;
#1898 = LINE ( 'NONE', #1319, #1054 ) ;
#1899 = CARTESIAN_POINT ( 'NONE',  ( -0.7183333333333337100, 0.4000000000000000800, 0.7333333333333336100 ) ) ;
#1900 = DIRECTION ( 'NONE',  ( 2.768175759537456100E-015, 0.0000000000000000000, -1.000000000000000000 ) ) ;
#1901 = DIRECTION ( 'NONE',  ( -0.0000000000000000000, -1.000000000000000000, -0.0000000000000000000 ) ) ;
#1902 = DIRECTION ( 'NONE',  ( 0.0000000000000000000, 0.0000000000000000000, -1.000000000000000000 ) ) ;
#1903 = VERTEX_POINT ( 'NONE', #1511 ) ;
#1904 = CIRCLE ( 'NONE', #3368, 0.1600000000000000900 ) ;
#1905 = CYLINDRICAL_SURFACE ( 'NONE', #1205, 0.2349999999999999600 ) ;
#1906 = DIRECTION ( 'NONE',  ( 0.0000000000000000000, 0.0000000000000000000, 1.000000000000000000 ) ) ;
#1907 = ADVANCED_FACE ( 'NONE', ( #2682 ), #44, .T. ) ;
#1908 = LINE ( 'NONE', #2078, #3290 ) ;
#1909 = DIRECTION ( 'NONE',  ( 0.0000000000000000000, 0.0000000000000000000, -1.000000000000000000 ) ) ;
#1910 = EDGE_CURVE ( 'NONE', #523, #3611, #147, .T. ) ;
#1911 = CARTESIAN_POINT ( 'NONE',  ( -0.5950000000000003100, 0.5000000000000001100, 0.7333333333333339500 ) ) ;
#1912 = VECTOR ( 'NONE', #3490, 1000.000000000000000 ) ;
#1913 = DIRECTION ( 'NONE',  ( -0.0000000000000000000, 1.000000000000000000, -0.0000000000000000000 ) ) ;
#1914 = VECTOR ( 'NONE', #1644, 1000.000000000000000 ) ;
#1915 = AXIS2_PLACEMENT_3D ( 'NONE', #3072, #3667, #1826 ) ;
#1916 =( GEOMETRIC_REPRESENTATION_CONTEXT ( 3 ) GLOBAL_UNCERTAINTY_ASSIGNED_CONTEXT ( ( #1075 ) ) GLOBAL_UNIT_ASSIGNED_CONTEXT ( ( #1361, #3536, #1685 ) ) REPRESENTATION_CONTEXT ( 'NONE', 'WORKASPACE' ) );
#1917 = LINE ( 'NONE', #1448, #3474 ) ;
#1918 = ORIENTED_EDGE ( 'NONE', *, *, #1142, .F. ) ;
#1919 = VERTEX_POINT ( 'NONE', #86 ) ;
#1920 = AXIS2_PLACEMENT_3D ( 'NONE', #1798, #1990, #2421 ) ;
#1921 = ORIENTED_EDGE ( 'NONE', *, *, #65, .T. ) ;
#1922 = DIRECTION ( 'NONE',  ( 0.0000000000000000000, 0.0000000000000000000, -1.000000000000000000 ) ) ;
#1923 = CARTESIAN_POINT ( 'NONE',  ( -0.5958172200135366500, 0.4813603896932108200, 0.8400000000000003000 ) ) ;
#1924 = ORIENTED_EDGE ( 'NONE', *, *, #1031, .T. ) ;
#1925 = CARTESIAN_POINT ( 'NONE',  ( -0.7183333333333338200, 0.4000000000000000800, -0.7333333333333329500 ) ) ;
#1926 = CARTESIAN_POINT ( 'NONE',  ( -0.7249999999999999800, 0.1999999999999999800, 0.7772894254867990200 ) ) ;
#1927 = CARTESIAN_POINT ( 'NONE',  ( 0.7249999999999999800, 0.0000000000000000000, -0.9999999999999997800 ) ) ;
#1928 = DIRECTION ( 'NONE',  ( -1.000000000000000000, 0.0000000000000000000, 0.0000000000000000000 ) ) ;
#1929 = VERTEX_POINT ( 'NONE', #879 ) ;
#1930 = FACE_OUTER_BOUND ( 'NONE', #3817, .T. ) ;
#1931 = EDGE_CURVE ( 'NONE', #1243, #176, #887, .T. ) ;
#1932 = CARTESIAN_POINT ( 'NONE',  ( -0.5950000000000006400, 0.5000000000000001100, -0.7694568303203253000 ) ) ;
#1933 = ORIENTED_EDGE ( 'NONE', *, *, #634, .T. ) ;
#1934 = DIRECTION ( 'NONE',  ( 0.0000000000000000000, 0.0000000000000000000, -1.000000000000000000 ) ) ;
#1935 = FACE_OUTER_BOUND ( 'NONE', #1266, .T. ) ;
#1936 =( BOUNDED_SURFACE ( )  B_SPLINE_SURFACE ( 3, 3, ( 
 ( #3841, #2006, #422, #2633 ),
 ( #738, #2966, #1055, #3269 ),
 ( #1388, #3560, #1714, #3854 ),
 ( #2020, #108, #2320, #435 ) ),
 .UNSPECIFIED., .F., .F., .F. ) 
 B_SPLINE_SURFACE_WITH_KNOTS ( ( 4, 4 ),
 ( 4, 4 ),
 ( 0.0000000000000000000, 1.000000000000000000 ),
 ( 0.0000000000000000000, 1.000000000000000000 ),
 .UNSPECIFIED. ) 
 GEOMETRIC_REPRESENTATION_ITEM ( )  RATIONAL_B_SPLINE_SURFACE ( (
 ( 1.000000000000000000, 0.8047378541243648300, 0.8047378541243648300, 1.000000000000000000),
 ( 0.8047378541243640500, 0.6476030138606868600, 0.6476030138606868600, 0.8047378541243640500),
 ( 0.8047378541243640500, 0.6476030138606868600, 0.6476030138606868600, 0.8047378541243640500),
 ( 1.000000000000000000, 0.8047378541243648300, 0.8047378541243648300, 1.000000000000000000) ) ) 
 REPRESENTATION_ITEM ( '' )  SURFACE ( )  );
#1937 = CARTESIAN_POINT ( 'NONE',  ( -0.2250000000000000300, 0.1999999999999999800, 0.0000000000000000000 ) ) ;
#1938 = VECTOR ( 'NONE', #3034, 1000.000000000000000 ) ;
#1939 = CARTESIAN_POINT ( 'NONE',  ( 0.0000000000000000000, 0.1999999999999999800, -0.9249999999999999300 ) ) ;
#1940 = ADVANCED_FACE ( 'NONE', ( #2574 ), #1710, .F. ) ;
#1941 = ORIENTED_EDGE ( 'NONE', *, *, #3024, .T. ) ;
#1942 = EDGE_CURVE ( 'NONE', #3700, #2617, #789, .T. ) ;
#1943 = CARTESIAN_POINT ( 'NONE',  ( 0.5333333333333329900, 0.4250000000000000400, -0.7333333333333331700 ) ) ;
#1944 = DIRECTION ( 'NONE',  ( 1.000000000000000000, 0.0000000000000000000, -2.032879073410319800E-016 ) ) ;
#1945 = CARTESIAN_POINT ( 'NONE',  ( -0.6829779942740067400, 0.4500000000000000100, -0.7333333333333328400 ) ) ;
#1946 = PLANE ( 'NONE',  #2827 ) ;
#1947 = VERTEX_POINT ( 'NONE', #2700 ) ;
#1948 = VERTEX_POINT ( 'NONE', #357 ) ;
#1949 = AXIS2_PLACEMENT_3D ( 'NONE', #1987, #1690, #3831 ) ;
#1950 = AXIS2_PLACEMENT_3D ( 'NONE', #1851, #1944, #2069 ) ;
#1951 = CARTESIAN_POINT ( 'NONE',  ( -0.5950000000000006400, 0.5000000000000000000, -0.7333333333333328400 ) ) ;
#1952 = ADVANCED_FACE ( 'NONE', ( #1553 ), #990, .F. ) ;
#1953 = ORIENTED_EDGE ( 'NONE', *, *, #3792, .F. ) ;
#1954 = DIRECTION ( 'NONE',  ( 0.0000000000000000000, -1.000000000000000000, 0.0000000000000000000 ) ) ;
#1955 = DIRECTION ( 'NONE',  ( 0.0000000000000000000, 0.0000000000000000000, -1.000000000000000000 ) ) ;
#1956 = CARTESIAN_POINT ( 'NONE',  ( -0.8000000000000004900, 0.0000000000000000000, -0.9999999999999997800 ) ) ;
#1957 = DIRECTION ( 'NONE',  ( -0.0000000000000000000, 1.000000000000000000, -0.0000000000000000000 ) ) ;
#1958 = DIRECTION ( 'NONE',  ( -1.000000000000000000, 0.0000000000000000000, 0.0000000000000000000 ) ) ;
#1959 = SHAPE_DEFINITION_REPRESENTATION ( #1449, #1011 ) ;
#1960 = VECTOR ( 'NONE', #1192, 1000.000000000000000 ) ;
#1961 = EDGE_CURVE ( 'NONE', #2642, #1948, #2375, .T. ) ;
#1962 = ORIENTED_EDGE ( 'NONE', *, *, #1910, .F. ) ;
#1963 = ADVANCED_FACE ( 'NONE', ( #3317 ), #3439, .T. ) ;
#1964 = DIRECTION ( 'NONE',  ( 7.392287539673894400E-017, 0.0000000000000000000, -1.000000000000000000 ) ) ;
#1965 = VECTOR ( 'NONE', #3946, 1000.000000000000000 ) ;
#1966 = CIRCLE ( 'NONE', #1608, 0.02499999999999995600 ) ;
#1967 = DIRECTION ( 'NONE',  ( -1.000000000000000000, 0.0000000000000000000, -0.0000000000000000000 ) ) ;
#1968 = EDGE_CURVE ( 'NONE', #3325, #236, #3909, .T. ) ;
#1969 = CARTESIAN_POINT ( 'NONE',  ( -0.8000000000000004900, 0.1999999999999999800, -0.9999999999999997800 ) ) ;
#1970 = LINE ( 'NONE', #3997, #3521 ) ;
#1971 = ORIENTED_EDGE ( 'NONE', *, *, #1527, .F. ) ;
#1972 = DIRECTION ( 'NONE',  ( 0.0000000000000000000, 0.0000000000000000000, -1.000000000000000000 ) ) ;
#1973 = CARTESIAN_POINT ( 'NONE',  ( 0.5949999999999994200, 0.5000000000000000000, 0.0000000000000000000 ) ) ;
#1974 = PLANE ( 'NONE',  #1795 ) ;
#1975 = EDGE_LOOP ( 'NONE', ( #2357, #442, #436, #3064 ) ) ;
#1976 = ORIENTED_EDGE ( 'NONE', *, *, #2205, .T. ) ;
#1977 = CARTESIAN_POINT ( 'NONE',  ( -0.5333333333333337700, 0.4500000000000000100, 0.8683333333333338500 ) ) ;
#1978 = AXIS2_PLACEMENT_3D ( 'NONE', #3614, #170, #3902 ) ;
#1979 = AXIS2_PLACEMENT_3D ( 'NONE', #1341, #1619, #1020 ) ;
#1980 = ORIENTED_EDGE ( 'NONE', *, *, #886, .F. ) ;
#1981 = ORIENTED_EDGE ( 'NONE', *, *, #150, .F. ) ;
#1982 = ORIENTED_EDGE ( 'NONE', *, *, #2019, .F. ) ;
#1983 = DIRECTION ( 'NONE',  ( -1.000000000000000000, 0.0000000000000000000, -0.0000000000000000000 ) ) ;
#1984 = VERTEX_POINT ( 'NONE', #2636 ) ;
#1985 = ORIENTED_EDGE ( 'NONE', *, *, #1622, .F. ) ;
#1986 = CARTESIAN_POINT ( 'NONE',  ( 0.0000000000000000000, 0.1999999999999999800, 0.9249999999999999300 ) ) ;
#1987 = CARTESIAN_POINT ( 'NONE',  ( 0.5333333333333329900, 2.612060605191053300, -0.8399999999999996400 ) ) ;
#1988 = ADVANCED_FACE ( 'NONE', ( #3119 ), #592, .T. ) ;
#1989 = CARTESIAN_POINT ( 'NONE',  ( -0.5772894254867994000, 0.0000000000000000000, -0.9249999999999999300 ) ) ;
#1990 = DIRECTION ( 'NONE',  ( 0.0000000000000000000, -1.000000000000000000, 0.0000000000000000000 ) ) ;
#1991 = DIRECTION ( 'NONE',  ( 0.0000000000000000000, 1.000000000000000000, 0.0000000000000000000 ) ) ;
#1992 = PLANE ( 'NONE',  #556 ) ;
#1993 = DIRECTION ( 'NONE',  ( 0.0000000000000000000, 0.0000000000000000000, 1.000000000000000000 ) ) ;
#1994 = VECTOR ( 'NONE', #649, 1000.000000000000000 ) ;
#1995 = DIRECTION ( 'NONE',  ( 0.0000000000000000000, -1.000000000000000000, -0.0000000000000000000 ) ) ;
#1996 = EDGE_CURVE ( 'NONE', #1587, #3752, #3994, .T. ) ;
#1997 = FACE_OUTER_BOUND ( 'NONE', #1028, .T. ) ;
#1998 = VECTOR ( 'NONE', #2181, 1000.000000000000000 ) ;
#1999 = CARTESIAN_POINT ( 'NONE',  ( 0.5333333333333328800, 0.5000000000000000000, 0.7950000000000001500 ) ) ;
#2000 = ORIENTED_EDGE ( 'NONE', *, *, #715, .T. ) ;
#2001 = CARTESIAN_POINT ( 'NONE',  ( 0.0000000000000000000, 0.1999999999999999800, 0.0000000000000000000 ) ) ;
#2002 = DIRECTION ( 'NONE',  ( 0.0000000000000000000, 0.0000000000000000000, 1.000000000000000000 ) ) ;
#2003 = ORIENTED_EDGE ( 'NONE', *, *, #1363, .T. ) ;
#2004 = ORIENTED_EDGE ( 'NONE', *, *, #1746, .T. ) ;
#2005 = DIRECTION ( 'NONE',  ( -1.478457507934778600E-016, 0.0000000000000000000, -1.000000000000000000 ) ) ;
#2006 = CARTESIAN_POINT ( 'NONE',  ( 0.6683333333333332200, 0.4500000000000000100, -0.8124145024129653100 ) ) ;
#2007 = ADVANCED_FACE ( 'NONE', ( #3811 ), #434, .F. ) ;
#2008 = CARTESIAN_POINT ( 'NONE',  ( -0.5958172200135372100, 0.4550000000000000200, -0.8399999999999990800 ) ) ;
#2009 = ORIENTED_EDGE ( 'NONE', *, *, #3425, .T. ) ;
#2010 = CIRCLE ( 'NONE', #2739, 0.2349999999999999600 ) ;
#2011 = CARTESIAN_POINT ( 'NONE',  ( -0.8000000000000004900, 0.0000000000000000000, 1.000000000000000200 ) ) ;
#2012 = VECTOR ( 'NONE', #1589, 1000.000000000000000 ) ;
#2013 = CARTESIAN_POINT ( 'NONE',  ( 0.6399999999999992400, 0.4813603896932107700, 0.7333333333333333900 ) ) ;
#2014 = PLANE ( 'NONE',  #3901 ) ;
#2015 = CIRCLE ( 'NONE', #3004, 0.2350000000000001800 ) ;
#2016 = LINE ( 'NONE', #3746, #3837 ) ;
#2017 = DIRECTION ( 'NONE',  ( -1.000000000000000000, 0.0000000000000000000, 3.049318610115479700E-016 ) ) ;
#2018 = CYLINDRICAL_SURFACE ( 'NONE', #3157, 0.1600000000000002000 ) ;
#2019 = EDGE_CURVE ( 'NONE', #2915, #637, #3026, .T. ) ;
#2020 = CARTESIAN_POINT ( 'NONE',  ( 0.6933333333333331300, 0.4250000000000000400, -0.7333333333333330600 ) ) ;
#2021 = ORIENTED_EDGE ( 'NONE', *, *, #3688, .F. ) ;
#2022 = VERTEX_POINT ( 'NONE', #1697 ) ;
#2023 = DIRECTION ( 'NONE',  ( 1.000000000000000000, 0.0000000000000000000, -0.0000000000000000000 ) ) ;
#2024 = EDGE_CURVE ( 'NONE', #1664, #3677, #489, .T. ) ;
#2025 = DIRECTION ( 'NONE',  ( 0.0000000000000000000, -1.000000000000000000, 0.0000000000000000000 ) ) ;
#2026 = VERTEX_POINT ( 'NONE', #1726 ) ;
#2027 = CARTESIAN_POINT ( 'NONE',  ( 0.5333333333333328800, 0.4000000000000000200, 0.9183333333333336700 ) ) ;
#2028 = ADVANCED_FACE ( 'NONE', ( #1350 ), #1992, .T. ) ;
#2029 = ORIENTED_EDGE ( 'NONE', *, *, #2708, .F. ) ;
#2030 = VERTEX_POINT ( 'NONE', #2035 ) ;
#2031 = CARTESIAN_POINT ( 'NONE',  ( 0.7249999999999999800, 1.086707392548410500, -0.7772894254867989100 ) ) ;
#2032 = AXIS2_PLACEMENT_3D ( 'NONE', #2327, #3273, #1719 ) ;
#2033 = AXIS2_PLACEMENT_3D ( 'NONE', #609, #924, #563 ) ;
#2034 = CARTESIAN_POINT ( 'NONE',  ( 0.5333333333333329900, 0.4499999999999999600, -0.8399999999999996400 ) ) ;
#2035 = CARTESIAN_POINT ( 'NONE',  ( 0.5650000000000003900, 0.0000000000000000000, 1.000000000000000200 ) ) ;
#2036 = DIRECTION ( 'NONE',  ( 1.000000000000000000, 0.0000000000000000000, 0.0000000000000000000 ) ) ;
#2037 = ORIENTED_EDGE ( 'NONE', *, *, #2994, .T. ) ;
#2038 = ORIENTED_EDGE ( 'NONE', *, *, #2899, .T. ) ;
#2039 = CARTESIAN_POINT ( 'NONE',  ( -0.7999999999999997100, 0.0000000000000000000, 0.8399999999999998600 ) ) ;
#2040 = FACE_OUTER_BOUND ( 'NONE', #455, .T. ) ;
#2041 = LINE ( 'NONE', #2685, #341 ) ;
#2042 = CARTESIAN_POINT ( 'NONE',  ( 0.7036886723926604200, 0.4000000000000000800, 0.8331251805316203200 ) ) ;
#2043 = LINE ( 'NONE', #1226, #2475 ) ;
#2044 = DIRECTION ( 'NONE',  ( 0.0000000000000000000, 0.0000000000000000000, 1.000000000000000000 ) ) ;
#2045 = EDGE_CURVE ( 'NONE', #710, #1919, #2174, .T. ) ;
#2046 = CARTESIAN_POINT ( 'NONE',  ( -0.7249999999999999800, 0.1999999999999999800, 0.0000000000000000000 ) ) ;
#2047 = CIRCLE ( 'NONE', #1073, 0.1600000000000002000 ) ;
#2048 = ORIENTED_EDGE ( 'NONE', *, *, #916, .F. ) ;
#2049 = EDGE_LOOP ( 'NONE', ( #3706, #1048, #3414, #3897 ) ) ;
#2050 = ADVANCED_FACE ( 'NONE', ( #2086 ), #3252, .F. ) ;
#2051 = VERTEX_POINT ( 'NONE', #2307 ) ;
#2052 = EDGE_CURVE ( 'NONE', #75, #2526, #399, .T. ) ;
#2053 = DIRECTION ( 'NONE',  ( 0.0000000000000000000, 0.0000000000000000000, 1.000000000000000000 ) ) ;
#2054 = CARTESIAN_POINT ( 'NONE',  ( 0.2250000000000000300, 1.086707392548410500, -0.3250000000000000700 ) ) ;
#2055 = AXIS2_PLACEMENT_3D ( 'NONE', #2847, #3453, #3442 ) ;
#2056 = EDGE_LOOP ( 'NONE', ( #1301, #3939, #2669, #1487 ) ) ;
#2057 = CARTESIAN_POINT ( 'NONE',  ( -0.8000000000000004900, 0.1999999999999999800, 0.9999999999999997800 ) ) ;
#2058 = PRESENTATION_STYLE_ASSIGNMENT (( #824 ) ) ;
#2059 = CARTESIAN_POINT ( 'NONE',  ( 0.7999999999999997100, 0.0000000000000000000, 0.7649999999999995700 ) ) ;
#2060 = CIRCLE ( 'NONE', #377, 0.1066666666666665900 ) ;
#2061 = FACE_OUTER_BOUND ( 'NONE', #989, .T. ) ;
#2062 = VERTEX_POINT ( 'NONE', #3572 ) ;
#2063 = CARTESIAN_POINT ( 'NONE',  ( 0.0000000000000000000, 0.4500000000000000700, 0.8400000000000003000 ) ) ;
#2064 = LINE ( 'NONE', #2100, #467 ) ;
#2065 = CARTESIAN_POINT ( 'NONE',  ( 0.6829779942740057400, 0.4499999999999999600, 0.8209931461756561100 ) ) ;
#2066 = ADVANCED_FACE ( 'NONE', ( #2935 ), #3840, .F. ) ;
#2067 = CYLINDRICAL_SURFACE ( 'NONE', #4019, 0.2350000000000001800 ) ;
#2068 = DIRECTION ( 'NONE',  ( -0.0000000000000000000, -1.000000000000000000, 0.0000000000000000000 ) ) ;
#2069 = DIRECTION ( 'NONE',  ( -2.032879073410322300E-016, 0.0000000000000000000, -1.000000000000000000 ) ) ;
#2070 = DIRECTION ( 'NONE',  ( -0.0000000000000000000, -1.000000000000000000, -0.0000000000000000000 ) ) ;
#2071 = DIRECTION ( 'NONE',  ( -0.0000000000000000000, 1.000000000000000000, -0.0000000000000000000 ) ) ;
#2072 = EDGE_CURVE ( 'NONE', #3732, #897, #3629, .T. ) ;
#2073 = EDGE_LOOP ( 'NONE', ( #587, #3574, #3616, #799 ) ) ;
#2074 = ORIENTED_EDGE ( 'NONE', *, *, #2976, .F. ) ;
#2075 = VERTEX_POINT ( 'NONE', #1653 ) ;
#2076 = VERTEX_POINT ( 'NONE', #3059 ) ;
#2077 = EDGE_CURVE ( 'NONE', #1488, #1903, #1246, .T. ) ;
#2078 = CARTESIAN_POINT ( 'NONE',  ( 0.2250000000000000300, 1.086707392548410500, -0.9249999999999998200 ) ) ;
#2079 = ORIENTED_EDGE ( 'NONE', *, *, #3091, .F. ) ;
#2080 = EDGE_LOOP ( 'NONE', ( #2872, #1976, #3659, #1870 ) ) ;
#2081 = DIRECTION ( 'NONE',  ( 0.0000000000000000000, 0.0000000000000000000, -1.000000000000000000 ) ) ;
#2082 = PRESENTATION_LAYER_ASSIGNMENT (  '', '', ( #1871 ) ) ;
#2083 = DIRECTION ( 'NONE',  ( -0.0000000000000000000, 1.000000000000000000, -0.0000000000000000000 ) ) ;
#2084 = CARTESIAN_POINT ( 'NONE',  ( 0.8000000000000001600, 0.0000000000000000000, -0.7649999999999995700 ) ) ;
#2085 = ADVANCED_FACE ( 'NONE', ( #288 ), #1888, .F. ) ;
#2086 = FACE_OUTER_BOUND ( 'NONE', #2159, .T. ) ;
#2087 = CYLINDRICAL_SURFACE ( 'NONE', #3239, 0.2350000000000001800 ) ;
#2088 = LINE ( 'NONE', #2190, #202 ) ;
#2089 = ORIENTED_EDGE ( 'NONE', *, *, #914, .F. ) ;
#2090 = CARTESIAN_POINT ( 'NONE',  ( -0.7183333333333337100, 0.4000000000000000800, 0.7333333333333336100 ) ) ;
#2091 = EDGE_CURVE ( 'NONE', #1948, #1270, #2727, .T. ) ;
#2092 = CARTESIAN_POINT ( 'NONE',  ( 0.8000000000000004900, 0.1999999999999999800, 0.9999999999999997800 ) ) ;
#2093 = VERTEX_POINT ( 'NONE', #1614 ) ;
#2094 = VERTEX_POINT ( 'NONE', #2228 ) ;
#2095 = EDGE_CURVE ( 'NONE', #3056, #3827, #1145, .T. ) ;
#2096 = ORIENTED_EDGE ( 'NONE', *, *, #2233, .F. ) ;
#2097 =( NAMED_UNIT ( * ) SI_UNIT ( $, .STERADIAN. ) SOLID_ANGLE_UNIT ( ) );
#2098 = DIRECTION ( 'NONE',  ( 0.0000000000000000000, -0.0000000000000000000, -1.000000000000000000 ) ) ;
#2099 = VECTOR ( 'NONE', #191, 1000.000000000000000 ) ;
#2100 = CARTESIAN_POINT ( 'NONE',  ( 0.2250000000000000300, 0.1999999999999999800, 0.0000000000000000000 ) ) ;
#2101 = ORIENTED_EDGE ( 'NONE', *, *, #1689, .T. ) ;
#2102 = ADVANCED_FACE ( 'NONE', ( #2627 ), #934, .F. ) ;
#2103 = AXIS2_PLACEMENT_3D ( 'NONE', #1101, #904, #891 ) ;
#2104 = DIRECTION ( 'NONE',  ( 0.0000000000000000000, 1.000000000000000000, 0.0000000000000000000 ) ) ;
#2105 = FACE_OUTER_BOUND ( 'NONE', #889, .T. ) ;
#2106 = CYLINDRICAL_SURFACE ( 'NONE', #132, 0.2349999999999999600 ) ;
#2107 = VECTOR ( 'NONE', #3848, 1000.000000000000000 ) ;
#2108 = DIRECTION ( 'NONE',  ( -7.392287539673894400E-017, 0.0000000000000000000, 1.000000000000000000 ) ) ;
#2109 = LINE ( 'NONE', #2046, #427 ) ;
#2110 = LINE ( 'NONE', #3172, #1275 ) ;
#2111 = CARTESIAN_POINT ( 'NONE',  ( -0.6270591633536384300, 0.4250000000000001000, 0.8933333333333335300 ) ) ;
#2112 = EDGE_LOOP ( 'NONE', ( #969, #3354, #629, #3735 ) ) ;
#2113 = ORIENTED_EDGE ( 'NONE', *, *, #3810, .T. ) ;
#2114 = CARTESIAN_POINT ( 'NONE',  ( 0.8000000000000001600, 0.4000000000000001900, -0.8399999999999996400 ) ) ;
#2115 = CARTESIAN_POINT ( 'NONE',  ( 0.2250000000000000300, 1.086707392548410500, 0.3250000000000000700 ) ) ;
#2116 = EDGE_CURVE ( 'NONE', #2689, #3752, #1794, .T. ) ;
#2117 = EDGE_LOOP ( 'NONE', ( #2894, #800, #9, #3341 ) ) ;
#2118 = EDGE_CURVE ( 'NONE', #293, #1716, #1042, .T. ) ;
#2119 = CARTESIAN_POINT ( 'NONE',  ( 0.7183333333333329400, 0.4250000000000000400, 0.7333333333333336100 ) ) ;
#2120 = AXIS2_PLACEMENT_3D ( 'NONE', #2323, #437, #2647 ) ;
#2121 = DIRECTION ( 'NONE',  ( -0.0000000000000000000, -1.000000000000000000, -0.0000000000000000000 ) ) ;
#2122 = CARTESIAN_POINT ( 'NONE',  ( -0.4950000000000004400, 0.5000000000000000000, -0.6949999999999994000 ) ) ;
#2123 = EDGE_LOOP ( 'NONE', ( #3846, #3983, #1847, #1082 ) ) ;
#2124 = FACE_OUTER_BOUND ( 'NONE', #74, .T. ) ;
#2125 = CARTESIAN_POINT ( 'NONE',  ( 0.7249999999999999800, 0.0000000000000000000, -0.3250000000000000700 ) ) ;
#2126 = FACE_OUTER_BOUND ( 'NONE', #2402, .T. ) ;
#2127 = AXIS2_PLACEMENT_3D ( 'NONE', #1239, #2303, #3247 ) ;
#2128 = CARTESIAN_POINT ( 'NONE',  ( 0.2250000000000000300, 0.0000000000000000000, 0.3250000000000000700 ) ) ;
#2129 = EDGE_LOOP ( 'NONE', ( #4023, #1260, #1788, #3630 ) ) ;
#2130 = LINE ( 'NONE', #194, #1299 ) ;
#2131 = CARTESIAN_POINT ( 'NONE',  ( 0.0000000000000000000, 0.1999999999999999800, 0.0000000000000000000 ) ) ;
#2132 = CARTESIAN_POINT ( 'NONE',  ( 0.2250000000000000300, 0.1999999999999999800, 0.9249999999999999300 ) ) ;
#2133 = LINE ( 'NONE', #174, #1405 ) ;
#2134 = VERTEX_POINT ( 'NONE', #3487 ) ;
#2135 = DIRECTION ( 'NONE',  ( -0.0000000000000000000, 1.000000000000000000, -0.0000000000000000000 ) ) ;
#2136 =( NAMED_UNIT ( * ) SI_UNIT ( $, .STERADIAN. ) SOLID_ANGLE_UNIT ( ) );
#2137 = ORIENTED_EDGE ( 'NONE', *, *, #815, .F. ) ;
#2138 = ORIENTED_EDGE ( 'NONE', *, *, #2792, .T. ) ;
#2139 = CARTESIAN_POINT ( 'NONE',  ( -0.5333333333333341000, 2.612060605191053300, -0.8399999999999994100 ) ) ;
#2140 = EDGE_CURVE ( 'NONE', #3803, #1488, #3395, .T. ) ;
#2141 = PLANE ( 'NONE',  #3107 ) ;
#2142 = ORIENTED_EDGE ( 'NONE', *, *, #3993, .F. ) ;
#2143 = CARTESIAN_POINT ( 'NONE',  ( 0.7036886723926606400, 0.3999999999999999100, -0.8331251805316199900 ) ) ;
#2144 = CARTESIAN_POINT ( 'NONE',  ( -0.7249999999999999800, 0.1999999999999999800, 0.0000000000000000000 ) ) ;
#2145 = EDGE_CURVE ( 'NONE', #2076, #756, #1705, .T. ) ;
#2146 = CARTESIAN_POINT ( 'NONE',  ( -0.2250000000000000300, 1.086707392548410500, 0.9249999999999999300 ) ) ;
#2147 = VECTOR ( 'NONE', #3582, 1000.000000000000000 ) ;
#2148 = DIRECTION ( 'NONE',  ( 1.000000000000000000, 0.0000000000000000000, 0.0000000000000000000 ) ) ;
#2149 = LINE ( 'NONE', #1005, #1322 ) ;
#2150 = AXIS2_PLACEMENT_3D ( 'NONE', #3864, #3768, #3757 ) ;
#2151 = CARTESIAN_POINT ( 'NONE',  ( -0.5694568303203264600, 0.5000000000000001100, -0.7949999999999994800 ) ) ;
#2152 = VECTOR ( 'NONE', #1733, 1000.000000000000000 ) ;
#2153 = CARTESIAN_POINT ( 'NONE',  ( -0.7183333333333339300, 0.4000000000000001900, 0.8399999999999998600 ) ) ;
#2154 = CARTESIAN_POINT ( 'NONE',  ( 0.7999999999999997100, 1.086707392548410500, -0.8399999999999998600 ) ) ;
#2155 = CARTESIAN_POINT ( 'NONE',  ( 0.7249999999999999800, 1.086707392548410500, 0.7772894254867989100 ) ) ;
#2156 = CIRCLE ( 'NONE', #3030, 0.02499999999999995600 ) ;
#2157 = ORIENTED_EDGE ( 'NONE', *, *, #41, .T. ) ;
#2158 = CARTESIAN_POINT ( 'NONE',  ( 0.2250000000000000300, 0.1999999999999999800, -0.9249999999999999300 ) ) ;
#2159 = EDGE_LOOP ( 'NONE', ( #1294, #2562, #2378, #1213, #1281, #3321, #2881, #3101 ) ) ;
#2160 = VERTEX_POINT ( 'NONE', #355 ) ;
#2161 = CARTESIAN_POINT ( 'NONE',  ( -0.6209931461756562600, 0.4499999999999999600, 0.8829779942740062500 ) ) ;
#2162 = EDGE_CURVE ( 'NONE', #1638, #3592, #92, .T. ) ;
#2163 = VERTEX_POINT ( 'NONE', #2256 ) ;
#2164 = ORIENTED_EDGE ( 'NONE', *, *, #3128, .F. ) ;
#2165 = CARTESIAN_POINT ( 'NONE',  ( -0.7999999999999997100, 1.086707392548410500, -0.8399999999999998600 ) ) ;
#2166 = EDGE_CURVE ( 'NONE', #3788, #1803, #3270, .T. ) ;
#2167 = CARTESIAN_POINT ( 'NONE',  ( -0.8000000000000004900, 0.0000000000000000000, -0.9999999999999997800 ) ) ;
#2168 = PLANE ( 'NONE',  #3178 ) ;
#2169 = ORIENTED_EDGE ( 'NONE', *, *, #3430, .T. ) ;
#2170 = ORIENTED_EDGE ( 'NONE', *, *, #2954, .T. ) ;
#2171 = AXIS2_PLACEMENT_3D ( 'NONE', #624, #2201, #748 ) ;
#2172 = DIRECTION ( 'NONE',  ( 0.0000000000000000000, 1.000000000000000000, 0.0000000000000000000 ) ) ;
#2173 = LINE ( 'NONE', #2875, #1551 ) ;
#2174 = LINE ( 'NONE', #2645, #697 ) ;
#2175 = CARTESIAN_POINT ( 'NONE',  ( -0.5333333333333339900, 0.5000000000000000000, -0.7949999999999993700 ) ) ;
#2176 =( NAMED_UNIT ( * ) PLANE_ANGLE_UNIT ( ) SI_UNIT ( $, .RADIAN. ) );
#2177 = FACE_OUTER_BOUND ( 'NONE', #1102, .T. ) ;
#2178 = VECTOR ( 'NONE', #708, 1000.000000000000000 ) ;
#2179 = ORIENTED_EDGE ( 'NONE', *, *, #2118, .F. ) ;
#2180 = CARTESIAN_POINT ( 'NONE',  ( 0.8000000000000004900, 0.1999999999999999800, -0.9999999999999997800 ) ) ;
#2181 = DIRECTION ( 'NONE',  ( 0.0000000000000000000, -0.0000000000000000000, 1.000000000000000000 ) ) ;
#2182 = ORIENTED_EDGE ( 'NONE', *, *, #715, .F. ) ;
#2183 = DIRECTION ( 'NONE',  ( 0.0000000000000000000, -0.0000000000000000000, 1.000000000000000000 ) ) ;
#2184 = ORIENTED_EDGE ( 'NONE', *, *, #2072, .T. ) ;
#2185 = CARTESIAN_POINT ( 'NONE',  ( -0.6933333333333338000, 0.4103553390593274200, 0.7333333333333336100 ) ) ;
#2186 = EDGE_CURVE ( 'NONE', #3570, #1903, #4039, .T. ) ;
#2187 = CARTESIAN_POINT ( 'NONE',  ( -0.5333333333333339900, 0.4250000000000000400, -0.8933333333333327600 ) ) ;
#2188 = FACE_OUTER_BOUND ( 'NONE', #2410, .T. ) ;
#2189 = LINE ( 'NONE', #833, #614 ) ;
#2190 = CARTESIAN_POINT ( 'NONE',  ( -0.8000000000000004900, 0.4000000000000001900, 1.000000000000000200 ) ) ;
#2191 = LINE ( 'NONE', #417, #3141 ) ;
#2192 = LINE ( 'NONE', #2155, #1476 ) ;
#2193 = DIRECTION ( 'NONE',  ( 0.0000000000000000000, 0.0000000000000000000, 1.000000000000000000 ) ) ;
#2194 = VECTOR ( 'NONE', #4046, 1000.000000000000000 ) ;
#2195 = AXIS2_PLACEMENT_3D ( 'NONE', #2546, #2601, #2618 ) ;
#2196 = DIRECTION ( 'NONE',  ( 0.0000000000000000000, 0.0000000000000000000, -1.000000000000000000 ) ) ;
#2197 = CARTESIAN_POINT ( 'NONE',  ( -0.7249999999999999800, 0.1999999999999999800, -0.3250000000000000700 ) ) ;
#2198 = DIRECTION ( 'NONE',  ( -0.0000000000000000000, -1.000000000000000000, -0.0000000000000000000 ) ) ;
#2199 = CARTESIAN_POINT ( 'NONE',  ( -0.2250000000000000300, 0.1999999999999999800, -0.3250000000000000700 ) ) ;
#2200 = VERTEX_POINT ( 'NONE', #45 ) ;
#2201 = DIRECTION ( 'NONE',  ( -0.0000000000000000000, 1.000000000000000000, -0.0000000000000000000 ) ) ;
#2202 = ADVANCED_FACE ( 'NONE', ( #1596 ), #2321, .T. ) ;
#2203 = ORIENTED_EDGE ( 'NONE', *, *, #425, .T. ) ;
#2204 = ORIENTED_EDGE ( 'NONE', *, *, #3990, .T. ) ;
#2205 = EDGE_CURVE ( 'NONE', #1191, #2766, #198, .T. ) ;
#2206 = CARTESIAN_POINT ( 'NONE',  ( 0.5333333333333328800, 0.4550000000000001300, 0.7950000000000001500 ) ) ;
#2207 = CARTESIAN_POINT ( 'NONE',  ( -0.2250000000000000300, 0.1999999999999999800, 0.5250000000000006900 ) ) ;
#2208 = ORIENTED_EDGE ( 'NONE', *, *, #285, .F. ) ;
#2209 = DIRECTION ( 'NONE',  ( 0.0000000000000000000, 1.000000000000000000, 0.0000000000000000000 ) ) ;
#2210 = EDGE_CURVE ( 'NONE', #888, #4032, #745, .T. ) ;
#2211 = CIRCLE ( 'NONE', #3106, 0.2349999999999999600 ) ;
#2212 = DIRECTION ( 'NONE',  ( 1.000000000000000000, 0.0000000000000000000, 0.0000000000000000000 ) ) ;
#2213 = DIRECTION ( 'NONE',  ( 0.0000000000000000000, 1.000000000000000000, 0.0000000000000000000 ) ) ;
#2214 = CIRCLE ( 'NONE', #3111, 0.2350000000000001800 ) ;
#2215 = DIRECTION ( 'NONE',  ( 1.000000000000000000, 0.0000000000000000000, -0.0000000000000000000 ) ) ;
#2216 =( NAMED_UNIT ( * ) PLANE_ANGLE_UNIT ( ) SI_UNIT ( $, .RADIAN. ) );
#2217 = ORIENTED_EDGE ( 'NONE', *, *, #1910, .T. ) ;
#2218 = FACE_OUTER_BOUND ( 'NONE', #3800, .T. ) ;
#2219 = EDGE_LOOP ( 'NONE', ( #3944, #2317, #2942, #702 ) ) ;
#2220 = AXIS2_PLACEMENT_3D ( 'NONE', #2978, #126, #2339 ) ;
#2221 = AXIS2_PLACEMENT_3D ( 'NONE', #550, #1514, #3142 ) ;
#2222 = ORIENTED_EDGE ( 'NONE', *, *, #65, .F. ) ;
#2223 = DIRECTION ( 'NONE',  ( -0.0000000000000000000, 0.0000000000000000000, 1.000000000000000000 ) ) ;
#2224 = ORIENTED_EDGE ( 'NONE', *, *, #1033, .F. ) ;
#2225 =( BOUNDED_SURFACE ( )  B_SPLINE_SURFACE ( 3, 3, ( 
 ( #2027, #755, #1408, #3579 ),
 ( #1737, #3876, #2042, #131 ),
 ( #2342, #453, #2670, #770 ),
 ( #2990, #1094, #3301, #1421 ) ),
 .UNSPECIFIED., .F., .F., .F. ) 
 B_SPLINE_SURFACE_WITH_KNOTS ( ( 4, 4 ),
 ( 4, 4 ),
 ( 0.0000000000000000000, 1.000000000000000000 ),
 ( 0.0000000000000000000, 1.000000000000000000 ),
 .UNSPECIFIED. ) 
 GEOMETRIC_REPRESENTATION_ITEM ( )  RATIONAL_B_SPLINE_SURFACE ( (
 ( 1.000000000000000000, 0.8047378541243649400, 0.8047378541243649400, 1.000000000000000000),
 ( 0.8047378541243649400, 0.6476030138606876400, 0.6476030138606876400, 0.8047378541243649400),
 ( 0.8047378541243649400, 0.6476030138606876400, 0.6476030138606876400, 0.8047378541243649400),
 ( 1.000000000000000000, 0.8047378541243649400, 0.8047378541243649400, 1.000000000000000000) ) ) 
 REPRESENTATION_ITEM ( '' )  SURFACE ( )  );
#2226 = CARTESIAN_POINT ( 'NONE',  ( -0.6400000000000003500, 0.4550000000000001300, 0.7333333333333340600 ) ) ;
#2227 = VECTOR ( 'NONE', #1964, 1000.000000000000000 ) ;
#2228 = CARTESIAN_POINT ( 'NONE',  ( 0.6933333333333331300, 0.4250000000000000400, -0.7333333333333330600 ) ) ;
#2229 = SURFACE_SIDE_STYLE ('',( #3716 ) ) ;
#2230 = CARTESIAN_POINT ( 'NONE',  ( 0.6933333333333331300, 0.4250000000000000400, 0.7333333333333336100 ) ) ;
#2231 = DIRECTION ( 'NONE',  ( 0.0000000000000000000, 0.0000000000000000000, -1.000000000000000000 ) ) ;
#2232 = ORIENTED_EDGE ( 'NONE', *, *, #886, .T. ) ;
#2233 = EDGE_CURVE ( 'NONE', #176, #1606, #3166, .T. ) ;
#2234 = ADVANCED_FACE ( 'NONE', ( #1402 ), #2615, .F. ) ;
#2235 = CARTESIAN_POINT ( 'NONE',  ( -0.7999999999999997100, 0.1999999999999999800, -0.8399999999999997500 ) ) ;
#2236 = LINE ( 'NONE', #2031, #1420 ) ;
#2237 = CARTESIAN_POINT ( 'NONE',  ( -0.5694568303203260100, 0.5000000000000001100, 0.7950000000000001500 ) ) ;
#2238 = EDGE_CURVE ( 'NONE', #1947, #3051, #535, .T. ) ;
#2239 = DIRECTION ( 'NONE',  ( -0.0000000000000000000, 0.0000000000000000000, -1.000000000000000000 ) ) ;
#2240 = DIRECTION ( 'NONE',  ( -1.000000000000000000, -0.0000000000000000000, 0.0000000000000000000 ) ) ;
#2241 = DIRECTION ( 'NONE',  ( 0.0000000000000000000, 0.0000000000000000000, 1.000000000000000000 ) ) ;
#2242 = LINE ( 'NONE', #1079, #1735 ) ;
#2243 = CIRCLE ( 'NONE', #3949, 0.1600000000000002000 ) ;
#2244 = CARTESIAN_POINT ( 'NONE',  ( -0.6933333333333340200, 0.4396446609406726200, -0.7333333333333328400 ) ) ;
#2245 = EDGE_LOOP ( 'NONE', ( #643, #1181, #2981, #2304 ) ) ;
#2246 = VECTOR ( 'NONE', #1807, 1000.000000000000000 ) ;
#2247 = ORIENTED_EDGE ( 'NONE', *, *, #914, .T. ) ;
#2248 = AXIS2_PLACEMENT_3D ( 'NONE', #28, #2209, #322 ) ;
#2249 = VERTEX_POINT ( 'NONE', #1693 ) ;
#2250 = VERTEX_POINT ( 'NONE', #84 ) ;
#2251 = DIRECTION ( 'NONE',  ( 0.7071067811865465700, 0.0000000000000000000, 0.7071067811865484600 ) ) ;
#2252 = CARTESIAN_POINT ( 'NONE',  ( -0.6683333333333338900, 0.4250000000000000400, -0.7333333333333329500 ) ) ;
#2253 = DIRECTION ( 'NONE',  ( 1.000000000000000000, 0.0000000000000000000, -0.0000000000000000000 ) ) ;
#2254 = ORIENTED_EDGE ( 'NONE', *, *, #2924, .T. ) ;
#2255 = ORIENTED_EDGE ( 'NONE', *, *, #390, .T. ) ;
#2256 = CARTESIAN_POINT ( 'NONE',  ( -0.5650000000000005000, 0.0000000000000000000, 0.9999999999999997800 ) ) ;
#2257 = ADVANCED_FACE ( 'NONE', ( #3761 ), #2671, .T. ) ;
#2258 = DIRECTION ( 'NONE',  ( 0.0000000000000000000, 1.000000000000000000, -0.0000000000000000000 ) ) ;
#2259 = DIRECTION ( 'NONE',  ( 0.0000000000000000000, -1.000000000000000000, -0.0000000000000000000 ) ) ;
#2260 = ORIENTED_EDGE ( 'NONE', *, *, #444, .T. ) ;
#2261 = CARTESIAN_POINT ( 'NONE',  ( 0.5333333333333329900, 0.4250000000000000400, -0.9183333333333332200 ) ) ;
#2262 = VERTEX_POINT ( 'NONE', #1396 ) ;
#2263 = EDGE_CURVE ( 'NONE', #3549, #139, #2214, .T. ) ;
#2264 = CARTESIAN_POINT ( 'NONE',  ( 0.0000000000000000000, 0.1999999999999999800, 0.0000000000000000000 ) ) ;
#2265 = CARTESIAN_POINT ( 'NONE',  ( -0.5333333333333339900, 0.4000000000000000800, -0.9183333333333326700 ) ) ;
#2266 = FACE_OUTER_BOUND ( 'NONE', #1493, .T. ) ;
#2267 = DIRECTION ( 'NONE',  ( 0.0000000000000000000, 0.0000000000000000000, -1.000000000000000000 ) ) ;
#2268 = VECTOR ( 'NONE', #1343, 1000.000000000000000 ) ;
#2269 = DIRECTION ( 'NONE',  ( -0.0000000000000000000, -0.0000000000000000000, -1.000000000000000000 ) ) ;
#2270 = EDGE_CURVE ( 'NONE', #1289, #2489, #1297, .T. ) ;
#2271 = CARTESIAN_POINT ( 'NONE',  ( -0.5772894254867994000, 1.086707392548410500, -0.9249999999999999300 ) ) ;
#2272 = FACE_OUTER_BOUND ( 'NONE', #3156, .T. ) ;
#2273 = CARTESIAN_POINT ( 'NONE',  ( 0.2250000000000000300, 1.086707392548410500, 0.9249999999999999300 ) ) ;
#2274 = DIRECTION ( 'NONE',  ( 1.000000000000000000, 0.0000000000000000000, 0.0000000000000000000 ) ) ;
#2275 = FACE_OUTER_BOUND ( 'NONE', #2605, .T. ) ;
#2276 = ORIENTED_EDGE ( 'NONE', *, *, #2975, .F. ) ;
#2277 = DIRECTION ( 'NONE',  ( 0.0000000000000000000, 0.0000000000000000000, 1.000000000000000000 ) ) ;
#2278 = MECHANICAL_DESIGN_GEOMETRIC_PRESENTATION_REPRESENTATION (  '', ( #1871 ), #2501 ) ;
#2279 = AXIS2_PLACEMENT_3D ( 'NONE', #1144, #469, #1743 ) ;
#2280 = ADVANCED_FACE ( 'NONE', ( #2126 ), #2225, .F. ) ;
#2281 = DIRECTION ( 'NONE',  ( -0.0000000000000000000, 0.0000000000000000000, -1.000000000000000000 ) ) ;
#2282 = UNCERTAINTY_MEASURE_WITH_UNIT (LENGTH_MEASURE( 1.000000000000000100E-005 ), #569, 'distance_accuracy_value', 'NONE');
#2283 = EDGE_LOOP ( 'NONE', ( #1024, #1404, #1652, #3938, #3508, #1546, #3433, #3188 ) ) ;
#2284 = CARTESIAN_POINT ( 'NONE',  ( 0.5333333333333328800, 0.4550000000000001300, 0.7333333333333336100 ) ) ;
#2285 = DIRECTION ( 'NONE',  ( 0.0000000000000000000, 1.000000000000000000, 0.0000000000000000000 ) ) ;
#2286 = ORIENTED_EDGE ( 'NONE', *, *, #2514, .T. ) ;
#2287 = LINE ( 'NONE', #3249, #3829 ) ;
#2288 = CYLINDRICAL_SURFACE ( 'NONE', #3131, 0.02499999999999995600 ) ;
#2289 = EDGE_CURVE ( 'NONE', #2051, #3611, #2884, .T. ) ;
#2290 = VECTOR ( 'NONE', #1823, 1000.000000000000000 ) ;
#2291 = CARTESIAN_POINT ( 'NONE',  ( 0.8000000000000004900, 1.086707392548410500, 0.9999999999999997800 ) ) ;
#2292 = CARTESIAN_POINT ( 'NONE',  ( -0.5950000000000007500, 0.5000000000000001100, -0.7694568303203251900 ) ) ;
#2293 = CIRCLE ( 'NONE', #1099, 0.02499999999999995600 ) ;
#2294 = LINE ( 'NONE', #2331, #1576 ) ;
#2295 = CARTESIAN_POINT ( 'NONE',  ( -0.6933333333333339100, 0.4250000000000000400, -0.8270591633536374900 ) ) ;
#2296 = EDGE_CURVE ( 'NONE', #1458, #888, #2041, .T. ) ;
#2297 = CARTESIAN_POINT ( 'NONE',  ( -0.2250000000000000300, 0.0000000000000000000, 0.9249999999999999300 ) ) ;
#2298 = FACE_OUTER_BOUND ( 'NONE', #1316, .T. ) ;
#2299 = ORIENTED_EDGE ( 'NONE', *, *, #737, .T. ) ;
#2300 = CARTESIAN_POINT ( 'NONE',  ( 0.5694568303203252400, 0.5000000000000001100, 0.7949999999999999300 ) ) ;
#2301 = ADVANCED_FACE ( 'NONE', ( #1194 ), #1516, .T. ) ;
#2302 = DIRECTION ( 'NONE',  ( 1.000000000000000000, -0.0000000000000000000, 0.0000000000000000000 ) ) ;
#2303 = DIRECTION ( 'NONE',  ( 0.0000000000000000000, 0.0000000000000000000, 1.000000000000000000 ) ) ;
#2304 = ORIENTED_EDGE ( 'NONE', *, *, #1197, .T. ) ;
#2305 = ORIENTED_EDGE ( 'NONE', *, *, #2455, .F. ) ;
#2306 = AXIS2_PLACEMENT_3D ( 'NONE', #283, #116, #234 ) ;
#2307 = CARTESIAN_POINT ( 'NONE',  ( 0.2250000000000000600, 0.0000000000000000000, -0.3250000000000000100 ) ) ;
#2308 = CARTESIAN_POINT ( 'NONE',  ( 0.0000000000000000000, 0.1999999999999999800, 0.0000000000000000000 ) ) ;
#2309 = ORIENTED_EDGE ( 'NONE', *, *, #1881, .T. ) ;
#2310 = CARTESIAN_POINT ( 'NONE',  ( -0.6400000000000003500, 0.4550000000000001300, -0.7333333333333327300 ) ) ;
#2311 = PRODUCT ( 'FA-128 24.0000MF10Z-W3', 'FA-128 24.0000MF10Z-W3', '', ( #252 ) ) ;
#2312 = ORIENTED_EDGE ( 'NONE', *, *, #2205, .F. ) ;
#2313 = DIRECTION ( 'NONE',  ( -0.0000000000000000000, 1.000000000000000000, -0.0000000000000000000 ) ) ;
#2314 = CARTESIAN_POINT ( 'NONE',  ( 0.8000000000000004900, 1.086707392548410500, -0.7649999999999995700 ) ) ;
#2315 = ORIENTED_EDGE ( 'NONE', *, *, #1812, .T. ) ;
#2316 = CARTESIAN_POINT ( 'NONE',  ( 0.5958172200135361000, 0.4550000000000000200, 0.8400000000000001900 ) ) ;
#2317 = ORIENTED_EDGE ( 'NONE', *, *, #2814, .T. ) ;
#2318 = FACE_OUTER_BOUND ( 'NONE', #374, .T. ) ;
#2319 = DIRECTION ( 'NONE',  ( -7.228014483236698300E-015, 0.0000000000000000000, -1.000000000000000000 ) ) ;
#2320 = CARTESIAN_POINT ( 'NONE',  ( 0.6270591633536379800, 0.4250000000000000400, -0.8933333333333334200 ) ) ;
#2321 = CYLINDRICAL_SURFACE ( 'NONE', #3511, 0.2350000000000001800 ) ;
#2322 = ADVANCED_FACE ( 'NONE', ( #219 ), #1453, .F. ) ;
#2323 = CARTESIAN_POINT ( 'NONE',  ( 0.8000000000000004900, 0.0000000000000000000, -0.9999999999999997800 ) ) ;
#2324 = ORIENTED_EDGE ( 'NONE', *, *, #1442, .F. ) ;
#2325 = EDGE_CURVE ( 'NONE', #2093, #2062, #3671, .T. ) ;
#2326 = VECTOR ( 'NONE', #3125, 1000.000000000000000 ) ;
#2327 = CARTESIAN_POINT ( 'NONE',  ( 0.8000000000000004900, 0.4000000000000001900, -0.9999999999999997800 ) ) ;
#2328 = EDGE_LOOP ( 'NONE', ( #2312, #499, #3454, #869 ) ) ;
#2329 = DIRECTION ( 'NONE',  ( -0.0000000000000000000, 1.000000000000000000, -0.0000000000000000000 ) ) ;
#2330 = ORIENTED_EDGE ( 'NONE', *, *, #1362, .T. ) ;
#2331 = CARTESIAN_POINT ( 'NONE',  ( -0.7249999999999999800, 1.086707392548410500, -0.3250000000000000700 ) ) ;
#2332 = CARTESIAN_POINT ( 'NONE',  ( 0.8000000000000004900, 0.4000000000000001900, 0.9999999999999997800 ) ) ;
#2333 = LINE ( 'NONE', #3130, #2438 ) ;
#2334 = CARTESIAN_POINT ( 'NONE',  ( -0.8000000000000004900, 2.961249694973139900, -0.7649999999999997900 ) ) ;
#2335 = DIRECTION ( 'NONE',  ( 0.0000000000000000000, 1.000000000000000000, 0.0000000000000000000 ) ) ;
#2336 = AXIS2_PLACEMENT_3D ( 'NONE', #73, #2602, #558 ) ;
#2337 = CARTESIAN_POINT ( 'NONE',  ( -0.8000000000000004900, 0.0000000000000000000, -0.9999999999999997800 ) ) ;
#2338 = ORIENTED_EDGE ( 'NONE', *, *, #3328, .F. ) ;
#2339 = DIRECTION ( 'NONE',  ( 0.7071067811865436900, 0.0000000000000000000, 0.7071067811865513500 ) ) ;
#2340 = DIRECTION ( 'NONE',  ( 0.0000000000000000000, 0.0000000000000000000, -1.000000000000000000 ) ) ;
#2341 = CIRCLE ( 'NONE', #3314, 0.02499999999999995600 ) ;
#2342 = CARTESIAN_POINT ( 'NONE',  ( 0.5333333333333329900, 0.4103553390593274200, 0.8933333333333337600 ) ) ;
#2343 = ADVANCED_FACE ( 'NONE', ( #2779 ), #803, .T. ) ;
#2344 = LINE ( 'NONE', #2413, #362 ) ;
#2345 = DIRECTION ( 'NONE',  ( -1.000000000000000000, 0.0000000000000000000, 0.0000000000000000000 ) ) ;
#2346 = SURFACE_STYLE_FILL_AREA ( #333 ) ;
#2347 = CARTESIAN_POINT ( 'NONE',  ( 0.5848983890931684900, 0.5000000000000002200, -0.8213603896932101200 ) ) ;
#2348 = VECTOR ( 'NONE', #741, 1000.000000000000000 ) ;
#2349 = EDGE_CURVE ( 'NONE', #88, #4025, #3028, .T. ) ;
#2350 = VECTOR ( 'NONE', #2490, 1000.000000000000000 ) ;
#2351 = VECTOR ( 'NONE', #189, 1000.000000000000000 ) ;
#2352 = VERTEX_POINT ( 'NONE', #2934 ) ;
#2353 = EDGE_CURVE ( 'NONE', #864, #1532, #3814, .T. ) ;
#2354 = CARTESIAN_POINT ( 'NONE',  ( 0.7999999999999997100, 0.4000000000000001900, 0.8399999999999998600 ) ) ;
#2355 = ORIENTED_EDGE ( 'NONE', *, *, #2349, .T. ) ;
#2356 = ORIENTED_EDGE ( 'NONE', *, *, #17, .T. ) ;
#2357 = ORIENTED_EDGE ( 'NONE', *, *, #1198, .T. ) ;
#2358 = ORIENTED_EDGE ( 'NONE', *, *, #3410, .F. ) ;
#2359 = UNCERTAINTY_MEASURE_WITH_UNIT (LENGTH_MEASURE( 1.000000000000000100E-005 ), #2557, 'distance_accuracy_value', 'NONE');
#2360 = CARTESIAN_POINT ( 'NONE',  ( -0.4950000000000004400, 0.4800000000000000900, -0.6949999999999994000 ) ) ;
#2361 = ORIENTED_EDGE ( 'NONE', *, *, #2867, .T. ) ;
#2362 = DIRECTION ( 'NONE',  ( -0.0000000000000000000, 1.000000000000000000, 0.0000000000000000000 ) ) ;
#2363 = AXIS2_PLACEMENT_3D ( 'NONE', #2001, #1049, #3260 ) ;
#2364 = VERTEX_POINT ( 'NONE', #3533 ) ;
#2365 = ORIENTED_EDGE ( 'NONE', *, *, #2349, .F. ) ;
#2366 = DIRECTION ( 'NONE',  ( 0.0000000000000000000, 0.0000000000000000000, -1.000000000000000000 ) ) ;
#2367 = CARTESIAN_POINT ( 'NONE',  ( -0.8000000000000004900, 1.086707392548410500, 0.8399999999999997500 ) ) ;
#2368 = ADVANCED_FACE ( 'NONE', ( #2177 ), #2087, .T. ) ;
#2369 = VERTEX_POINT ( 'NONE', #2620 ) ;
#2370 = CARTESIAN_POINT ( 'NONE',  ( -0.7249999999999999800, 1.086707392548410500, -0.7772894254867989100 ) ) ;
#2371 = CARTESIAN_POINT ( 'NONE',  ( 0.5333333333333329900, 0.4396446609406725000, 0.8933333333333337600 ) ) ;
#2372 = VERTEX_POINT ( 'NONE', #727 ) ;
#2373 = LINE ( 'NONE', #3717, #3209 ) ;
#2374 = EDGE_CURVE ( 'NONE', #1435, #6, #2939, .T. ) ;
#2375 = CIRCLE ( 'NONE', #2336, 0.2349999999999999600 ) ;
#2376 = CARTESIAN_POINT ( 'NONE',  ( 0.5333333333333332100, 0.4813603896932107700, -0.8399999999999995200 ) ) ;
#2377 = CARTESIAN_POINT ( 'NONE',  ( -0.7249999999999999800, 0.0000000000000000000, -0.3250000000000000700 ) ) ;
#2378 = ORIENTED_EDGE ( 'NONE', *, *, #2814, .F. ) ;
#2379 = EDGE_CURVE ( 'NONE', #1138, #523, #3722, .T. ) ;
#2380 = VERTEX_POINT ( 'NONE', #3253 ) ;
#2381 = DIRECTION ( 'NONE',  ( -0.0000000000000000000, -1.000000000000000000, -0.0000000000000000000 ) ) ;
#2382 = ADVANCED_FACE ( 'NONE', ( #2272 ), #1936, .T. ) ;
#2383 = AXIS2_PLACEMENT_3D ( 'NONE', #2755, #845, #3067 ) ;
#2384 = ORIENTED_EDGE ( 'NONE', *, *, #3818, .F. ) ;
#2385 = DIRECTION ( 'NONE',  ( -1.000000000000000000, -0.0000000000000000000, 0.0000000000000000000 ) ) ;
#2386 = ORIENTED_EDGE ( 'NONE', *, *, #1866, .F. ) ;
#2387 = CARTESIAN_POINT ( 'NONE',  ( -0.5333333333333342100, 0.4500000000000000700, -0.8683333333333328500 ) ) ;
#2388 = FACE_OUTER_BOUND ( 'NONE', #432, .T. ) ;
#2389 = DIRECTION ( 'NONE',  ( -0.0000000000000000000, -1.000000000000000000, -0.0000000000000000000 ) ) ;
#2390 = AXIS2_PLACEMENT_3D ( 'NONE', #780, #2381, #2081 ) ;
#2391 = ORIENTED_EDGE ( 'NONE', *, *, #3305, .F. ) ;
#2392 = PRESENTATION_STYLE_ASSIGNMENT (( #1206 ) ) ;
#2393 = FACE_OUTER_BOUND ( 'NONE', #3893, .T. ) ;
#2394 = LINE ( 'NONE', #268, #3925 ) ;
#2395 = DIRECTION ( 'NONE',  ( 0.0000000000000000000, 0.0000000000000000000, -1.000000000000000000 ) ) ;
#2396 = VECTOR ( 'NONE', #2913, 1000.000000000000000 ) ;
#2397 = DIRECTION ( 'NONE',  ( 0.0000000000000000000, -1.000000000000000000, -0.0000000000000000000 ) ) ;
#2398 = FACE_OUTER_BOUND ( 'NONE', #2555, .T. ) ;
#2399 = LINE ( 'NONE', #2165, #1579 ) ;
#2400 = CARTESIAN_POINT ( 'NONE',  ( -0.7183333333333337100, 0.4000000000000000800, 0.8417038242943107900 ) ) ;
#2401 = ORIENTED_EDGE ( 'NONE', *, *, #2379, .F. ) ;
#2402 = EDGE_LOOP ( 'NONE', ( #3639, #2532, #921, #1647 ) ) ;
#2403 = PLANE ( 'NONE',  #1636 ) ;
#2404 = DIRECTION ( 'NONE',  ( -1.000000000000000000, 0.0000000000000000000, 1.016439536705160300E-016 ) ) ;
#2405 = DIRECTION ( 'NONE',  ( -0.0000000000000000000, -1.000000000000000000, -0.0000000000000000000 ) ) ;
#2406 = EDGE_CURVE ( 'NONE', #299, #1894, #3631, .T. ) ;
#2407 = EDGE_LOOP ( 'NONE', ( #11, #2878, #1130, #3575 ) ) ;
#2408 = ORIENTED_EDGE ( 'NONE', *, *, #1881, .F. ) ;
#2409 = ADVANCED_FACE ( 'NONE', ( #1997 ), #1072, .T. ) ;
#2410 = EDGE_LOOP ( 'NONE', ( #3258, #2920, #485, #1030 ) ) ;
#2411 = EDGE_LOOP ( 'NONE', ( #3482, #1436, #2823, #3805 ) ) ;
#2412 = AXIS2_PLACEMENT_3D ( 'NONE', #301, #1895, #2193 ) ;
#2413 = CARTESIAN_POINT ( 'NONE',  ( 0.2250000000000000300, 1.086707392548410500, 0.3250000000000000700 ) ) ;
#2414 = DIRECTION ( 'NONE',  ( 0.0000000000000000000, 0.0000000000000000000, -1.000000000000000000 ) ) ;
#2415 = CARTESIAN_POINT ( 'NONE',  ( -0.5333333333333337700, 0.4250000000000000400, 0.9183333333333335600 ) ) ;
#2416 = ORIENTED_EDGE ( 'NONE', *, *, #1931, .T. ) ;
#2417 = ORIENTED_EDGE ( 'NONE', *, *, #2325, .T. ) ;
#2418 = AXIS2_PLACEMENT_3D ( 'NONE', #3748, #3758, #3769 ) ;
#2419 = PLANE ( 'NONE',  #2055 ) ;
#2420 = CARTESIAN_POINT ( 'NONE',  ( 0.6213603896932101700, 0.5000000000000001100, -0.7333333333333328400 ) ) ;
#2421 = DIRECTION ( 'NONE',  ( 0.0000000000000000000, 0.0000000000000000000, -1.000000000000000000 ) ) ;
#2422 = DIRECTION ( 'NONE',  ( 0.0000000000000000000, -1.000000000000000000, 0.0000000000000000000 ) ) ;
#2423 = LINE ( 'NONE', #2271, #3950 ) ;
#2424 = VECTOR ( 'NONE', #1972, 1000.000000000000000 ) ;
#2425 = CARTESIAN_POINT ( 'NONE',  ( 0.8000000000000004900, 0.1999999999999999800, -0.9999999999999997800 ) ) ;
#2426 = COLOUR_RGB ( '',1.000000000000000000, 0.8117647058823529400, 0.5019607843137254800 ) ;
#2427 = CARTESIAN_POINT ( 'NONE',  ( 0.7183333333333330500, 0.4000000000000000800, -0.7333333333333330600 ) ) ;
#2428 = CYLINDRICAL_SURFACE ( 'NONE', #2634, 0.1066666666666665900 ) ;
#2429 = ADVANCED_FACE ( 'NONE', ( #1148 ), #1088, .T. ) ;
#2430 = ORIENTED_EDGE ( 'NONE', *, *, #70, .F. ) ;
#2431 = CARTESIAN_POINT ( 'NONE',  ( 0.7183333333333329400, 0.4000000000000000800, 0.7333333333333336100 ) ) ;
#2432 = EDGE_CURVE ( 'NONE', #3051, #2372, #2840, .T. ) ;
#2433 = CARTESIAN_POINT ( 'NONE',  ( -0.8000000000000004900, 1.086707392548410500, 0.9999999999999997800 ) ) ;
#2434 = DIRECTION ( 'NONE',  ( -3.690901012716611200E-015, 0.0000000000000000000, -1.000000000000000000 ) ) ;
#2435 = ORIENTED_EDGE ( 'NONE', *, *, #140, .F. ) ;
#2436 = DIRECTION ( 'NONE',  ( 0.0000000000000000000, 1.000000000000000000, 0.0000000000000000000 ) ) ;
#2437 = DIRECTION ( 'NONE',  ( 0.0000000000000000000, 0.0000000000000000000, -1.000000000000000000 ) ) ;
#2438 = VECTOR ( 'NONE', #1568, 1000.000000000000000 ) ;
#2439 = EDGE_CURVE ( 'NONE', #3791, #299, #1208, .T. ) ;
#2440 = DIRECTION ( 'NONE',  ( -1.000000000000000000, 0.0000000000000000000, 0.0000000000000000000 ) ) ;
#2441 = ORIENTED_EDGE ( 'NONE', *, *, #238, .F. ) ;
#2442 = ORIENTED_EDGE ( 'NONE', *, *, #545, .F. ) ;
#2443 = CARTESIAN_POINT ( 'NONE',  ( -0.7249999999999999800, 0.0000000000000000000, 0.7772894254867990200 ) ) ;
#2444 = AXIS2_PLACEMENT_3D ( 'NONE', #2119, #227, #2440 ) ;
#2445 = LINE ( 'NONE', #890, #3967 ) ;
#2446 = ORIENTED_EDGE ( 'NONE', *, *, #2699, .T. ) ;
#2447 = CARTESIAN_POINT ( 'NONE',  ( 0.7249999999999999800, 1.086707392548410500, -0.3250000000000000700 ) ) ;
#2448 = COLOUR_RGB ( '',1.000000000000000000, 0.8117647058823529400, 0.5019607843137254800 ) ;
#2449 = DIRECTION ( 'NONE',  ( 1.000000000000000000, 0.0000000000000000000, 0.0000000000000000000 ) ) ;
#2450 = LINE ( 'NONE', #1210, #3971 ) ;
#2451 = VECTOR ( 'NONE', #3240, 1000.000000000000000 ) ;
#2452 = LINE ( 'NONE', #2447, #2350 ) ;
#2453 = APPLICATION_PROTOCOL_DEFINITION ( 'draft international standard', 'automotive_design', 1998, #2781 ) ;
#2454 = VECTOR ( 'NONE', #3640, 1000.000000000000000 ) ;
#2455 = EDGE_CURVE ( 'NONE', #3712, #710, #1890, .T. ) ;
#2456 = ORIENTED_EDGE ( 'NONE', *, *, #661, .T. ) ;
#2457 = DIRECTION ( 'NONE',  ( 6.123233995736766000E-017, 0.0000000000000000000, -1.000000000000000000 ) ) ;
#2458 = ORIENTED_EDGE ( 'NONE', *, *, #309, .T. ) ;
#2459 = ORIENTED_EDGE ( 'NONE', *, *, #3471, .F. ) ;
#2460 = ORIENTED_EDGE ( 'NONE', *, *, #3286, .F. ) ;
#2461 = DIRECTION ( 'NONE',  ( -1.000000000000000000, 0.0000000000000000000, -0.0000000000000000000 ) ) ;
#2462 = DIRECTION ( 'NONE',  ( 0.0000000000000000000, 1.000000000000000000, 0.0000000000000000000 ) ) ;
#2463 = EDGE_CURVE ( 'NONE', #3957, #133, #1045, .T. ) ;
#2464 = CARTESIAN_POINT ( 'NONE',  ( 0.5333333333333331000, 0.3999999999999999100, -0.9036886723926604900 ) ) ;
#2465 = VERTEX_POINT ( 'NONE', #2059 ) ;
#2466 = ORIENTED_EDGE ( 'NONE', *, *, #1837, .T. ) ;
#2467 = VERTEX_POINT ( 'NONE', #151 ) ;
#2468 = DIRECTION ( 'NONE',  ( 0.0000000000000000000, 0.0000000000000000000, -1.000000000000000000 ) ) ;
#2469 = AXIS2_PLACEMENT_3D ( 'NONE', #1352, #1676, #3821 ) ;
#2470 = APPLICATION_CONTEXT ( 'automotive_design' ) ;
#2471 = ORIENTED_EDGE ( 'NONE', *, *, #2045, .T. ) ;
#2472 = AXIS2_PLACEMENT_3D ( 'NONE', #974, #2889, #2556 ) ;
#2473 = CARTESIAN_POINT ( 'NONE',  ( -0.4950000000000004400, 0.5000000000000000000, -0.6949999999999994000 ) ) ;
#2474 = ORIENTED_EDGE ( 'NONE', *, *, #280, .F. ) ;
#2475 = VECTOR ( 'NONE', #3999, 1000.000000000000000 ) ;
#2476 = CARTESIAN_POINT ( 'NONE',  ( 0.6400000000000003500, 0.4000000000000001900, 1.000000000000000200 ) ) ;
#2477 = CARTESIAN_POINT ( 'NONE',  ( -0.6400000000000003500, 0.0000000000000000000, 1.000000000000000200 ) ) ;
#2478 = VECTOR ( 'NONE', #1480, 1000.000000000000000 ) ;
#2479 = CARTESIAN_POINT ( 'NONE',  ( -0.2250000000000000300, 1.086707392548410500, -0.9249999999999999300 ) ) ;
#2480 = DIRECTION ( 'NONE',  ( 0.0000000000000000000, -1.000000000000000000, 0.0000000000000000000 ) ) ;
#2481 = ORIENTED_EDGE ( 'NONE', *, *, #1942, .T. ) ;
#2482 = EDGE_LOOP ( 'NONE', ( #739, #2466, #3898, #1880, #129, #1597, #1125, #2386, #1074 ) ) ;
#2483 = CARTESIAN_POINT ( 'NONE',  ( -0.6829779942740066300, 0.4500000000000000700, 0.7333333333333336100 ) ) ;
#2484 = ORIENTED_EDGE ( 'NONE', *, *, #2786, .F. ) ;
#2485 = PLANE ( 'NONE',  #407 ) ;
#2486 = EDGE_CURVE ( 'NONE', #1894, #1639, #291, .T. ) ;
#2487 = EDGE_CURVE ( 'NONE', #3592, #579, #3450, .T. ) ;
#2488 = CARTESIAN_POINT ( 'NONE',  ( 0.7999999999999997100, 0.0000000000000000000, 0.8399999999999998600 ) ) ;
#2489 = VERTEX_POINT ( 'NONE', #3609 ) ;
#2490 = DIRECTION ( 'NONE',  ( -0.0000000000000000000, -1.000000000000000000, -0.0000000000000000000 ) ) ;
#2491 = CARTESIAN_POINT ( 'NONE',  ( -0.5333333333333339900, 0.4499999999999999000, -0.8399999999999995200 ) ) ;
#2492 = UNCERTAINTY_MEASURE_WITH_UNIT (LENGTH_MEASURE( 1.000000000000000100E-005 ), #1791, 'distance_accuracy_value', 'NONE');
#2493 = DIRECTION ( 'NONE',  ( -1.000000000000000000, 0.0000000000000000000, 0.0000000000000000000 ) ) ;
#2494 = DIRECTION ( 'NONE',  ( 0.0000000000000000000, 0.0000000000000000000, -1.000000000000000000 ) ) ;
#2495 = EDGE_CURVE ( 'NONE', #2465, #3914, #1797, .T. ) ;
#2496 = ORIENTED_EDGE ( 'NONE', *, *, #857, .F. ) ;
#2497 = LINE ( 'NONE', #725, #3422 ) ;
#2498 = CARTESIAN_POINT ( 'NONE',  ( 0.0000000000000000000, 0.4500000000000000700, 0.0000000000000000000 ) ) ;
#2499 = VECTOR ( 'NONE', #1321, 1000.000000000000000 ) ;
#2500 = CIRCLE ( 'NONE', #2120, 0.2350000000000001800 ) ;
#2501 =( GEOMETRIC_REPRESENTATION_CONTEXT ( 3 ) GLOBAL_UNCERTAINTY_ASSIGNED_CONTEXT ( ( #2492 ) ) GLOBAL_UNIT_ASSIGNED_CONTEXT ( ( #1791, #3932, #2097 ) ) REPRESENTATION_CONTEXT ( 'NONE', 'WORKASPACE' ) );
#2502 = AXIS2_PLACEMENT_3D ( 'NONE', #394, #1700, #1624 ) ;
#2503 = LINE ( 'NONE', #675, #1677 ) ;
#2504 = CIRCLE ( 'NONE', #3882, 0.02499999999999995600 ) ;
#2505 = CARTESIAN_POINT ( 'NONE',  ( -0.2250000000000000300, 0.0000000000000000000, -0.9249999999999999300 ) ) ;
#2506 = DIRECTION ( 'NONE',  ( 0.0000000000000000000, 0.0000000000000000000, -1.000000000000000000 ) ) ;
#2507 = DIRECTION ( 'NONE',  ( 1.000000000000000000, -0.0000000000000000000, -5.782411586589358800E-015 ) ) ;
#2508 = ORIENTED_EDGE ( 'NONE', *, *, #3986, .F. ) ;
#2509 = DIRECTION ( 'NONE',  ( -1.000000000000000000, 0.0000000000000000000, -0.0000000000000000000 ) ) ;
#2510 = VERTEX_POINT ( 'NONE', #784 ) ;
#2511 = ORIENTED_EDGE ( 'NONE', *, *, #3495, .T. ) ;
#2512 = VERTEX_POINT ( 'NONE', #2377 ) ;
#2513 = CARTESIAN_POINT ( 'NONE',  ( 0.7249999999999999800, 0.0000000000000000000, -0.7772894254867989100 ) ) ;
#2514 = EDGE_CURVE ( 'NONE', #29, #3724, #935, .T. ) ;
#2515 = EDGE_LOOP ( 'NONE', ( #3619, #1460, #1152, #83 ) ) ;
#2516 = VERTEX_POINT ( 'NONE', #3905 ) ;
#2517 = CARTESIAN_POINT ( 'NONE',  ( -0.6270591633536383200, 0.4103553390593274700, 0.8933333333333336500 ) ) ;
#2518 = CARTESIAN_POINT ( 'NONE',  ( 0.8000000000000004900, 0.0000000000000000000, 0.9999999999999997800 ) ) ;
#2519 = ORIENTED_EDGE ( 'NONE', *, *, #3193, .T. ) ;
#2520 = EDGE_CURVE ( 'NONE', #1698, #3724, #3365, .T. ) ;
#2521 = CARTESIAN_POINT ( 'NONE',  ( -0.6933333333333339100, 0.4250000000000001000, -0.8270591633536374900 ) ) ;
#2522 = CARTESIAN_POINT ( 'NONE',  ( 0.7249999999999999800, 0.1999999999999999800, 0.7772894254867990200 ) ) ;
#2523 = CARTESIAN_POINT ( 'NONE',  ( -0.2250000000000000300, 0.0000000000000000000, -0.3250000000000000700 ) ) ;
#2524 = AXIS2_PLACEMENT_3D ( 'NONE', #915, #3161, #1277 ) ;
#2525 = VECTOR ( 'NONE', #2258, 1000.000000000000000 ) ;
#2526 = VERTEX_POINT ( 'NONE', #1775 ) ;
#2527 = PLANE ( 'NONE',  #2524 ) ;
#2528 = LINE ( 'NONE', #175, #1599 ) ;
#2529 = DIRECTION ( 'NONE',  ( 0.0000000000000000000, 0.0000000000000000000, 1.000000000000000000 ) ) ;
#2530 = FACE_OUTER_BOUND ( 'NONE', #2675, .T. ) ;
#2531 = CARTESIAN_POINT ( 'NONE',  ( -0.6400000000000003500, 1.086707392548410500, 1.000000000000000200 ) ) ;
#2532 = ORIENTED_EDGE ( 'NONE', *, *, #997, .T. ) ;
#2533 = CARTESIAN_POINT ( 'NONE',  ( 0.8000000000000004900, 1.086707392548410500, -0.9999999999999997800 ) ) ;
#2534 = DIRECTION ( 'NONE',  ( 0.0000000000000000000, -1.000000000000000000, -0.0000000000000000000 ) ) ;
#2535 = FILL_AREA_STYLE_COLOUR ( '', #3778 ) ;
#2536 = VERTEX_POINT ( 'NONE', #2084 ) ;
#2537 = LINE ( 'NONE', #843, #213 ) ;
#2538 = ORIENTED_EDGE ( 'NONE', *, *, #3410, .T. ) ;
#2539 = DIRECTION ( 'NONE',  ( 0.0000000000000000000, -1.000000000000000000, 0.0000000000000000000 ) ) ;
#2540 = EDGE_CURVE ( 'NONE', #1802, #3020, #2528, .T. ) ;
#2541 = MANIFOLD_SOLID_BREP ( 'Chamfer3', #1410 ) ;
#2542 = DIRECTION ( 'NONE',  ( 0.0000000000000000000, 0.0000000000000000000, 1.000000000000000000 ) ) ;
#2543 = DIRECTION ( 'NONE',  ( -0.0000000000000000000, -1.000000000000000000, -0.0000000000000000000 ) ) ;
#2544 = CARTESIAN_POINT ( 'NONE',  ( 0.2250000000000000300, 0.1999999999999999800, 0.0000000000000000000 ) ) ;
#2545 = FACE_OUTER_BOUND ( 'NONE', #1424, .T. ) ;
#2546 = CARTESIAN_POINT ( 'NONE',  ( -0.2250000000000000300, 1.086707392548410500, 0.9249999999999999300 ) ) ;
#2547 = AXIS2_PLACEMENT_3D ( 'NONE', #2337, #446, #173 ) ;
#2548 = LINE ( 'NONE', #2063, #853 ) ;
#2549 = LINE ( 'NONE', #2691, #1621 ) ;
#2550 = VECTOR ( 'NONE', #1657, 1000.000000000000000 ) ;
#2551 = AXIS2_PLACEMENT_3D ( 'NONE', #1200, #1498, #1774 ) ;
#2552 = DIRECTION ( 'NONE',  ( 0.0000000000000000000, -1.000000000000000000, 0.0000000000000000000 ) ) ;
#2553 = CARTESIAN_POINT ( 'NONE',  ( -0.5958172200135365400, 0.4550000000000001300, 0.8400000000000001900 ) ) ;
#2554 = CYLINDRICAL_SURFACE ( 'NONE', #1978, 0.02499999999999995600 ) ;
#2555 = EDGE_LOOP ( 'NONE', ( #1517, #3169, #2610, #3250 ) ) ;
#2556 = DIRECTION ( 'NONE',  ( 0.0000000000000000000, 0.0000000000000000000, -1.000000000000000000 ) ) ;
#2557 =( LENGTH_UNIT ( ) NAMED_UNIT ( * ) SI_UNIT ( .MILLI., .METRE. ) );
#2558 = ORIENTED_EDGE ( 'NONE', *, *, #3867, .T. ) ;
#2559 = ORIENTED_EDGE ( 'NONE', *, *, #491, .T. ) ;
#2560 = EDGE_LOOP ( 'NONE', ( #1484, #2756, #2710, #3686 ) ) ;
#2561 = CARTESIAN_POINT ( 'NONE',  ( -0.6683333333333337800, 0.4250000000000000400, 0.7333333333333337300 ) ) ;
#2562 = ORIENTED_EDGE ( 'NONE', *, *, #2623, .F. ) ;
#2563 = EDGE_LOOP ( 'NONE', ( #972, #135, #1398, #1921 ) ) ;
#2564 = CARTESIAN_POINT ( 'NONE',  ( -0.7249999999999999800, 1.086707392548410500, -0.3250000000000000700 ) ) ;
#2565 = EDGE_CURVE ( 'NONE', #3411, #1390, #2130, .T. ) ;
#2566 = CARTESIAN_POINT ( 'NONE',  ( -0.6933333333333340200, 0.4250000000000000400, -0.7333333333333329500 ) ) ;
#2567 = ORIENTED_EDGE ( 'NONE', *, *, #3896, .T. ) ;
#2568 = CARTESIAN_POINT ( 'NONE',  ( -0.2250000000000000300, 0.0000000000000000000, 0.3250000000000000700 ) ) ;
#2569 = EDGE_CURVE ( 'NONE', #2816, #3020, #746, .T. ) ;
#2570 = CARTESIAN_POINT ( 'NONE',  ( 0.0000000000000000000, 0.0000000000000000000, -0.3250000000000000700 ) ) ;
#2571 = DIRECTION ( 'NONE',  ( 0.0000000000000000000, 0.0000000000000000000, -1.000000000000000000 ) ) ;
#2572 = CARTESIAN_POINT ( 'NONE',  ( -0.5333333333333339900, 2.612060605191053300, -0.7333333333333328400 ) ) ;
#2573 = EDGE_LOOP ( 'NONE', ( #2868, #3167, #574, #2305 ) ) ;
#2574 = FACE_OUTER_BOUND ( 'NONE', #3583, .T. ) ;
#2575 = AXIS2_PLACEMENT_3D ( 'NONE', #3693, #3455, #3407 ) ;
#2576 = ADVANCED_FACE ( 'NONE', ( #4041 ), #1199, .F. ) ;
#2577 = VERTEX_POINT ( 'NONE', #1799 ) ;
#2578 = DIRECTION ( 'NONE',  ( -1.000000000000000000, 0.0000000000000000000, 0.0000000000000000000 ) ) ;
#2579 = ORIENTED_EDGE ( 'NONE', *, *, #1190, .T. ) ;
#2580 = CARTESIAN_POINT ( 'NONE',  ( 0.7999999999999997100, 0.0000000000000000000, 1.000000000000000200 ) ) ;
#2581 = DIRECTION ( 'NONE',  ( 0.0000000000000000000, -1.000000000000000000, 0.0000000000000000000 ) ) ;
#2582 = CARTESIAN_POINT ( 'NONE',  ( 0.6400000000000002400, 2.961249694973139900, -0.9999999999999997800 ) ) ;
#2583 = PLANE ( 'NONE',  #2195 ) ;
#2584 = CARTESIAN_POINT ( 'NONE',  ( -0.5333333333333342100, 0.4396446609406726200, -0.8933333333333327600 ) ) ;
#2585 = ORIENTED_EDGE ( 'NONE', *, *, #100, .T. ) ;
#2586 = EDGE_CURVE ( 'NONE', #2465, #1435, #2887, .T. ) ;
#2587 = DIRECTION ( 'NONE',  ( 0.0000000000000000000, 0.0000000000000000000, 1.000000000000000000 ) ) ;
#2588 = CARTESIAN_POINT ( 'NONE',  ( -0.5650000000000003900, 1.086707392548410500, -0.9999999999999997800 ) ) ;
#2589 = ORIENTED_EDGE ( 'NONE', *, *, #2623, .T. ) ;
#2590 = FACE_OUTER_BOUND ( 'NONE', #3199, .T. ) ;
#2591 =( BOUNDED_SURFACE ( )  B_SPLINE_SURFACE ( 3, 3, ( 
 ( #963, #694, #1425, #1452 ),
 ( #2420, #1860, #2347, #3346 ),
 ( #3279, #3404, #3618, #2376 ),
 ( #3379, #3308, #3429, #3033 ) ),
 .UNSPECIFIED., .F., .F., .F. ) 
 B_SPLINE_SURFACE_WITH_KNOTS ( ( 4, 4 ),
 ( 4, 4 ),
 ( 0.0000000000000000000, 1.000000000000000000 ),
 ( 0.0000000000000000000, 1.000000000000000000 ),
 .UNSPECIFIED. ) 
 GEOMETRIC_REPRESENTATION_ITEM ( )  RATIONAL_B_SPLINE_SURFACE ( (
 ( 1.000000000000000000, 0.8047378541243647200, 0.8047378541243647200, 1.000000000000000000),
 ( 0.8047378541243649400, 0.6476030138606875300, 0.6476030138606875300, 0.8047378541243649400),
 ( 0.8047378541243649400, 0.6476030138606875300, 0.6476030138606875300, 0.8047378541243649400),
 ( 1.000000000000000000, 0.8047378541243647200, 0.8047378541243647200, 1.000000000000000000) ) ) 
 REPRESENTATION_ITEM ( '' )  SURFACE ( )  );
#2592 = EDGE_CURVE ( 'NONE', #2352, #3791, #3675, .T. ) ;
#2593 = VECTOR ( 'NONE', #2843, 1000.000000000000000 ) ;
#2594 = VERTEX_POINT ( 'NONE', #2745 ) ;
#2595 = VECTOR ( 'NONE', #2281, 1000.000000000000000 ) ;
#2596 = CLOSED_SHELL ( 'NONE', ( #2085, #2050, #3773, #2724, #2686, #1064, #3263, #1988, #671, #1684, #1106, #751, #1367, #2257, #899, #3638, #785, #212, #3302, #975, #2967 ) ) ;
#2597 = DIRECTION ( 'NONE',  ( 0.0000000000000000000, 0.0000000000000000000, -1.000000000000000000 ) ) ;
#2598 = ADVANCED_FACE ( 'NONE', ( #346 ), #838, .F. ) ;
#2599 = CARTESIAN_POINT ( 'NONE',  ( 0.0000000000000000000, 0.1999999999999999800, 0.3250000000000000700 ) ) ;
#2600 = LINE ( 'NONE', #1937, #64 ) ;
#2601 = DIRECTION ( 'NONE',  ( 0.0000000000000000000, 0.0000000000000000000, 1.000000000000000000 ) ) ;
#2603 = ORIENTED_EDGE ( 'NONE', *, *, #1845, .F. ) ;
#2602 = DIRECTION ( 'NONE',  ( 0.0000000000000000000, 1.000000000000000000, 0.0000000000000000000 ) ) ;
#2604 = FACE_OUTER_BOUND ( 'NONE', #3392, .T. ) ;
#2605 = EDGE_LOOP ( 'NONE', ( #281, #2971, #1884, #3191 ) ) ;
#2606 = AXIS2_PLACEMENT_3D ( 'NONE', #2770, #858, #3081 ) ;
#2607 = DIRECTION ( 'NONE',  ( -1.000000000000000000, 0.0000000000000000000, -5.782411586589358800E-015 ) ) ;
#2608 = DIRECTION ( 'NONE',  ( -0.0000000000000000000, -1.000000000000000000, -0.0000000000000000000 ) ) ;
#2609 = ORIENTED_EDGE ( 'NONE', *, *, #994, .F. ) ;
#2610 = ORIENTED_EDGE ( 'NONE', *, *, #947, .T. ) ;
#2611 = DIRECTION ( 'NONE',  ( -1.011922027653137700E-014, 0.0000000000000000000, 1.000000000000000000 ) ) ;
#2612 = DIRECTION ( 'NONE',  ( 0.0000000000000000000, 0.0000000000000000000, -1.000000000000000000 ) ) ;
#2613 = EDGE_LOOP ( 'NONE', ( #277, #3065, #868, #4045 ) ) ;
#2614 = VERTEX_POINT ( 'NONE', #3372 ) ;
#2615 = PLANE ( 'NONE',  #3702 ) ;
#2616 = DIRECTION ( 'NONE',  ( 0.0000000000000000000, 1.000000000000000000, 0.0000000000000000000 ) ) ;
#2617 = VERTEX_POINT ( 'NONE', #1811 ) ;
#2618 = DIRECTION ( 'NONE',  ( 1.000000000000000000, 0.0000000000000000000, -0.0000000000000000000 ) ) ;
#2619 = ORIENTED_EDGE ( 'NONE', *, *, #2095, .T. ) ;
#2620 = CARTESIAN_POINT ( 'NONE',  ( -0.5333333333333339900, 0.4550000000000001300, -0.8399999999999994100 ) ) ;
#2621 = ADVANCED_FACE ( 'NONE', ( #1935 ), #3494, .F. ) ;
#2622 = CARTESIAN_POINT ( 'NONE',  ( -0.5333333333333341000, 0.5000000000000000000, -0.8213603896932101200 ) ) ;
#2623 = EDGE_CURVE ( 'NONE', #172, #2722, #1096, .T. ) ;
#2624 = CARTESIAN_POINT ( 'NONE',  ( -0.2250000000000000300, 0.1999999999999999800, 0.9249999999999999300 ) ) ;
#2625 = LINE ( 'NONE', #3517, #830 ) ;
#2626 = DIRECTION ( 'NONE',  ( -1.000000000000000000, -0.0000000000000000000, 0.0000000000000000000 ) ) ;
#2627 = FACE_OUTER_BOUND ( 'NONE', #2560, .T. ) ;
#2628 = CARTESIAN_POINT ( 'NONE',  ( 0.5949999999999993100, 0.5000000000000001100, 0.7694568303203257500 ) ) ;
#2629 = AXIS2_PLACEMENT_3D ( 'NONE', #537, #2768, #2183 ) ;
#2630 = VECTOR ( 'NONE', #3596, 1000.000000000000000 ) ;
#2631 = FACE_OUTER_BOUND ( 'NONE', #39, .T. ) ;
#2632 = ORIENTED_EDGE ( 'NONE', *, *, #36, .T. ) ;
#2633 = CARTESIAN_POINT ( 'NONE',  ( 0.5333333333333328800, 0.4500000000000000700, -0.8683333333333332900 ) ) ;
#2634 = AXIS2_PLACEMENT_3D ( 'NONE', #2572, #2930, #2863 ) ;
#2635 = ORIENTED_EDGE ( 'NONE', *, *, #1717, .F. ) ;
#2636 = CARTESIAN_POINT ( 'NONE',  ( -0.7249999999999999800, 0.1999999999999999800, -0.7772894254867989100 ) ) ;
#2637 = FACE_OUTER_BOUND ( 'NONE', #2283, .T. ) ;
#2638 = PLANE ( 'NONE',  #2796 ) ;
#2639 = CARTESIAN_POINT ( 'NONE',  ( 0.6399999999999993500, 0.4550000000000001300, 0.7333333333333335000 ) ) ;
#2640 = ADVANCED_FACE ( 'NONE', ( #2681 ), #531, .T. ) ;
#2641 = DIRECTION ( 'NONE',  ( 0.0000000000000000000, -0.0000000000000000000, 1.000000000000000000 ) ) ;
#2642 = VERTEX_POINT ( 'NONE', #1512 ) ;
#2643 = LINE ( 'NONE', #342, #1268 ) ;
#2644 = EDGE_CURVE ( 'NONE', #3914, #1107, #1844, .T. ) ;
#2645 = CARTESIAN_POINT ( 'NONE',  ( -0.7249999999999999800, 0.0000000000000000000, 0.0000000000000000000 ) ) ;
#2646 = LINE ( 'NONE', #2741, #1813 ) ;
#2647 = DIRECTION ( 'NONE',  ( -3.690901012716608100E-015, 0.0000000000000000000, -1.000000000000000000 ) ) ;
#2648 = VECTOR ( 'NONE', #767, 1000.000000000000000 ) ;
#2649 = LINE ( 'NONE', #2835, #1819 ) ;
#2650 = CARTESIAN_POINT ( 'NONE',  ( -0.7249999999999999800, 1.086707392548410500, -0.7772894254867989100 ) ) ;
#2651 = EDGE_CURVE ( 'NONE', #3056, #608, #985, .T. ) ;
#2652 = DIRECTION ( 'NONE',  ( 0.0000000000000000000, -0.0000000000000000000, 1.000000000000000000 ) ) ;
#2653 = VECTOR ( 'NONE', #1967, 1000.000000000000000 ) ;
#2654 = CIRCLE ( 'NONE', #1766, 0.2350000000000001800 ) ;
#2655 = DIRECTION ( 'NONE',  ( 0.0000000000000000000, 0.0000000000000000000, -1.000000000000000000 ) ) ;
#2656 = DIRECTION ( 'NONE',  ( 0.0000000000000000000, 0.0000000000000000000, -1.000000000000000000 ) ) ;
#2657 = AXIS2_PLACEMENT_3D ( 'NONE', #2667, #3637, #3353 ) ;
#2658 = ORIENTED_EDGE ( 'NONE', *, *, #1109, .T. ) ;
#2659 = DIRECTION ( 'NONE',  ( 1.000000000000000000, -0.0000000000000000000, 0.0000000000000000000 ) ) ;
#2660 = CARTESIAN_POINT ( 'NONE',  ( 0.0000000000000000000, 0.4500000000000000700, 0.0000000000000000000 ) ) ;
#2661 = DIRECTION ( 'NONE',  ( -0.0000000000000000000, -1.000000000000000000, 0.0000000000000000000 ) ) ;
#2662 = VERTEX_POINT ( 'NONE', #862 ) ;
#2663 = ADVANCED_FACE ( 'NONE', ( #1752 ), #3780, .F. ) ;
#2664 = VERTEX_POINT ( 'NONE', #2132 ) ;
#2665 = ORIENTED_EDGE ( 'NONE', *, *, #736, .F. ) ;
#2666 = VERTEX_POINT ( 'NONE', #578 ) ;
#2667 = CARTESIAN_POINT ( 'NONE',  ( -0.8000000000000004900, 0.4000000000000001900, 0.9999999999999997800 ) ) ;
#2668 = CARTESIAN_POINT ( 'NONE',  ( 0.7249999999999999800, 0.1999999999999999800, 0.0000000000000000000 ) ) ;
#2669 = ORIENTED_EDGE ( 'NONE', *, *, #4003, .F. ) ;
#2670 = CARTESIAN_POINT ( 'NONE',  ( 0.6933333333333330200, 0.4103553390593274700, 0.8270591633536382700 ) ) ;
#2671 =( BOUNDED_SURFACE ( )  B_SPLINE_SURFACE ( 3, 3, ( 
 ( #3539, #2300, #2628, #734 ),
 ( #2958, #1050, #3262, #1381 ),
 ( #3554, #1706, #3850, #2013 ),
 ( #102, #2316, #430, #2639 ) ),
 .UNSPECIFIED., .F., .F., .F. ) 
 B_SPLINE_SURFACE_WITH_KNOTS ( ( 4, 4 ),
 ( 4, 4 ),
 ( 0.0000000000000000000, 1.000000000000000000 ),
 ( 0.0000000000000000000, 1.000000000000000000 ),
 .UNSPECIFIED. ) 
 GEOMETRIC_REPRESENTATION_ITEM ( )  RATIONAL_B_SPLINE_SURFACE ( (
 ( 1.000000000000000000, 0.8047378541243649400, 0.8047378541243649400, 1.000000000000000000),
 ( 0.8047378541243649400, 0.6476030138606876400, 0.6476030138606876400, 0.8047378541243649400),
 ( 0.8047378541243649400, 0.6476030138606876400, 0.6476030138606876400, 0.8047378541243649400),
 ( 1.000000000000000000, 0.8047378541243649400, 0.8047378541243649400, 1.000000000000000000) ) ) 
 REPRESENTATION_ITEM ( '' )  SURFACE ( )  );
#2672 = CARTESIAN_POINT ( 'NONE',  ( -0.8000000000000004900, 1.086707392548410500, 0.9999999999999997800 ) ) ;
#2673 = EDGE_CURVE ( 'NONE', #1435, #1107, #3315, .T. ) ;
#2674 = DIRECTION ( 'NONE',  ( -0.0000000000000000000, 1.000000000000000000, -0.0000000000000000000 ) ) ;
#2675 = EDGE_LOOP ( 'NONE', ( #840, #1692, #690, #3528 ) ) ;
#2676 = PLANE ( 'NONE',  #3558 ) ;
#2677 = CARTESIAN_POINT ( 'NONE',  ( 0.5333333333333328800, 0.4500000000000000700, 0.8683333333333338500 ) ) ;
#2678 = VERTEX_POINT ( 'NONE', #2476 ) ;
#2679 = ORIENTED_EDGE ( 'NONE', *, *, #3045, .F. ) ;
#2680 = EDGE_CURVE ( 'NONE', #3524, #244, #2043, .T. ) ;
#2681 = FACE_OUTER_BOUND ( 'NONE', #1051, .T. ) ;
#2682 = FACE_OUTER_BOUND ( 'NONE', #4012, .T. ) ;
#2683 = ORIENTED_EDGE ( 'NONE', *, *, #1142, .T. ) ;
#2684 = CARTESIAN_POINT ( 'NONE',  ( 0.7249999999999999800, 0.1999999999999999800, 0.3250000000000000700 ) ) ;
#2685 = CARTESIAN_POINT ( 'NONE',  ( -0.2250000000000000300, 1.086707392548410500, -0.9249999999999999300 ) ) ;
#2686 = ADVANCED_FACE ( 'NONE', ( #3405 ), #2168, .F. ) ;
#2687 = AXIS2_PLACEMENT_3D ( 'NONE', #3743, #503, #918 ) ;
#2688 = ORIENTED_EDGE ( 'NONE', *, *, #2726, .F. ) ;
#2689 = VERTEX_POINT ( 'NONE', #2803 ) ;
#2690 = DIRECTION ( 'NONE',  ( 0.0000000000000000000, 1.000000000000000000, 0.0000000000000000000 ) ) ;
#2691 = CARTESIAN_POINT ( 'NONE',  ( -0.8000000000000004900, 0.0000000000000000000, -0.9999999999999997800 ) ) ;
#2692 = DIRECTION ( 'NONE',  ( -0.0000000000000000000, 1.000000000000000000, -0.0000000000000000000 ) ) ;
#2693 = ORIENTED_EDGE ( 'NONE', *, *, #360, .F. ) ;
#2694 = CARTESIAN_POINT ( 'NONE',  ( 0.5333333333333329900, 0.4000000000000000800, -0.9183333333333333300 ) ) ;
#2695 = CARTESIAN_POINT ( 'NONE',  ( 0.6933333333333329100, 0.4396446609406723900, 0.8270591633536383800 ) ) ;
#2696 = CARTESIAN_POINT ( 'NONE',  ( 0.8000000000000004900, 0.1999999999999999800, -0.9999999999999997800 ) ) ;
#2697 = DIRECTION ( 'NONE',  ( 0.0000000000000000000, 0.0000000000000000000, 1.000000000000000000 ) ) ;
#2698 = CYLINDRICAL_SURFACE ( 'NONE', #3678, 0.02499999999999995600 ) ;
#2699 = EDGE_CURVE ( 'NONE', #3486, #1270, #884, .T. ) ;
#2700 = CARTESIAN_POINT ( 'NONE',  ( 0.8000000000000001600, 0.1999999999999999800, -0.8399999999999996400 ) ) ;
#2701 = DIRECTION ( 'NONE',  ( 0.0000000000000000000, 1.000000000000000000, 0.0000000000000000000 ) ) ;
#2702 = EDGE_CURVE ( 'NONE', #3499, #2885, #42, .T. ) ;
#2703 = LINE ( 'NONE', #3374, #1008 ) ;
#2704 = ADVANCED_FACE ( 'NONE', ( #787 ), #3098, .F. ) ;
#2705 = PRESENTATION_STYLE_ASSIGNMENT (( #1873 ) ) ;
#2706 = ORIENTED_EDGE ( 'NONE', *, *, #1497, .F. ) ;
#2707 = ORIENTED_EDGE ( 'NONE', *, *, #3146, .T. ) ;
#2708 = EDGE_CURVE ( 'NONE', #897, #276, #2373, .T. ) ;
#2709 = DIRECTION ( 'NONE',  ( 0.0000000000000000000, 0.0000000000000000000, -1.000000000000000000 ) ) ;
#2710 = ORIENTED_EDGE ( 'NONE', *, *, #3615, .F. ) ;
#2711 = ORIENTED_EDGE ( 'NONE', *, *, #2486, .T. ) ;
#2712 = VERTEX_POINT ( 'NONE', #4038 ) ;
#2713 = CARTESIAN_POINT ( 'NONE',  ( -0.8000000000000004900, 0.4000000000000001900, -0.8399999999999996400 ) ) ;
#2714 = AXIS2_PLACEMENT_3D ( 'NONE', #3959, #2121, #228 ) ;
#2715 = VERTEX_POINT ( 'NONE', #1899 ) ;
#2716 = VERTEX_POINT ( 'NONE', #2197 ) ;
#2717 = DIRECTION ( 'NONE',  ( 1.000000000000000000, 0.0000000000000000000, -0.0000000000000000000 ) ) ;
#2718 = CARTESIAN_POINT ( 'NONE',  ( -0.6400000000000003500, 0.1999999999999999800, 1.000000000000000200 ) ) ;
#2719 = ORIENTED_EDGE ( 'NONE', *, *, #3471, .T. ) ;
#2720 = DIRECTION ( 'NONE',  ( 0.0000000000000000000, -0.0000000000000000000, 1.000000000000000000 ) ) ;
#2721 = DIRECTION ( 'NONE',  ( 0.0000000000000000000, 1.000000000000000000, 0.0000000000000000000 ) ) ;
#2722 = VERTEX_POINT ( 'NONE', #1590 ) ;
#2723 = DIRECTION ( 'NONE',  ( 0.0000000000000000000, 1.000000000000000000, 0.0000000000000000000 ) ) ;
#2724 = ADVANCED_FACE ( 'NONE', ( #2266 ), #1447, .T. ) ;
#2725 = CARTESIAN_POINT ( 'NONE',  ( -0.5333333333333337700, 0.4000000000000000800, 0.9183333333333335600 ) ) ;
#2726 = EDGE_CURVE ( 'NONE', #2852, #2051, #696, .T. ) ;
#2727 = LINE ( 'NONE', #1295, #1994 ) ;
#2728 = CARTESIAN_POINT ( 'NONE',  ( 0.5333333333333328800, 0.4000000000000000800, 0.9183333333333336700 ) ) ;
#2729 = CARTESIAN_POINT ( 'NONE',  ( -0.7249999999999999800, 0.0000000000000000000, -0.3250000000000000700 ) ) ;
#2730 = CARTESIAN_POINT ( 'NONE',  ( -0.8000000000000004900, 0.1999999999999999800, -0.9999999999999997800 ) ) ;
#2731 = VECTOR ( 'NONE', #1957, 1000.000000000000000 ) ;
#2732 = VERTEX_POINT ( 'NONE', #948 ) ;
#2733 = ORIENTED_EDGE ( 'NONE', *, *, #3430, .F. ) ;
#2734 = EDGE_CURVE ( 'NONE', #1532, #1903, #3118, .T. ) ;
#2735 = CARTESIAN_POINT ( 'NONE',  ( 0.5650000000000002800, 0.0000000000000000000, -0.9999999999999997800 ) ) ;
#2736 = ORIENTED_EDGE ( 'NONE', *, *, #3818, .T. ) ;
#2737 = CARTESIAN_POINT ( 'NONE',  ( 0.7183333333333332700, 0.4000000000000000800, -0.8417038242943105700 ) ) ;
#2738 = AXIS2_PLACEMENT_3D ( 'NONE', #2252, #363, #2578 ) ;
#2739 = AXIS2_PLACEMENT_3D ( 'NONE', #1539, #1849, #2434 ) ;
#2740 = CIRCLE ( 'NONE', #922, 0.1600000000000002000 ) ;
#2741 = CARTESIAN_POINT ( 'NONE',  ( -0.8000000000000004900, 0.2000000000000000900, -0.9999999999999997800 ) ) ;
#2742 = ORIENTED_EDGE ( 'NONE', *, *, #2487, .F. ) ;
#2743 = CARTESIAN_POINT ( 'NONE',  ( 0.2250000000000000600, 0.1999999999999999800, -0.3250000000000000700 ) ) ;
#2744 = LINE ( 'NONE', #1725, #2853 ) ;
#2745 = CARTESIAN_POINT ( 'NONE',  ( -0.8000000000000004900, 0.2000000000000000400, 0.7649999999999996800 ) ) ;
#2746 = ADVANCED_FACE ( 'NONE', ( #590 ), #1348, .T. ) ;
#2747 = CARTESIAN_POINT ( 'NONE',  ( 0.0000000000000000000, 0.0000000000000000000, 0.0000000000000000000 ) ) ;
#2748 = CIRCLE ( 'NONE', #345, 0.05000000000000002400 ) ;
#2749 = DIRECTION ( 'NONE',  ( -9.227252531791520200E-016, 0.0000000000000000000, -1.000000000000000000 ) ) ;
#2750 = VECTOR ( 'NONE', #471, 1000.000000000000000 ) ;
#2751 = CARTESIAN_POINT ( 'NONE',  ( -0.6400000000000004600, 0.4499999999999999600, -0.7333333333333328400 ) ) ;
#2752 = VECTOR ( 'NONE', #3503, 1000.000000000000000 ) ;
#2753 = PLANE ( 'NONE',  #1004 ) ;
#2754 = LINE ( 'NONE', #3513, #2653 ) ;
#2755 = CARTESIAN_POINT ( 'NONE',  ( -0.8000000000000004900, 0.1999999999999999800, 0.9999999999999997800 ) ) ;
#2756 = ORIENTED_EDGE ( 'NONE', *, *, #3018, .F. ) ;
#2757 = DIRECTION ( 'NONE',  ( 0.0000000000000000000, 0.0000000000000000000, -1.000000000000000000 ) ) ;
#2758 = EDGE_CURVE ( 'NONE', #756, #3543, #2173, .T. ) ;
#2759 = CARTESIAN_POINT ( 'NONE',  ( -0.8000000000000004900, 0.1999999999999999800, -0.9999999999999997800 ) ) ;
#2760 = CARTESIAN_POINT ( 'NONE',  ( 0.7249999999999998700, 1.086707392548410500, 0.7772894254867990200 ) ) ;
#2761 = VECTOR ( 'NONE', #2068, 1000.000000000000000 ) ;
#2762 = ORIENTED_EDGE ( 'NONE', *, *, #2792, .F. ) ;
#2763 = ORIENTED_EDGE ( 'NONE', *, *, #1395, .T. ) ;
#2764 = DIRECTION ( 'NONE',  ( 1.000000000000000000, 0.0000000000000000000, -0.0000000000000000000 ) ) ;
#2765 = ORIENTED_EDGE ( 'NONE', *, *, #2072, .F. ) ;
#2766 = VERTEX_POINT ( 'NONE', #1615 ) ;
#2767 = VERTEX_POINT ( 'NONE', #961 ) ;
#2768 = DIRECTION ( 'NONE',  ( 0.0000000000000000000, 1.000000000000000000, 0.0000000000000000000 ) ) ;
#2769 = ORIENTED_EDGE ( 'NONE', *, *, #2077, .T. ) ;
#2770 = CARTESIAN_POINT ( 'NONE',  ( 0.8000000000000004900, 0.0000000000000000000, 0.9999999999999997800 ) ) ;
#2771 = AXIS2_PLACEMENT_3D ( 'NONE', #91, #107, #118 ) ;
#2772 = CARTESIAN_POINT ( 'NONE',  ( -0.6683333333333338900, 0.4500000000000000700, -0.7333333333333329500 ) ) ;
#2773 = DIRECTION ( 'NONE',  ( -0.0000000000000000000, -1.000000000000000000, -0.0000000000000000000 ) ) ;
#2774 = CARTESIAN_POINT ( 'NONE',  ( 0.7183333333333333800, 0.4000000000000000800, -0.8417038242943103400 ) ) ;
#2775 = ORIENTED_EDGE ( 'NONE', *, *, #1173, .F. ) ;
#2776 = CYLINDRICAL_SURFACE ( 'NONE', #896, 0.1600000000000000900 ) ;
#2777 = DIRECTION ( 'NONE',  ( 0.0000000000000000000, -1.000000000000000000, 0.0000000000000000000 ) ) ;
#2778 = MANIFOLD_SOLID_BREP ( 'Split1[2]', #2596 ) ;
#2779 = FACE_OUTER_BOUND ( 'NONE', #1187, .T. ) ;
#2780 = ORIENTED_EDGE ( 'NONE', *, *, #3018, .T. ) ;
#2781 = APPLICATION_CONTEXT ( 'automotive_design' ) ;
#2782 = VECTOR ( 'NONE', #3382, 1000.000000000000000 ) ;
#2783 = LINE ( 'NONE', #1383, #1938 ) ;
#2784 = DIRECTION ( 'NONE',  ( -1.000000000000000000, 0.0000000000000000000, 0.0000000000000000000 ) ) ;
#2785 = VERTEX_POINT ( 'NONE', #1925 ) ;
#2786 = EDGE_CURVE ( 'NONE', #2094, #1191, #3809, .T. ) ;
#2787 = DIRECTION ( 'NONE',  ( -1.011922027653137700E-014, 0.0000000000000000000, -1.000000000000000000 ) ) ;
#2788 = ORIENTED_EDGE ( 'NONE', *, *, #3222, .T. ) ;
#2789 = CARTESIAN_POINT ( 'NONE',  ( 0.6933333333333333600, 0.4103553390593273100, -0.8270591633536379400 ) ) ;
#2790 = ORIENTED_EDGE ( 'NONE', *, *, #3151, .T. ) ;
#2791 = EDGE_CURVE ( 'NONE', #3772, #1841, #487, .T. ) ;
#2792 = EDGE_CURVE ( 'NONE', #2512, #714, #1040, .T. ) ;
#2793 = CARTESIAN_POINT ( 'NONE',  ( -0.8000000000000004900, 1.086707392548410500, 0.9999999999999997800 ) ) ;
#2794 = EDGE_LOOP ( 'NONE', ( #319, #3375, #3870, #2456, #2260, #2430, #188, #3261, #3437 ) ) ;
#2795 = DIRECTION ( 'NONE',  ( 0.0000000000000000000, 0.0000000000000000000, -1.000000000000000000 ) ) ;
#2796 = AXIS2_PLACEMENT_3D ( 'NONE', #744, #1062, #3275 ) ;
#2797 = AXIS2_PLACEMENT_3D ( 'NONE', #2876, #2861, #2849 ) ;
#2798 = DIRECTION ( 'NONE',  ( 0.0000000000000000000, 0.0000000000000000000, -1.000000000000000000 ) ) ;
#2799 = DIRECTION ( 'NONE',  ( 1.000000000000000000, 0.0000000000000000000, -1.011922027653137700E-014 ) ) ;
#2800 = CIRCLE ( 'NONE', #796, 0.2350000000000000700 ) ;
#2801 = CARTESIAN_POINT ( 'NONE',  ( -0.8000000000000004900, 0.4000000000000001900, -0.9999999999999997800 ) ) ;
#2802 =( BOUNDED_CURVE ( )  B_SPLINE_CURVE ( 3, ( #2265, #53, #2926, #1010 ),
 .UNSPECIFIED., .F., .F. ) 
 B_SPLINE_CURVE_WITH_KNOTS ( ( 4, 4 ),
 ( 0.0000000000000000000, 1.000000000000000000 ),
 .UNSPECIFIED. ) 
 CURVE ( )  GEOMETRIC_REPRESENTATION_ITEM ( )  RATIONAL_B_SPLINE_CURVE ( ( 1.000000000000000000, 0.8047378541243654900, 0.8047378541243654900, 1.000000000000000000 ) ) 
 REPRESENTATION_ITEM ( '' )  );
#2803 = CARTESIAN_POINT ( 'NONE',  ( 0.5650000000000003900, 0.1999999999999999800, 1.000000000000000400 ) ) ;
#2804 = LINE ( 'NONE', #1247, #3515 ) ;
#2805 = ORIENTED_EDGE ( 'NONE', *, *, #689, .F. ) ;
#2806 = CARTESIAN_POINT ( 'NONE',  ( -0.5950000000000003100, 0.5000000000000000000, 0.7333333333333338400 ) ) ;
#2807 = ORIENTED_EDGE ( 'NONE', *, *, #2726, .T. ) ;
#2808 = FACE_OUTER_BOUND ( 'NONE', #2328, .T. ) ;
#2809 = FILL_AREA_STYLE ('',( #1554 ) ) ;
#2810 = ORIENTED_EDGE ( 'NONE', *, *, #3045, .T. ) ;
#2811 = CARTESIAN_POINT ( 'NONE',  ( -0.5333333333333337700, 0.4500000000000000700, 0.8683333333333337300 ) ) ;
#2812 = VECTOR ( 'NONE', #3701, 1000.000000000000000 ) ;
#2813 = ORIENTED_EDGE ( 'NONE', *, *, #661, .F. ) ;
#2814 = EDGE_CURVE ( 'NONE', #1742, #172, #197, .T. ) ;
#2815 = DIRECTION ( 'NONE',  ( -1.016439536705160300E-016, 0.0000000000000000000, -1.000000000000000000 ) ) ;
#2816 = VERTEX_POINT ( 'NONE', #679 ) ;
#2817 = DIRECTION ( 'NONE',  ( -0.0000000000000000000, -1.000000000000000000, -0.0000000000000000000 ) ) ;
#2818 = CARTESIAN_POINT ( 'NONE',  ( 0.5650000000000003900, 0.0000000000000000000, -0.9999999999999997800 ) ) ;
#2819 = ORIENTED_EDGE ( 'NONE', *, *, #1411, .F. ) ;
#2820 = EDGE_CURVE ( 'NONE', #6, #3878, #3362, .T. ) ;
#2821 = DIRECTION ( 'NONE',  ( -0.0000000000000000000, -1.000000000000000000, -0.0000000000000000000 ) ) ;
#2822 = CARTESIAN_POINT ( 'NONE',  ( 0.2250000000000000300, 0.1999999999999999800, -0.3250000000000000700 ) ) ;
#2823 = ORIENTED_EDGE ( 'NONE', *, *, #3023, .F. ) ;
#2824 = ORIENTED_EDGE ( 'NONE', *, *, #1942, .F. ) ;
#2825 = CARTESIAN_POINT ( 'NONE',  ( -0.5333333333333341000, 0.4250000000000000400, -0.8683333333333327400 ) ) ;
#2826 = ORIENTED_EDGE ( 'NONE', *, *, #1245, .F. ) ;
#2827 = AXIS2_PLACEMENT_3D ( 'NONE', #87, #3444, #667 ) ;
#2828 = CARTESIAN_POINT ( 'NONE',  ( -0.5650000000000003900, 0.2000000000000000400, -0.9999999999999997800 ) ) ;
#2829 = CARTESIAN_POINT ( 'NONE',  ( -0.2250000000000000300, 0.1999999999999999800, -0.9249999999999999300 ) ) ;
#2830 = DIRECTION ( 'NONE',  ( -0.0000000000000000000, -1.000000000000000000, -0.0000000000000000000 ) ) ;
#2831 = AXIS2_PLACEMENT_3D ( 'NONE', #1139, #392, #2607 ) ;
#2832 = DIRECTION ( 'NONE',  ( 0.0000000000000000000, 0.0000000000000000000, 1.000000000000000000 ) ) ;
#2833 = CARTESIAN_POINT ( 'NONE',  ( -0.8000000000000004900, 0.2000000000000000900, 1.000000000000000200 ) ) ;
#2834 = CARTESIAN_POINT ( 'NONE',  ( -0.7183333333333338200, 0.4000000000000000200, -0.7333333333333330600 ) ) ;
#2835 = CARTESIAN_POINT ( 'NONE',  ( -0.7249999999999999800, 1.086707392548410500, 0.7772894254867990200 ) ) ;
#2836 = VECTOR ( 'NONE', #3853, 1000.000000000000000 ) ;
#2837 = EDGE_LOOP ( 'NONE', ( #3479, #1649, #1431, #2496 ) ) ;
#2838 = DIRECTION ( 'NONE',  ( -0.0000000000000000000, -0.0000000000000000000, -1.000000000000000000 ) ) ;
#2839 = CARTESIAN_POINT ( 'NONE',  ( -0.5333333333333337700, 0.4550000000000001300, 0.7333333333333336100 ) ) ;
#2840 = LINE ( 'NONE', #1417, #3541 ) ;
#2841 = LINE ( 'NONE', #1618, #1150 ) ;
#2842 = ORIENTED_EDGE ( 'NONE', *, *, #330, .F. ) ;
#2843 = DIRECTION ( 'NONE',  ( -0.0000000000000000000, -1.000000000000000000, -0.0000000000000000000 ) ) ;
#2844 = CARTESIAN_POINT ( 'NONE',  ( -0.6933333333333338000, 0.4250000000000000400, 0.7333333333333336100 ) ) ;
#2845 = ORIENTED_EDGE ( 'NONE', *, *, #758, .F. ) ;
#2846 = EDGE_CURVE ( 'NONE', #236, #3325, #89, .T. ) ;
#2847 = CARTESIAN_POINT ( 'NONE',  ( -0.2250000000000000300, 1.086707392548410500, 0.3250000000000000700 ) ) ;
#2848 = ORIENTED_EDGE ( 'NONE', *, *, #302, .T. ) ;
#2849 = DIRECTION ( 'NONE',  ( 0.0000000000000000000, 0.0000000000000000000, -1.000000000000000000 ) ) ;
#2850 = CARTESIAN_POINT ( 'NONE',  ( 0.7249999999999999800, 1.086707392548410500, -0.3250000000000000700 ) ) ;
#2851 = CARTESIAN_POINT ( 'NONE',  ( 0.0000000000000000000, 0.1999999999999999800, 0.3250000000000000700 ) ) ;
#2852 = VERTEX_POINT ( 'NONE', #369 ) ;
#2853 = VECTOR ( 'NONE', #1563, 1000.000000000000000 ) ;
#2854 = LINE ( 'NONE', #1783, #2012 ) ;
#2855 = AXIS2_PLACEMENT_3D ( 'NONE', #3246, #3115, #3153 ) ;
#2856 = DIRECTION ( 'NONE',  ( 1.000000000000000000, 0.0000000000000000000, -0.0000000000000000000 ) ) ;
#2857 = FACE_OUTER_BOUND ( 'NONE', #984, .T. ) ;
#2858 = DIRECTION ( 'NONE',  ( -1.000000000000000000, -0.0000000000000000000, 2.032879073410319800E-016 ) ) ;
#2859 = CARTESIAN_POINT ( 'NONE',  ( 0.8000000000000004900, 0.0000000000000000000, -0.9999999999999997800 ) ) ;
#2860 = FACE_OUTER_BOUND ( 'NONE', #1830, .T. ) ;
#2861 = DIRECTION ( 'NONE',  ( -1.000000000000000000, 0.0000000000000000000, -1.224646799147353200E-016 ) ) ;
#2862 = LINE ( 'NONE', #2912, #226 ) ;
#2863 = DIRECTION ( 'NONE',  ( 0.0000000000000000000, 0.0000000000000000000, -1.000000000000000000 ) ) ;
#2864 = CARTESIAN_POINT ( 'NONE',  ( -0.5650000000000005000, 0.1999999999999999800, 1.000000000000000000 ) ) ;
#2865 = ORIENTED_EDGE ( 'NONE', *, *, #2052, .F. ) ;
#2866 = ORIENTED_EDGE ( 'NONE', *, *, #2758, .T. ) ;
#2867 = EDGE_CURVE ( 'NONE', #2664, #3524, #2625, .T. ) ;
#2868 = ORIENTED_EDGE ( 'NONE', *, *, #685, .F. ) ;
#2869 = ORIENTED_EDGE ( 'NONE', *, *, #2949, .T. ) ;
#2870 = ORIENTED_EDGE ( 'NONE', *, *, #2586, .F. ) ;
#2871 = CARTESIAN_POINT ( 'NONE',  ( -0.5333333333333336600, 0.5000000000000001100, 0.7950000000000000400 ) ) ;
#2872 = ORIENTED_EDGE ( 'NONE', *, *, #655, .T. ) ;
#2873 = CARTESIAN_POINT ( 'NONE',  ( 0.5949999999999993100, 0.4550000000000001300, -0.7333333333333330600 ) ) ;
#2874 = EDGE_CURVE ( 'NONE', #1488, #1018, #933, .T. ) ;
#2875 = CARTESIAN_POINT ( 'NONE',  ( 0.8000000000000004900, 0.0000000000000000000, -0.9999999999999997800 ) ) ;
#2876 = CARTESIAN_POINT ( 'NONE',  ( -0.5333333333333341000, 0.4250000000000000400, -0.9183333333333326700 ) ) ;
#2877 = DIRECTION ( 'NONE',  ( -0.0000000000000000000, 1.000000000000000000, 0.0000000000000000000 ) ) ;
#2878 = ORIENTED_EDGE ( 'NONE', *, *, #2586, .T. ) ;
#2879 = DIRECTION ( 'NONE',  ( -1.836970198721029700E-016, 0.0000000000000000000, 1.000000000000000000 ) ) ;
#2880 = AXIS2_PLACEMENT_3D ( 'NONE', #201, #3049, #1165 ) ;
#2881 = ORIENTED_EDGE ( 'NONE', *, *, #603, .F. ) ;
#2882 = AXIS2_PLACEMENT_3D ( 'NONE', #1581, #1175, #1256 ) ;
#2883 = VECTOR ( 'NONE', #3303, 1000.000000000000000 ) ;
#2884 = LINE ( 'NONE', #2054, #3862 ) ;
#2885 = VERTEX_POINT ( 'NONE', #386 ) ;
#2886 = CARTESIAN_POINT ( 'NONE',  ( -0.5333333333333337700, 0.5000000000000000000, 0.7950000000000001500 ) ) ;
#2887 = LINE ( 'NONE', #3941, #448 ) ;
#2888 = LINE ( 'NONE', #666, #347 ) ;
#2889 = DIRECTION ( 'NONE',  ( 0.0000000000000000000, -1.000000000000000000, 0.0000000000000000000 ) ) ;
#2890 = ORIENTED_EDGE ( 'NONE', *, *, #3356, .F. ) ;
#2891 =( NAMED_UNIT ( * ) SI_UNIT ( $, .STERADIAN. ) SOLID_ANGLE_UNIT ( ) );
#2892 = CARTESIAN_POINT ( 'NONE',  ( 0.5333333333333329900, 0.4250000000000000400, -0.8933333333333332000 ) ) ;
#2893 = DIRECTION ( 'NONE',  ( 0.0000000000000000000, 1.000000000000000000, 0.0000000000000000000 ) ) ;
#2894 = ORIENTED_EDGE ( 'NONE', *, *, #1386, .F. ) ;
#2895 = EDGE_CURVE ( 'NONE', #601, #2250, #4037, .T. ) ;
#2896 = CARTESIAN_POINT ( 'NONE',  ( 0.5772894254867995100, 0.0000000000000000000, 0.9249999999999998200 ) ) ;
#2897 = ORIENTED_EDGE ( 'NONE', *, *, #2820, .F. ) ;
#2898 = CARTESIAN_POINT ( 'NONE',  ( -0.5950000000000003100, 0.5000000000000000000, 0.7333333333333338400 ) ) ;
#2899 = EDGE_CURVE ( 'NONE', #32, #1606, #2423, .T. ) ;
#2900 = CARTESIAN_POINT ( 'NONE',  ( -0.4249999999999994300, 0.0000000000000000000, 0.3250000000000000700 ) ) ;
#2901 = ADVANCED_FACE ( 'NONE', ( #2318 ), #3225, .T. ) ;
#2902 = DIRECTION ( 'NONE',  ( 1.000000000000000000, 0.0000000000000000000, 0.0000000000000000000 ) ) ;
#2903 = CIRCLE ( 'NONE', #2171, 0.1600000000000000900 ) ;
#2904 = AXIS2_PLACEMENT_3D ( 'NONE', #402, #2616, #721 ) ;
#2905 = LINE ( 'NONE', #701, #1525 ) ;
#2906 = ORIENTED_EDGE ( 'NONE', *, *, #807, .T. ) ;
#2907 = COLOUR_RGB ( '',0.2509803921568627400, 0.2509803921568627400, 0.2509803921568627400 ) ;
#2908 = DIRECTION ( 'NONE',  ( -0.0000000000000000000, -1.000000000000000000, -0.0000000000000000000 ) ) ;
#2909 = FACE_OUTER_BOUND ( 'NONE', #232, .T. ) ;
#2910 =( BOUNDED_CURVE ( )  B_SPLINE_CURVE ( 3, ( #1951, #1932, #2151, #2175 ),
 .UNSPECIFIED., .F., .F. ) 
 B_SPLINE_CURVE_WITH_KNOTS ( ( 4, 4 ),
 ( 0.0000000000000000000, 1.000000000000000000 ),
 .UNSPECIFIED. ) 
 CURVE ( )  GEOMETRIC_REPRESENTATION_ITEM ( )  RATIONAL_B_SPLINE_CURVE ( ( 1.000000000000000000, 0.8047378541243658300, 0.8047378541243658300, 1.000000000000000000 ) ) 
 REPRESENTATION_ITEM ( '' )  );
#2911 = AXIS2_PLACEMENT_3D ( 'NONE', #1335, #3516, #1659 ) ;
#2912 = CARTESIAN_POINT ( 'NONE',  ( -0.5333333333333337700, 0.4550000000000001300, 0.8400000000000003000 ) ) ;
#2913 = DIRECTION ( 'NONE',  ( 0.0000000000000000000, 0.0000000000000000000, 1.000000000000000000 ) ) ;
#2914 = FACE_OUTER_BOUND ( 'NONE', #2411, .T. ) ;
#2915 = VERTEX_POINT ( 'NONE', #3807 ) ;
#2916 = DIRECTION ( 'NONE',  ( 0.0000000000000000000, 0.0000000000000000000, 1.000000000000000000 ) ) ;
#2917 = CARTESIAN_POINT ( 'NONE',  ( 0.7999999999999997100, 0.0000000000000000000, -0.8399999999999997500 ) ) ;
#2918 = ORIENTED_EDGE ( 'NONE', *, *, #538, .T. ) ;
#2919 = ORIENTED_EDGE ( 'NONE', *, *, #3440, .F. ) ;
#2920 = ORIENTED_EDGE ( 'NONE', *, *, #3310, .F. ) ;
#2921 = CLOSED_SHELL ( 'NONE', ( #120, #2429, #3340, #2343, #1707, #1640, #3359, #165, #2983, #2202, #1801 ) ) ;
#2922 = ADVANCED_FACE ( 'NONE', ( #1501 ), #71, .T. ) ;
#2923 = CARTESIAN_POINT ( 'NONE',  ( -0.2250000000000000300, 0.0000000000000000000, -0.9249999999999999300 ) ) ;
#2924 = EDGE_CURVE ( 'NONE', #3082, #627, #644, .T. ) ;
#2925 = EDGE_LOOP ( 'NONE', ( #827, #177 ) ) ;
#2926 = CARTESIAN_POINT ( 'NONE',  ( -0.7183333333333337100, 0.4000000000000000200, -0.8417038242943102300 ) ) ;
#2927 = CARTESIAN_POINT ( 'NONE',  ( 0.8000000000000004900, 0.1999999999999999800, -0.7649999999999995700 ) ) ;
#2928 = EDGE_CURVE ( 'NONE', #2642, #3411, #3164, .T. ) ;
#2929 = DIRECTION ( 'NONE',  ( 0.0000000000000000000, -1.000000000000000000, 0.0000000000000000000 ) ) ;
#2930 = DIRECTION ( 'NONE',  ( -0.0000000000000000000, -1.000000000000000000, -0.0000000000000000000 ) ) ;
#2931 = DIRECTION ( 'NONE',  ( 0.0000000000000000000, 1.000000000000000000, 0.0000000000000000000 ) ) ;
#2932 = DIRECTION ( 'NONE',  ( 7.392287539673894400E-017, 0.0000000000000000000, -1.000000000000000000 ) ) ;
#2933 = PRESENTATION_STYLE_ASSIGNMENT (( #340 ) ) ;
#2934 = CARTESIAN_POINT ( 'NONE',  ( 0.6683333333333332200, 0.4500000000000000700, -0.7333333333333330600 ) ) ;
#2935 = FACE_OUTER_BOUND ( 'NONE', #3123, .T. ) ;
#2936 =( GEOMETRIC_REPRESENTATION_CONTEXT ( 3 ) GLOBAL_UNCERTAINTY_ASSIGNED_CONTEXT ( ( #1768 ) ) GLOBAL_UNIT_ASSIGNED_CONTEXT ( ( #3063, #3969, #2136 ) ) REPRESENTATION_CONTEXT ( 'NONE', 'WORKASPACE' ) );
#2937 = AXIS2_PLACEMENT_3D ( 'NONE', #1027, #740, #331 ) ;
#2938 = FILL_AREA_STYLE ('',( #3219 ) ) ;
#2939 = LINE ( 'NONE', #411, #403 ) ;
#2940 = LINE ( 'NONE', #1240, #3029 ) ;
#2941 = CARTESIAN_POINT ( 'NONE',  ( 0.2250000000000000300, 1.086707392548410500, -0.9249999999999999300 ) ) ;
#2942 = ORIENTED_EDGE ( 'NONE', *, *, #1228, .T. ) ;
#2943 = ADVANCED_FACE ( 'NONE', ( #743 ), #85, .T. ) ;
#2944 = CARTESIAN_POINT ( 'NONE',  ( -0.5650000000000005000, 2.961249694973139900, 1.000000000000000200 ) ) ;
#2945 = ORIENTED_EDGE ( 'NONE', *, *, #2186, .F. ) ;
#2946 = DIRECTION ( 'NONE',  ( -1.000000000000000000, 0.0000000000000000000, 0.0000000000000000000 ) ) ;
#2947 = CARTESIAN_POINT ( 'NONE',  ( -0.5333333333333339900, 0.4499999999999999000, -0.7333333333333328400 ) ) ;
#2948 = VERTEX_POINT ( 'NONE', #3245 ) ;
#2949 = EDGE_CURVE ( 'NONE', #2163, #3918, #2211, .T. ) ;
#2950 = DIRECTION ( 'NONE',  ( -0.0000000000000000000, 0.0000000000000000000, 1.000000000000000000 ) ) ;
#2951 = CARTESIAN_POINT ( 'NONE',  ( -0.6213603896932113900, 0.5000000000000000000, -0.7848983890931678900 ) ) ;
#2952 = ORIENTED_EDGE ( 'NONE', *, *, #2116, .T. ) ;
#2953 = VECTOR ( 'NONE', #3294, 1000.000000000000000 ) ;
#2954 = EDGE_CURVE ( 'NONE', #1458, #1100, #1400, .T. ) ;
#2955 = PLANE ( 'NONE',  #2363 ) ;
#2956 = CIRCLE ( 'NONE', #3727, 0.2350000000000001800 ) ;
#2957 = CIRCLE ( 'NONE', #3968, 0.05000000000000002400 ) ;
#2958 = CARTESIAN_POINT ( 'NONE',  ( 0.5333333333333329900, 0.5000000000000001100, 0.8213603896932109000 ) ) ;
#2959 = DIRECTION ( 'NONE',  ( -1.000000000000000000, -0.0000000000000000000, 0.0000000000000000000 ) ) ;
#2960 = VECTOR ( 'NONE', #452, 1000.000000000000000 ) ;
#2961 = LINE ( 'NONE', #2477, #515 ) ;
#2962 = AXIS2_PLACEMENT_3D ( 'NONE', #317, #2539, #1909 ) ;
#2963 = AXIS2_PLACEMENT_3D ( 'NONE', #1069, #1155, #878 ) ;
#2964 = CYLINDRICAL_SURFACE ( 'NONE', #2962, 0.2350000000000001800 ) ;
#2965 = CARTESIAN_POINT ( 'NONE',  ( -0.2250000000000000300, 1.086707392548410500, -0.3250000000000000700 ) ) ;
#2966 = CARTESIAN_POINT ( 'NONE',  ( 0.6829779942740058500, 0.4500000000000001800, -0.8209931461756556600 ) ) ;
#2967 = ADVANCED_FACE ( 'NONE', ( #2124 ), #2014, .T. ) ;
#2968 = CARTESIAN_POINT ( 'NONE',  ( -0.2250000000000000300, 0.1999999999999999800, 0.0000000000000000000 ) ) ;
#2969 = DIRECTION ( 'NONE',  ( 0.0000000000000000000, 0.0000000000000000000, -1.000000000000000000 ) ) ;
#2970 = PLANE ( 'NONE',  #3204 ) ;
#2971 = ORIENTED_EDGE ( 'NONE', *, *, #3919, .F. ) ;
#2972 = ORIENTED_EDGE ( 'NONE', *, *, #3305, .T. ) ;
#2973 = ORIENTED_EDGE ( 'NONE', *, *, #238, .T. ) ;
#2974 = DIRECTION ( 'NONE',  ( -0.7071067811865438000, 0.0000000000000000000, -0.7071067811865513500 ) ) ;
#2975 = EDGE_CURVE ( 'NONE', #1418, #1289, #3860, .T. ) ;
#2976 = EDGE_CURVE ( 'NONE', #2712, #2062, #533, .T. ) ;
#2977 = VERTEX_POINT ( 'NONE', #1413 ) ;
#2978 = CARTESIAN_POINT ( 'NONE',  ( -0.2250000000000000300, 1.086707392548410500, 0.5250000000000015800 ) ) ;
#2979 = VECTOR ( 'NONE', #2655, 1000.000000000000000 ) ;
#2980 = CARTESIAN_POINT ( 'NONE',  ( 0.7249999999999999800, 1.086707392548410500, -0.7772894254867989100 ) ) ;
#2981 = ORIENTED_EDGE ( 'NONE', *, *, #3500, .T. ) ;
#2982 = CARTESIAN_POINT ( 'NONE',  ( -0.8000000000000004900, 0.0000000000000000000, -0.9999999999999997800 ) ) ;
#2983 = ADVANCED_FACE ( 'NONE', ( #443 ), #757, .T. ) ;
#2984 = AXIS2_PLACEMENT_3D ( 'NONE', #2180, #284, #2506 ) ;
#2985 = ORIENTED_EDGE ( 'NONE', *, *, #3174, .F. ) ;
#2986 = CIRCLE ( 'NONE', #4044, 0.2350000000000001800 ) ;
#2987 = ORIENTED_EDGE ( 'NONE', *, *, #2145, .T. ) ;
#2988 = ORIENTED_EDGE ( 'NONE', *, *, #1438, .T. ) ;
#2989 = DIRECTION ( 'NONE',  ( 0.0000000000000000000, 0.0000000000000000000, -1.000000000000000000 ) ) ;
#2990 = CARTESIAN_POINT ( 'NONE',  ( 0.5333333333333328800, 0.4250000000000000400, 0.8933333333333337600 ) ) ;
#2991 = ORIENTED_EDGE ( 'NONE', *, *, #1762, .F. ) ;
#2992 = CARTESIAN_POINT ( 'NONE',  ( 0.5650000000000002800, 2.961249694973139900, 1.000000000000000200 ) ) ;
#2993 = CARTESIAN_POINT ( 'NONE',  ( -0.5333333333333337700, 0.4000000000000000800, 0.9183333333333335600 ) ) ;
#2994 = EDGE_CURVE ( 'NONE', #2249, #2030, #1296, .T. ) ;
#2995 = ORIENTED_EDGE ( 'NONE', *, *, #1411, .T. ) ;
#2996 = ADVANCED_FACE ( 'NONE', ( #2040 ), #2776, .F. ) ;
#2997 = ORIENTED_EDGE ( 'NONE', *, *, #1311, .T. ) ;
#2998 = VECTOR ( 'NONE', #2608, 1000.000000000000000 ) ;
#2999 = EDGE_CURVE ( 'NONE', #2516, #2594, #3584, .T. ) ;
#3000 = PLANE ( 'NONE',  #586 ) ;
#3001 = LINE ( 'NONE', #2650, #2152 ) ;
#3002 = DIRECTION ( 'NONE',  ( -0.0000000000000000000, -1.000000000000000000, -0.0000000000000000000 ) ) ;
#3003 = FACE_OUTER_BOUND ( 'NONE', #2482, .T. ) ;
#3004 = AXIS2_PLACEMENT_3D ( 'NONE', #3578, #1734, #3874 ) ;
#3005 = AXIS2_PLACEMENT_3D ( 'NONE', #3185, #3152, #3138 ) ;
#3006 = ORIENTED_EDGE ( 'NONE', *, *, #491, .F. ) ;
#3007 = CARTESIAN_POINT ( 'NONE',  ( -0.8000000000000004900, 0.2000000000000000900, 1.000000000000000200 ) ) ;
#3008 = CARTESIAN_POINT ( 'NONE',  ( -0.7999999999999997100, 0.1999999999999999800, 0.0000000000000000000 ) ) ;
#3009 = ORIENTED_EDGE ( 'NONE', *, *, #758, .T. ) ;
#3010 = ORIENTED_EDGE ( 'NONE', *, *, #3643, .F. ) ;
#3011 = CARTESIAN_POINT ( 'NONE',  ( -0.6270591633536388700, 0.4250000000000000400, -0.8933333333333327600 ) ) ;
#3012 = ORIENTED_EDGE ( 'NONE', *, *, #335, .F. ) ;
#3013 = ORIENTED_EDGE ( 'NONE', *, *, #1033, .T. ) ;
#3014 = CARTESIAN_POINT ( 'NONE',  ( -0.7183333333333339300, 0.4250000000000000400, -0.7333333333333328400 ) ) ;
#3015 = CARTESIAN_POINT ( 'NONE',  ( 0.5333333333333328800, 0.4250000000000000400, 0.8933333333333336500 ) ) ;
#3016 = ADVANCED_FACE ( 'NONE', ( #1930 ), #146, .F. ) ;
#3017 = DIRECTION ( 'NONE',  ( 1.000000000000000000, -0.0000000000000000000, 0.0000000000000000000 ) ) ;
#3018 = EDGE_CURVE ( 'NONE', #1177, #3499, #242, .T. ) ;
#3019 = CARTESIAN_POINT ( 'NONE',  ( 0.6400000000000003500, 0.1999999999999999800, -1.000000000000000200 ) ) ;
#3020 = VERTEX_POINT ( 'NONE', #3316 ) ;
#3021 = DIRECTION ( 'NONE',  ( -0.0000000000000000000, 1.000000000000000000, -0.0000000000000000000 ) ) ;
#3022 = ORIENTED_EDGE ( 'NONE', *, *, #1245, .T. ) ;
#3023 = EDGE_CURVE ( 'NONE', #320, #3327, #3568, .T. ) ;
#3024 = EDGE_CURVE ( 'NONE', #3499, #3762, #1077, .T. ) ;
#3025 = COLOUR_RGB ( '',0.7921568627450980000, 0.8196078431372548800, 0.9333333333333333500 ) ;
#3026 = LINE ( 'NONE', #1416, #1450 ) ;
#3027 = CARTESIAN_POINT ( 'NONE',  ( -0.2250000000000000300, 0.1999999999999999800, 0.0000000000000000000 ) ) ;
#3028 = LINE ( 'NONE', #3234, #593 ) ;
#3029 = VECTOR ( 'NONE', #1271, 1000.000000000000000 ) ;
#3030 = AXIS2_PLACEMENT_3D ( 'NONE', #243, #2457, #554 ) ;
#3031 = ORIENTED_EDGE ( 'NONE', *, *, #330, .T. ) ;
#3032 = DIRECTION ( 'NONE',  ( 0.0000000000000000000, -0.0000000000000000000, -1.000000000000000000 ) ) ;
#3033 = CARTESIAN_POINT ( 'NONE',  ( 0.5333333333333333300, 0.4550000000000001300, -0.8399999999999995200 ) ) ;
#3034 = DIRECTION ( 'NONE',  ( 0.0000000000000000000, -0.0000000000000000000, 1.000000000000000000 ) ) ;
#3035 = FILL_AREA_STYLE ('',( #3620 ) ) ;
#3036 = AXIS2_PLACEMENT_3D ( 'NONE', #3868, #2036, #119 ) ;
#3037 = ADVANCED_FACE ( 'NONE', ( #2105 ), #795, .F. ) ;
#3038 = ORIENTED_EDGE ( 'NONE', *, *, #3218, .F. ) ;
#3039 = ORIENTED_EDGE ( 'NONE', *, *, #2210, .T. ) ;
#3040 = FACE_OUTER_BOUND ( 'NONE', #1283, .T. ) ;
#3041 = CARTESIAN_POINT ( 'NONE',  ( -0.2250000000000000600, 0.0000000000000000000, 0.5250000000000015800 ) ) ;
#3042 = VECTOR ( 'NONE', #672, 1000.000000000000000 ) ;
#3043 = FACE_OUTER_BOUND ( 'NONE', #1892, .T. ) ;
#3044 = FACE_OUTER_BOUND ( 'NONE', #4024, .T. ) ;
#3045 = EDGE_CURVE ( 'NONE', #144, #2816, #1917, .T. ) ;
#3046 = DIRECTION ( 'NONE',  ( 0.0000000000000000000, 0.0000000000000000000, -1.000000000000000000 ) ) ;
#3047 = CIRCLE ( 'NONE', #458, 0.2350000000000001800 ) ;
#3048 = FACE_OUTER_BOUND ( 'NONE', #125, .T. ) ;
#3049 = DIRECTION ( 'NONE',  ( 0.0000000000000000000, 0.0000000000000000000, -1.000000000000000000 ) ) ;
#3050 = ORIENTED_EDGE ( 'NONE', *, *, #3891, .F. ) ;
#3051 = VERTEX_POINT ( 'NONE', #1769 ) ;
#3052 = ADVANCED_FACE ( 'NONE', ( #124 ), #2554, .T. ) ;
#3053 = VERTEX_POINT ( 'NONE', #488 ) ;
#3054 = CARTESIAN_POINT ( 'NONE',  ( -0.8000000000000004900, 0.0000000000000000000, -0.9999999999999997800 ) ) ;
#3055 = AXIS2_PLACEMENT_3D ( 'NONE', #3466, #3491, #3519 ) ;
#3056 = VERTEX_POINT ( 'NONE', #2713 ) ;
#3057 = DIRECTION ( 'NONE',  ( 1.000000000000000000, 0.0000000000000000000, -0.0000000000000000000 ) ) ;
#3058 = ORIENTED_EDGE ( 'NONE', *, *, #3990, .F. ) ;
#3059 = CARTESIAN_POINT ( 'NONE',  ( 0.5772894254867995100, 0.0000000000000000000, -0.9249999999999999300 ) ) ;
#3060 = CARTESIAN_POINT ( 'NONE',  ( 0.8000000000000004900, 0.0000000000000000000, 0.9999999999999997800 ) ) ;
#3061 = ORIENTED_EDGE ( 'NONE', *, *, #1461, .F. ) ;
#3062 = CARTESIAN_POINT ( 'NONE',  ( -0.2250000000000000300, 1.086707392548410500, 0.9249999999999999300 ) ) ;
#3063 =( LENGTH_UNIT ( ) NAMED_UNIT ( * ) SI_UNIT ( .MILLI., .METRE. ) );
#3064 = ORIENTED_EDGE ( 'NONE', *, *, #1058, .F. ) ;
#3065 = ORIENTED_EDGE ( 'NONE', *, *, #3449, .T. ) ;
#3066 = VECTOR ( 'NONE', #2285, 1000.000000000000000 ) ;
#3067 = DIRECTION ( 'NONE',  ( -5.536351519074914500E-015, 0.0000000000000000000, -1.000000000000000000 ) ) ;
#3068 = EDGE_CURVE ( 'NONE', #3914, #2662, #964, .T. ) ;
#3069 = VECTOR ( 'NONE', #69, 1000.000000000000000 ) ;
#3070 = ORIENTED_EDGE ( 'NONE', *, *, #3691, .F. ) ;
#3071 = CARTESIAN_POINT ( 'NONE',  ( -2.647824993116940900E-016, 0.4499999999999999600, -0.8683333333333330700 ) ) ;
#3072 = CARTESIAN_POINT ( 'NONE',  ( -0.8000000000000004900, 0.0000000000000000000, 0.9999999999999997800 ) ) ;
#3073 = FACE_OUTER_BOUND ( 'NONE', #328, .T. ) ;
#3074 = ORIENTED_EDGE ( 'NONE', *, *, #2325, .F. ) ;
#3075 = EDGE_CURVE ( 'NONE', #3903, #2767, #1738, .T. ) ;
#3076 = CARTESIAN_POINT ( 'NONE',  ( 0.2250000000000000300, 0.0000000000000000000, -0.9249999999999999300 ) ) ;
#3077 = CARTESIAN_POINT ( 'NONE',  ( 0.0000000000000000000, 0.0000000000000000000, 0.0000000000000000000 ) ) ;
#3078 = EDGE_LOOP ( 'NONE', ( #2169, #1234, #1634, #2775 ) ) ;
#3079 = AXIS2_PLACEMENT_3D ( 'NONE', #1486, #214, #1889 ) ;
#3080 = LINE ( 'NONE', #2588, #560 ) ;
#3081 = DIRECTION ( 'NONE',  ( 0.0000000000000000000, 0.0000000000000000000, -1.000000000000000000 ) ) ;
#3082 = VERTEX_POINT ( 'NONE', #3628 ) ;
#3083 = DIRECTION ( 'NONE',  ( 0.0000000000000000000, 0.0000000000000000000, -1.000000000000000000 ) ) ;
#3084 = CARTESIAN_POINT ( 'NONE',  ( -0.6124145024129663600, 0.4500000000000000700, -0.8683333333333327400 ) ) ;
#3085 = DIRECTION ( 'NONE',  ( 0.0000000000000000000, -0.0000000000000000000, 1.000000000000000000 ) ) ;
#3086 = CARTESIAN_POINT ( 'NONE',  ( 0.0000000000000000000, 0.4499999999999999600, 0.8683333333333338500 ) ) ;
#3087 = DIRECTION ( 'NONE',  ( -0.0000000000000000000, 1.000000000000000000, 0.0000000000000000000 ) ) ;
#3088 = CIRCLE ( 'NONE', #261, 0.02499999999999995600 ) ;
#3089 = SURFACE_SIDE_STYLE ('',( #3231 ) ) ;
#3090 = PRESENTATION_STYLE_ASSIGNMENT (( #3635 ) ) ;
#3091 = EDGE_CURVE ( 'NONE', #2715, #1057, #1645, .T. ) ;
#3092 = EDGE_CURVE ( 'NONE', #2026, #3918, #3298, .T. ) ;
#3093 = FACE_OUTER_BOUND ( 'NONE', #1975, .T. ) ;
#3094 = CARTESIAN_POINT ( 'NONE',  ( 0.8000000000000004900, 0.4000000000000001900, -0.9999999999999997800 ) ) ;
#3095 = PRESENTATION_STYLE_ASSIGNMENT (( #3116 ) ) ;
#3096 = DIRECTION ( 'NONE',  ( 0.0000000000000000000, 1.000000000000000000, 0.0000000000000000000 ) ) ;
#3097 = EDGE_CURVE ( 'NONE', #1390, #393, #1827, .T. ) ;
#3098 =( BOUNDED_SURFACE ( )  B_SPLINE_SURFACE ( 3, 3, ( 
 ( #3124, #4009, #605, #2834 ),
 ( #919, #3137, #1253, #3443 ),
 ( #1578, #3731, #1887, #4026 ),
 ( #2187, #296, #2521, #621 ) ),
 .UNSPECIFIED., .F., .F., .F. ) 
 B_SPLINE_SURFACE_WITH_KNOTS ( ( 4, 4 ),
 ( 4, 4 ),
 ( 0.0000000000000000000, 1.000000000000000000 ),
 ( 0.0000000000000000000, 1.000000000000000000 ),
 .UNSPECIFIED. ) 
 GEOMETRIC_REPRESENTATION_ITEM ( )  RATIONAL_B_SPLINE_SURFACE ( (
 ( 1.000000000000000000, 0.8047378541243652700, 0.8047378541243652700, 1.000000000000000000),
 ( 0.8047378541243661600, 0.6476030138606888600, 0.6476030138606888600, 0.8047378541243661600),
 ( 0.8047378541243661600, 0.6476030138606888600, 0.6476030138606888600, 0.8047378541243661600),
 ( 1.000000000000000000, 0.8047378541243652700, 0.8047378541243652700, 1.000000000000000000) ) ) 
 REPRESENTATION_ITEM ( '' )  SURFACE ( )  );
#3099 = CARTESIAN_POINT ( 'NONE',  ( 0.5333333333333331000, 0.4103553390593273600, -0.8933333333333330900 ) ) ;
#3100 = CIRCLE ( 'NONE', #3434, 0.1600000000000002000 ) ;
#3101 = ORIENTED_EDGE ( 'NONE', *, *, #3783, .F. ) ;
#3102 = CARTESIAN_POINT ( 'NONE',  ( 0.5949999999999994200, 0.4550000000000000200, 0.7333333333333336100 ) ) ;
#3103 = EDGE_LOOP ( 'NONE', ( #3755, #3634, #2384, #178 ) ) ;
#3104 = ORIENTED_EDGE ( 'NONE', *, *, #280, .T. ) ;
#3105 = VERTEX_POINT ( 'NONE', #205 ) ;
#3106 = AXIS2_PLACEMENT_3D ( 'NONE', #3555, #1708, #3851 ) ;
#3107 = AXIS2_PLACEMENT_3D ( 'NONE', #1548, #2697, #2717 ) ;
#3108 = CARTESIAN_POINT ( 'NONE',  ( -0.2250000000000000300, 0.1999999999999999800, -0.3250000000000000700 ) ) ;
#3109 = ORIENTED_EDGE ( 'NONE', *, *, #1574, .F. ) ;
#3110 = ORIENTED_EDGE ( 'NONE', *, *, #1574, .T. ) ;
#3111 = AXIS2_PLACEMENT_3D ( 'NONE', #113, #2329, #440 ) ;
#3112 = CARTESIAN_POINT ( 'NONE',  ( -0.8000000000000004900, 0.1999999999999999800, -0.9999999999999997800 ) ) ;
#3113 = CARTESIAN_POINT ( 'NONE',  ( -0.6400000000000003500, 1.086707392548410500, 1.000000000000000200 ) ) ;
#3114 = DIRECTION ( 'NONE',  ( 0.0000000000000000000, 0.0000000000000000000, 1.000000000000000000 ) ) ;
#3115 = DIRECTION ( 'NONE',  ( 0.0000000000000000000, -1.000000000000000000, 0.0000000000000000000 ) ) ;
#3116 = SURFACE_STYLE_USAGE ( .BOTH. , #895 ) ;
#3117 = DIRECTION ( 'NONE',  ( 0.0000000000000000000, 0.0000000000000000000, -1.000000000000000000 ) ) ;
#3118 = CIRCLE ( 'NONE', #3770, 0.1066666666666664800 ) ;
#3119 = FACE_OUTER_BOUND ( 'NONE', #2073, .T. ) ;
#3120 = EDGE_CURVE ( 'NONE', #4032, #2467, #2654, .T. ) ;
#3121 = LINE ( 'NONE', #548, #2178 ) ;
#3122 = DIRECTION ( 'NONE',  ( 0.0000000000000000000, -1.000000000000000000, 0.0000000000000000000 ) ) ;
#3123 = EDGE_LOOP ( 'NONE', ( #3248, #2805, #3391, #2232 ) ) ;
#3124 = CARTESIAN_POINT ( 'NONE',  ( -0.5333333333333339900, 0.4000000000000000200, -0.9183333333333326700 ) ) ;
#3125 = DIRECTION ( 'NONE',  ( 0.0000000000000000000, 0.0000000000000000000, -1.000000000000000000 ) ) ;
#3126 = EDGE_CURVE ( 'NONE', #1828, #3906, #3977, .T. ) ;
#3127 = DIRECTION ( 'NONE',  ( 0.0000000000000000000, 0.0000000000000000000, -1.000000000000000000 ) ) ;
#3128 = EDGE_CURVE ( 'NONE', #2075, #1026, #3190, .T. ) ;
#3129 = ORIENTED_EDGE ( 'NONE', *, *, #3401, .T. ) ;
#3130 = CARTESIAN_POINT ( 'NONE',  ( 0.7999999999999997100, 0.1999999999999999800, 0.0000000000000000000 ) ) ;
#3131 = AXIS2_PLACEMENT_3D ( 'NONE', #26, #96, #1457 ) ;
#3132 = ORIENTED_EDGE ( 'NONE', *, *, #3068, .T. ) ;
#3133 = EDGE_LOOP ( 'NONE', ( #2089, #3707, #2474, #3984 ) ) ;
#3134 = CARTESIAN_POINT ( 'NONE',  ( -0.7183333333333337100, 0.4000000000000000200, 0.7333333333333336100 ) ) ;
#3135 = CIRCLE ( 'NONE', #408, 0.1066666666666664800 ) ;
#3136 = CARTESIAN_POINT ( 'NONE',  ( -0.8000000000000004900, 0.1999999999999999800, 0.8399999999999997500 ) ) ;
#3137 = CARTESIAN_POINT ( 'NONE',  ( -0.6331251805316207000, 0.4000000000000001300, -0.9036886723926599300 ) ) ;
#3138 = DIRECTION ( 'NONE',  ( 0.0000000000000000000, 0.0000000000000000000, -1.000000000000000000 ) ) ;
#3139 = CIRCLE ( 'NONE', #2937, 0.04500000000000001200 ) ;
#3140 = LINE ( 'NONE', #530, #3833 ) ;
#3141 = VECTOR ( 'NONE', #2626, 1000.000000000000000 ) ;
#3142 = DIRECTION ( 'NONE',  ( -1.000000000000000000, 0.0000000000000000000, 0.0000000000000000000 ) ) ;
#3143 = CYLINDRICAL_SURFACE ( 'NONE', #872, 0.2350000000000000700 ) ;
#3144 = CIRCLE ( 'NONE', #1259, 0.04500000000000001200 ) ;
#3145 = EDGE_CURVE ( 'NONE', #3105, #320, #1628, .T. ) ;
#3146 = EDGE_CURVE ( 'NONE', #1754, #1630, #1531, .T. ) ;
#3147 = CARTESIAN_POINT ( 'NONE',  ( -0.6270591633536383200, 0.4250000000000000400, 0.8933333333333337600 ) ) ;
#3148 = VERTEX_POINT ( 'NONE', #2431 ) ;
#3149 = ORIENTED_EDGE ( 'NONE', *, *, #1022, .T. ) ;
#3150 = DIRECTION ( 'NONE',  ( -0.0000000000000000000, -1.000000000000000000, -0.0000000000000000000 ) ) ;
#3151 = EDGE_CURVE ( 'NONE', #627, #2526, #3889, .T. ) ;
#3152 = DIRECTION ( 'NONE',  ( 1.000000000000000000, -0.0000000000000000000, 0.0000000000000000000 ) ) ;
#3153 = DIRECTION ( 'NONE',  ( 0.0000000000000000000, 0.0000000000000000000, -1.000000000000000000 ) ) ;
#3154 = ORIENTED_EDGE ( 'NONE', *, *, #1886, .T. ) ;
#3155 = PLANE ( 'NONE',  #187 ) ;
#3156 = EDGE_LOOP ( 'NONE', ( #2519, #1090, #78, #3282 ) ) ;
#3157 = AXIS2_PLACEMENT_3D ( 'NONE', #1612, #2552, #1922 ) ;
#3158 = ORIENTED_EDGE ( 'NONE', *, *, #3986, .T. ) ;
#3159 = PLANE ( 'NONE',  #3264 ) ;
#3160 = ORIENTED_EDGE ( 'NONE', *, *, #1198, .F. ) ;
#3161 = DIRECTION ( 'NONE',  ( 0.0000000000000000000, 1.000000000000000000, 0.0000000000000000000 ) ) ;
#3162 = DIRECTION ( 'NONE',  ( 0.0000000000000000000, 0.0000000000000000000, -1.000000000000000000 ) ) ;
#3163 = ORIENTED_EDGE ( 'NONE', *, *, #2846, .T. ) ;
#3164 = LINE ( 'NONE', #2944, #3066 ) ;
#3165 = PLANE ( 'NONE',  #3005 ) ;
#3166 = LINE ( 'NONE', #400, #3069 ) ;
#3167 = ORIENTED_EDGE ( 'NONE', *, *, #2895, .T. ) ;
#3168 = CARTESIAN_POINT ( 'NONE',  ( 0.7249999999999999800, 1.086707392548410500, 0.7772894254867989100 ) ) ;
#3169 = ORIENTED_EDGE ( 'NONE', *, *, #1190, .F. ) ;
#3170 = CYLINDRICAL_SURFACE ( 'NONE', #2855, 0.2350000000000001800 ) ;
#3171 = ORIENTED_EDGE ( 'NONE', *, *, #3440, .T. ) ;
#3172 = CARTESIAN_POINT ( 'NONE',  ( -0.2250000000000000300, 0.0000000000000000000, 0.0000000000000000000 ) ) ;
#3173 = VERTEX_POINT ( 'NONE', #2125 ) ;
#3174 = EDGE_CURVE ( 'NONE', #23, #2030, #3787, .T. ) ;
#3175 = CARTESIAN_POINT ( 'NONE',  ( -0.6213603896932108400, 0.5000000000000002200, 0.7848983890931691100 ) ) ;
#3176 = CIRCLE ( 'NONE', #3456, 0.1600000000000000900 ) ;
#3177 = DIRECTION ( 'NONE',  ( 1.000000000000000000, 0.0000000000000000000, 0.0000000000000000000 ) ) ;
#3178 = AXIS2_PLACEMENT_3D ( 'NONE', #1863, #2493, #591 ) ;
#3179 = AXIS2_PLACEMENT_3D ( 'NONE', #233, #636, #4007 ) ;
#3180 = ORIENTED_EDGE ( 'NONE', *, *, #1741, .F. ) ;
#3181 = CIRCLE ( 'NONE', #3697, 0.1600000000000000900 ) ;
#3182 = FACE_OUTER_BOUND ( 'NONE', #2407, .T. ) ;
#3183 = CIRCLE ( 'NONE', #3206, 0.2350000000000001800 ) ;
#3184 = CARTESIAN_POINT ( 'NONE',  ( 0.0000000000000000000, 0.1999999999999999800, 1.000000000000000400 ) ) ;
#3185 = CARTESIAN_POINT ( 'NONE',  ( -0.2250000000000000300, 1.086707392548410500, 0.3250000000000000700 ) ) ;
#3186 = LINE ( 'NONE', #3551, #2348 ) ;
#3188 = ORIENTED_EDGE ( 'NONE', *, *, #468, .T. ) ;
#3187 = DIRECTION ( 'NONE',  ( 2.768175759537456100E-015, 0.0000000000000000000, -1.000000000000000000 ) ) ;
#3189 = CIRCLE ( 'NONE', #106, 0.1066666666666664800 ) ;
#3190 = LINE ( 'NONE', #3654, #676 ) ;
#3191 = ORIENTED_EDGE ( 'NONE', *, *, #689, .T. ) ;
#3192 = ADVANCED_FACE ( 'NONE', ( #3003 ), #542, .F. ) ;
#3193 = EDGE_CURVE ( 'NONE', #2352, #2094, #2156, .T. ) ;
#3194 = ORIENTED_EDGE ( 'NONE', *, *, #1091, .T. ) ;
#3195 = ORIENTED_EDGE ( 'NONE', *, *, #2353, .F. ) ;
#3196 = CARTESIAN_POINT ( 'NONE',  ( 0.0000000000000000000, 0.1999999999999999800, 0.9249999999999999300 ) ) ;
#3197 = EDGE_LOOP ( 'NONE', ( #1702, #1691, #2995, #1446 ) ) ;
#3198 = ORIENTED_EDGE ( 'NONE', *, *, #3764, .T. ) ;
#3199 = EDGE_LOOP ( 'NONE', ( #2164, #1592, #3589, #3852 ) ) ;
#3200 = CARTESIAN_POINT ( 'NONE',  ( 0.5949999999999994200, 0.5000000000000000000, -0.7333333333333330600 ) ) ;
#3201 = EDGE_CURVE ( 'NONE', #495, #3700, #3100, .T. ) ;
#3202 = CARTESIAN_POINT ( 'NONE',  ( 0.7249999999999999800, 1.086707392548410500, 0.3250000000000000700 ) ) ;
#3203 = CARTESIAN_POINT ( 'NONE',  ( 0.6417038242943101700, 0.4000000000000000800, 0.9183333333333335600 ) ) ;
#3204 = AXIS2_PLACEMENT_3D ( 'NONE', #3565, #439, #2652 ) ;
#3205 = CLOSED_SHELL ( 'NONE', ( #143, #3488, #1151, #356, #828, #3320, #441, #2102, #474, #2746, #3790 ) ) ;
#3206 = AXIS2_PLACEMENT_3D ( 'NONE', #954, #855, #528 ) ;
#3207 = DIRECTION ( 'NONE',  ( 0.0000000000000000000, -0.0000000000000000000, 1.000000000000000000 ) ) ;
#3208 = DIRECTION ( 'NONE',  ( 1.000000000000000000, -0.0000000000000000000, -1.016439536705160300E-016 ) ) ;
#3209 = VECTOR ( 'NONE', #1267, 1000.000000000000000 ) ;
#3210 = CARTESIAN_POINT ( 'NONE',  ( -0.8000000000000001600, 0.1999999999999999800, -0.7649999999999995700 ) ) ;
#3211 = ADVANCED_FACE ( 'NONE', ( #1430 ), #2067, .F. ) ;
#3212 = DIRECTION ( 'NONE',  ( 0.0000000000000000000, 1.000000000000000000, 0.0000000000000000000 ) ) ;
#3213 = CARTESIAN_POINT ( 'NONE',  ( -0.5772894254867994000, 0.1999999999999999800, -0.9249999999999999300 ) ) ;
#3214 = CARTESIAN_POINT ( 'NONE',  ( -0.8000000000000004900, 0.0000000000000000000, -0.7649999999999995700 ) ) ;
#3215 = DIRECTION ( 'NONE',  ( -0.0000000000000000000, 0.0000000000000000000, -1.000000000000000000 ) ) ;
#3216 = EDGE_LOOP ( 'NONE', ( #2985, #2222, #130, #2037 ) ) ;
#3217 =( BOUNDED_SURFACE ( )  B_SPLINE_SURFACE ( 3, 3, ( 
 ( #1911, #3463, #647, #2871 ),
 ( #958, #3175, #1293, #3473 ),
 ( #1613, #3765, #1923, #13 ),
 ( #2226, #336, #2553, #659 ) ),
 .UNSPECIFIED., .F., .F., .F. ) 
 B_SPLINE_SURFACE_WITH_KNOTS ( ( 4, 4 ),
 ( 4, 4 ),
 ( 0.0000000000000000000, 1.000000000000000000 ),
 ( 0.0000000000000000000, 1.000000000000000000 ),
 .UNSPECIFIED. ) 
 GEOMETRIC_REPRESENTATION_ITEM ( )  RATIONAL_B_SPLINE_SURFACE ( (
 ( 1.000000000000000000, 0.8047378541243658300, 0.8047378541243658300, 1.000000000000000000),
 ( 0.8047378541243643800, 0.6476030138606879700, 0.6476030138606879700, 0.8047378541243643800),
 ( 0.8047378541243643800, 0.6476030138606879700, 0.6476030138606879700, 0.8047378541243643800),
 ( 1.000000000000000000, 0.8047378541243658300, 0.8047378541243658300, 1.000000000000000000) ) ) 
 REPRESENTATION_ITEM ( '' )  SURFACE ( )  );
#3218 = EDGE_CURVE ( 'NONE', #2785, #2715, #470, .T. ) ;
#3219 = FILL_AREA_STYLE_COLOUR ( '', #2907 ) ;
#3220 = DIRECTION ( 'NONE',  ( -0.0000000000000000000, 1.000000000000000000, -0.0000000000000000000 ) ) ;
#3221 = ORIENTED_EDGE ( 'NONE', *, *, #3843, .T. ) ;
#3222 = EDGE_CURVE ( 'NONE', #3878, #495, #1326, .T. ) ;
#3223 = VERTEX_POINT ( 'NONE', #3985 ) ;
#3224 = CARTESIAN_POINT ( 'NONE',  ( 0.5333333333333329900, 0.4250000000000000400, -0.8933333333333332000 ) ) ;
#3225 = PLANE ( 'NONE',  #2469 ) ;
#3226 = EDGE_LOOP ( 'NONE', ( #161, #774, #1686, #1832 ) ) ;
#3227 = FACE_OUTER_BOUND ( 'NONE', #3709, .T. ) ;
#3228 = CARTESIAN_POINT ( 'NONE',  ( -0.8000000000000004900, 0.4000000000000001900, 0.8399999999999998600 ) ) ;
#3229 = AXIS2_PLACEMENT_3D ( 'NONE', #1180, #1193, #3390 ) ;
#3230 = AXIS2_PLACEMENT_3D ( 'NONE', #192, #1902, #977 ) ;
#3231 = SURFACE_STYLE_FILL_AREA ( #870 ) ;
#3232 = CYLINDRICAL_SURFACE ( 'NONE', #2279, 0.04500000000000001200 ) ;
#3233 = CIRCLE ( 'NONE', #3179, 0.2350000000000000700 ) ;
#3234 = CARTESIAN_POINT ( 'NONE',  ( -0.7249999999999999800, 0.0000000000000000000, 0.7772894254867990200 ) ) ;
#3235 = ADVANCED_FACE ( 'NONE', ( #2914 ), #1123, .T. ) ;
#3236 = SURFACE_STYLE_USAGE ( .BOTH. , #1025 ) ;
#3237 = LINE ( 'NONE', #3514, #3928 ) ;
#3238 = FACE_OUTER_BOUND ( 'NONE', #3573, .T. ) ;
#3239 = AXIS2_PLACEMENT_3D ( 'NONE', #2291, #77, #711 ) ;
#3240 = DIRECTION ( 'NONE',  ( 1.000000000000000000, 0.0000000000000000000, -0.0000000000000000000 ) ) ;
#3241 = CARTESIAN_POINT ( 'NONE',  ( 0.5333333333333329900, 0.5000000000000000000, -0.7949999999999996000 ) ) ;
#3242 = FACE_BOUND ( 'NONE', #2925, .T. ) ;
#3243 = ORIENTED_EDGE ( 'NONE', *, *, #2928, .F. ) ;
#3244 = DIRECTION ( 'NONE',  ( 0.0000000000000000000, 0.0000000000000000000, 1.000000000000000000 ) ) ;
#3245 = CARTESIAN_POINT ( 'NONE',  ( -0.5650000000000003900, 0.1999999999999999800, -0.9999999999999997800 ) ) ;
#3246 = CARTESIAN_POINT ( 'NONE',  ( -0.8000000000000004900, 1.086707392548410500, -0.9999999999999997800 ) ) ;
#3247 = DIRECTION ( 'NONE',  ( 1.000000000000000000, 0.0000000000000000000, -0.0000000000000000000 ) ) ;
#3248 = ORIENTED_EDGE ( 'NONE', *, *, #302, .F. ) ;
#3249 = CARTESIAN_POINT ( 'NONE',  ( -0.5772894254867996200, 1.086707392548410500, 0.9249999999999999300 ) ) ;
#3250 = ORIENTED_EDGE ( 'NONE', *, *, #3412, .T. ) ;
#3251 = ORIENTED_EDGE ( 'NONE', *, *, #3201, .T. ) ;
#3252 = PLANE ( 'NONE',  #982 ) ;
#3253 = CARTESIAN_POINT ( 'NONE',  ( -0.6400000000000002400, 0.0000000000000000000, -1.000000000000000200 ) ) ;
#3254 = ORIENTED_EDGE ( 'NONE', *, *, #1961, .F. ) ;
#3255 = CARTESIAN_POINT ( 'NONE',  ( -0.5333333333333341000, 0.4813603896932107100, -0.8399999999999994100 ) ) ;
#3256 = EDGE_CURVE ( 'NONE', #3369, #1587, #1227, .T. ) ;
#3257 = EDGE_CURVE ( 'NONE', #536, #3732, #1970, .T. ) ;
#3258 = ORIENTED_EDGE ( 'NONE', *, *, #631, .F. ) ;
#3259 = DIRECTION ( 'NONE',  ( -1.000000000000000000, 0.0000000000000000000, -0.0000000000000000000 ) ) ;
#3260 = DIRECTION ( 'NONE',  ( 0.0000000000000000000, -0.0000000000000000000, 1.000000000000000000 ) ) ;
#3261 = ORIENTED_EDGE ( 'NONE', *, *, #1221, .F. ) ;
#3262 = CARTESIAN_POINT ( 'NONE',  ( 0.6213603896932101700, 0.5000000000000002200, 0.7848983890931686700 ) ) ;
#3263 = ADVANCED_FACE ( 'NONE', ( #270 ), #2485, .F. ) ;
#3264 = AXIS2_PLACEMENT_3D ( 'NONE', #939, #1843, #4021 ) ;
#3265 = CARTESIAN_POINT ( 'NONE',  ( -0.8000000000000004900, 0.0000000000000000000, 1.000000000000000200 ) ) ;
#3266 = DIRECTION ( 'NONE',  ( 0.0000000000000000000, -1.000000000000000000, 0.0000000000000000000 ) ) ;
#3267 = VECTOR ( 'NONE', #2916, 1000.000000000000000 ) ;
#3268 = DIRECTION ( 'NONE',  ( 0.0000000000000000000, 1.000000000000000000, 0.0000000000000000000 ) ) ;
#3269 = CARTESIAN_POINT ( 'NONE',  ( 0.5333333333333328800, 0.4500000000000001200, -0.8829779942740060300 ) ) ;
#3270 = LINE ( 'NONE', #2568, #2424 ) ;
#3271 = VECTOR ( 'NONE', #3917, 1000.000000000000000 ) ;
#3272 = CIRCLE ( 'NONE', #2418, 0.05000000000000002400 ) ;
#3273 = DIRECTION ( 'NONE',  ( 0.0000000000000000000, -1.000000000000000000, 0.0000000000000000000 ) ) ;
#3274 = ORIENTED_EDGE ( 'NONE', *, *, #3218, .T. ) ;
#3275 = DIRECTION ( 'NONE',  ( 0.0000000000000000000, 0.0000000000000000000, 1.000000000000000000 ) ) ;
#3276 = ORIENTED_EDGE ( 'NONE', *, *, #1961, .T. ) ;
#3277 = MANIFOLD_SOLID_BREP ( 'Split1[3]', #3493 ) ;
#3278 = FACE_OUTER_BOUND ( 'NONE', #2563, .T. ) ;
#3279 = CARTESIAN_POINT ( 'NONE',  ( 0.6399999999999993500, 0.4813603896932107700, -0.7333333333333328400 ) ) ;
#3280 = EDGE_CURVE ( 'NONE', #29, #2200, #2399, .T. ) ;
#3281 = CARTESIAN_POINT ( 'NONE',  ( 0.6683333333333330000, 0.4500000000000000100, 0.8124145024129660900 ) ) ;
#3282 = ORIENTED_EDGE ( 'NONE', *, *, #1550, .T. ) ;
#3283 = ADVANCED_FACE ( 'NONE', ( #1013 ), #153, .F. ) ;
#3284 = ORIENTED_EDGE ( 'NONE', *, *, #1395, .F. ) ;
#3285 = DIRECTION ( 'NONE',  ( 0.0000000000000000000, 1.000000000000000000, 0.0000000000000000000 ) ) ;
#3286 = EDGE_CURVE ( 'NONE', #3803, #1532, #3144, .T. ) ;
#3287 = PLANE ( 'NONE',  #3798 ) ;
#3288 = VECTOR ( 'NONE', #3904, 1000.000000000000000 ) ;
#3289 = DIRECTION ( 'NONE',  ( 0.0000000000000000000, 0.0000000000000000000, -1.000000000000000000 ) ) ;
#3290 = VECTOR ( 'NONE', #486, 1000.000000000000000 ) ;
#3291 = DIRECTION ( 'NONE',  ( -0.0000000000000000000, -1.000000000000000000, -0.0000000000000000000 ) ) ;
#3292 = VECTOR ( 'NONE', #3207, 1000.000000000000000 ) ;
#3293 = AXIS2_PLACEMENT_3D ( 'NONE', #3966, #2135, #239 ) ;
#3294 = DIRECTION ( 'NONE',  ( 0.0000000000000000000, 0.0000000000000000000, -1.000000000000000000 ) ) ;
#3295 = DIRECTION ( 'NONE',  ( 0.0000000000000000000, -0.0000000000000000000, 1.000000000000000000 ) ) ;
#3296 = DIRECTION ( 'NONE',  ( -1.011922027653137700E-014, 0.0000000000000000000, 1.000000000000000000 ) ) ;
#3297 = CIRCLE ( 'NONE', #3750, 0.2350000000000001800 ) ;
#3298 = LINE ( 'NONE', #3355, #2454 ) ;
#3299 = ORIENTED_EDGE ( 'NONE', *, *, #3595, .F. ) ;
#3300 = ORIENTED_EDGE ( 'NONE', *, *, #451, .T. ) ;
#3301 = CARTESIAN_POINT ( 'NONE',  ( 0.6933333333333330200, 0.4250000000000000400, 0.8270591633536382700 ) ) ;
#3302 = ADVANCED_FACE ( 'NONE', ( #2298, #3242 ), #2527, .T. ) ;
#3303 = DIRECTION ( 'NONE',  ( 0.0000000000000000000, 0.0000000000000000000, -1.000000000000000000 ) ) ;
#3304 = ORIENTED_EDGE ( 'NONE', *, *, #1655, .T. ) ;
#3305 = EDGE_CURVE ( 'NONE', #544, #2915, #622, .T. ) ;
#3306 = EDGE_LOOP ( 'NONE', ( #3163, #968, #3910, #3050 ) ) ;
#3307 = ORIENTED_EDGE ( 'NONE', *, *, #2455, .T. ) ;
#3308 = CARTESIAN_POINT ( 'NONE',  ( 0.6399999999999995700, 0.4550000000000000700, -0.7958172200135359400 ) ) ;
#3309 = CARTESIAN_POINT ( 'NONE',  ( 0.0000000000000000000, 0.0000000000000000000, 0.3250000000000000700 ) ) ;
#3310 = EDGE_CURVE ( 'NONE', #1841, #1803, #1477, .T. ) ;
#3311 = ORIENTED_EDGE ( 'NONE', *, *, #3310, .T. ) ;
#3312 = AXIS2_PLACEMENT_3D ( 'NONE', #1036, #2302, #418 ) ;
#3313 = ORIENTED_EDGE ( 'NONE', *, *, #140, .T. ) ;
#3314 = AXIS2_PLACEMENT_3D ( 'NONE', #2561, #2879, #1958 ) ;
#3315 = CIRCLE ( 'NONE', #641, 0.2350000000000001800 ) ;
#3316 = CARTESIAN_POINT ( 'NONE',  ( -0.5333333333333337700, 0.4550000000000001300, 0.8400000000000003000 ) ) ;
#3317 = FACE_OUTER_BOUND ( 'NONE', #272, .T. ) ;
#3318 = DIRECTION ( 'NONE',  ( -1.000000000000000000, 0.0000000000000000000, 0.0000000000000000000 ) ) ;
#3319 = DIRECTION ( 'NONE',  ( 0.0000000000000000000, 1.000000000000000000, 0.0000000000000000000 ) ) ;
#3320 = ADVANCED_FACE ( 'NONE', ( #3048 ), #2964, .T. ) ;
#3321 = ORIENTED_EDGE ( 'NONE', *, *, #397, .F. ) ;
#3322 = ORIENTED_EDGE ( 'NONE', *, *, #805, .F. ) ;
#3323 = CARTESIAN_POINT ( 'NONE',  ( 0.7249999999999999800, 0.0000000000000000000, 0.7772894254867990200 ) ) ;
#3324 = CARTESIAN_POINT ( 'NONE',  ( 0.6933333333333329100, 0.4250000000000000400, 0.8270591633536382700 ) ) ;
#3325 = VERTEX_POINT ( 'NONE', #1292 ) ;
#3326 = DIRECTION ( 'NONE',  ( -1.000000000000000000, 0.0000000000000000000, 1.016439536705160300E-016 ) ) ;
#3327 = VERTEX_POINT ( 'NONE', #3472 ) ;
#3328 = EDGE_CURVE ( 'NONE', #714, #888, #2110, .T. ) ;
#3329 = LINE ( 'NONE', #505, #802 ) ;
#3330 = DIRECTION ( 'NONE',  ( 0.0000000000000000000, -0.0000000000000000000, 1.000000000000000000 ) ) ;
#3331 = CARTESIAN_POINT ( 'NONE',  ( -0.6933333333333339100, 0.4396446609406726200, -0.8270591633536374900 ) ) ;
#3332 = VECTOR ( 'NONE', #1133, 1000.000000000000000 ) ;
#3333 = LINE ( 'NONE', #752, #1675 ) ;
#3334 = EDGE_LOOP ( 'NONE', ( #3531, #1081, #2048, #2609, #57, #1962, #2401, #3597, #794 ) ) ;
#3335 = EDGE_CURVE ( 'NONE', #1026, #344, #3839, .T. ) ;
#3336 = VECTOR ( 'NONE', #101, 1000.000000000000000 ) ;
#3337 = ORIENTED_EDGE ( 'NONE', *, *, #2644, .T. ) ;
#3338 = CYLINDRICAL_SURFACE ( 'NONE', #3079, 0.05000000000000002400 ) ;
#3339 = CARTESIAN_POINT ( 'NONE',  ( 0.5333333333333329900, 2.612060605191053300, -0.8399999999999996400 ) ) ;
#3340 = ADVANCED_FACE ( 'NONE', ( #1380 ), #2018, .F. ) ;
#3341 = ORIENTED_EDGE ( 'NONE', *, *, #1520, .T. ) ;
#3342 = EDGE_LOOP ( 'NONE', ( #519, #2442, #454, #923 ) ) ;
#3343 = STYLED_ITEM ( 'NONE', ( #2392 ), #1011 ) ;
#3344 = AXIS2_PLACEMENT_3D ( 'NONE', #967, #788, #816 ) ;
#3345 = PLANE ( 'NONE',  #3505 ) ;
#3346 = CARTESIAN_POINT ( 'NONE',  ( 0.5333333333333332100, 0.5000000000000001100, -0.8213603896932102400 ) ) ;
#3347 = SURFACE_STYLE_USAGE ( .BOTH. , #1143 ) ;
#3348 = ORIENTED_EDGE ( 'NONE', *, *, #1087, .F. ) ;
#3349 = ORIENTED_EDGE ( 'NONE', *, *, #3476, .T. ) ;
#3350 = ORIENTED_EDGE ( 'NONE', *, *, #2895, .F. ) ;
#3351 = ORIENTED_EDGE ( 'NONE', *, *, #966, .T. ) ;
#3352 = FILL_AREA_STYLE ('',( #1147 ) ) ;
#3353 = DIRECTION ( 'NONE',  ( 0.0000000000000000000, 0.0000000000000000000, -1.000000000000000000 ) ) ;
#3354 = ORIENTED_EDGE ( 'NONE', *, *, #3544, .T. ) ;
#3355 = CARTESIAN_POINT ( 'NONE',  ( -0.5772894254867996200, 1.086707392548410500, 0.9249999999999999300 ) ) ;
#3356 = EDGE_CURVE ( 'NONE', #2666, #938, #3653, .T. ) ;
#3357 = CARTESIAN_POINT ( 'NONE',  ( -0.7249999999999999800, 0.0000000000000000000, 0.3250000000000000700 ) ) ;
#3358 = DIRECTION ( 'NONE',  ( 1.000000000000000000, -0.0000000000000000000, -1.016439536705160300E-016 ) ) ;
#3359 = ADVANCED_FACE ( 'NONE', ( #315 ), #334, .T. ) ;
#3360 = ORIENTED_EDGE ( 'NONE', *, *, #3873, .T. ) ;
#3361 = EDGE_CURVE ( 'NONE', #2816, #1664, #3507, .T. ) ;
#3362 = LINE ( 'NONE', #3502, #2525 ) ;
#3363 = VECTOR ( 'NONE', #2240, 1000.000000000000000 ) ;
#3364 = CARTESIAN_POINT ( 'NONE',  ( 0.7249999999999999800, 1.086707392548410500, 0.3250000000000000700 ) ) ;
#3365 = LINE ( 'NONE', #1454, #3271 ) ;
#3366 = LINE ( 'NONE', #2822, #3452 ) ;
#3367 = AXIS2_PLACEMENT_3D ( 'NONE', #3485, #3775, #1934 ) ;
#3368 = AXIS2_PLACEMENT_3D ( 'NONE', #2057, #2071, #2366 ) ;
#3369 = VERTEX_POINT ( 'NONE', #30 ) ;
#3370 = DIRECTION ( 'NONE',  ( 2.768175759537456100E-015, 0.0000000000000000000, -1.000000000000000000 ) ) ;
#3371 = ORIENTED_EDGE ( 'NONE', *, *, #3964, .F. ) ;
#3372 = CARTESIAN_POINT ( 'NONE',  ( -0.6400000000000002400, 0.1999999999999999800, -1.000000000000000000 ) ) ;
#3373 = CIRCLE ( 'NONE', #1368, 0.2350000000000000700 ) ;
#3374 = CARTESIAN_POINT ( 'NONE',  ( 0.2250000000000000300, 0.1999999999999999800, -0.9249999999999999300 ) ) ;
#3375 = ORIENTED_EDGE ( 'NONE', *, *, #2673, .F. ) ;
#3376 = DIRECTION ( 'NONE',  ( -0.0000000000000000000, 1.000000000000000000, -0.0000000000000000000 ) ) ;
#3377 = DIRECTION ( 'NONE',  ( 1.000000000000000000, 0.0000000000000000000, -0.0000000000000000000 ) ) ;
#3378 = VECTOR ( 'NONE', #1495, 1000.000000000000000 ) ;
#3379 = CARTESIAN_POINT ( 'NONE',  ( 0.6399999999999993500, 0.4550000000000001300, -0.7333333333333328400 ) ) ;
#3380 = LINE ( 'NONE', #3027, #3970 ) ;
#3381 = EDGE_CURVE ( 'NONE', #625, #450, #3566, .T. ) ;
#3382 = DIRECTION ( 'NONE',  ( -0.0000000000000000000, 0.0000000000000000000, -1.000000000000000000 ) ) ;
#3383 = VECTOR ( 'NONE', #2507, 1000.000000000000000 ) ;
#3384 = CARTESIAN_POINT ( 'NONE',  ( -0.2250000000000000300, 0.0000000000000000000, -0.3250000000000000700 ) ) ;
#3385 = LINE ( 'NONE', #1672, #19 ) ;
#3386 = EDGE_LOOP ( 'NONE', ( #3525, #2810, #1629, #2538 ) ) ;
#3387 = PRESENTATION_LAYER_ASSIGNMENT (  '', '', ( #551 ) ) ;
#3388 = VECTOR ( 'NONE', #3032, 1000.000000000000000 ) ;
#3389 = ORIENTED_EDGE ( 'NONE', *, *, #1683, .F. ) ;
#3390 = DIRECTION ( 'NONE',  ( 0.0000000000000000000, -0.0000000000000000000, 1.000000000000000000 ) ) ;
#3391 = ORIENTED_EDGE ( 'NONE', *, *, #3126, .T. ) ;
#3392 = EDGE_LOOP ( 'NONE', ( #3299, #1854, #704, #2203 ) ) ;
#3393 = ORIENTED_EDGE ( 'NONE', *, *, #465, .T. ) ;
#3394 = PLANE ( 'NONE',  #1893 ) ;
#3395 =( BOUNDED_CURVE ( )  B_SPLINE_CURVE ( 3, ( #678, #33, #988, #3200 ),
 .UNSPECIFIED., .F., .F. ) 
 B_SPLINE_CURVE_WITH_KNOTS ( ( 4, 4 ),
 ( 0.0000000000000000000, 1.000000000000000000 ),
 .UNSPECIFIED. ) 
 CURVE ( )  GEOMETRIC_REPRESENTATION_ITEM ( )  RATIONAL_B_SPLINE_CURVE ( ( 1.000000000000000000, 0.8047378541243646000, 0.8047378541243646000, 1.000000000000000000 ) ) 
 REPRESENTATION_ITEM ( '' )  );
#3396 = ORIENTED_EDGE ( 'NONE', *, *, #631, .T. ) ;
#3397 = CARTESIAN_POINT ( 'NONE',  ( 0.5333333333333328800, 0.4499999999999999000, 0.8400000000000001900 ) ) ;
#3398 = ORIENTED_EDGE ( 'NONE', *, *, #3720, .T. ) ;
#3399 =( LENGTH_UNIT ( ) NAMED_UNIT ( * ) SI_UNIT ( .MILLI., .METRE. ) );
#3400 = DIRECTION ( 'NONE',  ( 0.0000000000000000000, 0.0000000000000000000, -1.000000000000000000 ) ) ;
#3401 = EDGE_CURVE ( 'NONE', #2977, #2664, #1174, .T. ) ;
#3402 = CARTESIAN_POINT ( 'NONE',  ( -0.5703624234771856900, 0.4500000000000000700, -0.8683333333333326200 ) ) ;
#3403 = EDGE_LOOP ( 'NONE', ( #3389, #2408, #2906, #3658 ) ) ;
#3404 = CARTESIAN_POINT ( 'NONE',  ( 0.6399999999999995700, 0.4813603896932107700, -0.7958172200135359400 ) ) ;
#3405 = FACE_OUTER_BOUND ( 'NONE', #3774, .T. ) ;
#3406 = CARTESIAN_POINT ( 'NONE',  ( 0.6933333333333332500, 0.4250000000000000400, -0.8270591633536377200 ) ) ;
#3407 = DIRECTION ( 'NONE',  ( 0.0000000000000000000, 0.0000000000000000000, 1.000000000000000000 ) ) ;
#3408 = VECTOR ( 'NONE', #2773, 1000.000000000000000 ) ;
#3409 = CARTESIAN_POINT ( 'NONE',  ( 0.2250000000000000300, 0.1999999999999999800, -0.9249999999999999300 ) ) ;
#3410 = EDGE_CURVE ( 'NONE', #3020, #3457, #2862, .T. ) ;
#3411 = VERTEX_POINT ( 'NONE', #3498 ) ;
#3412 = EDGE_CURVE ( 'NONE', #2594, #1418, #1070, .T. ) ;
#3413 = DIRECTION ( 'NONE',  ( 1.000000000000000000, -7.228014483236693600E-015, 0.0000000000000000000 ) ) ;
#3414 = ORIENTED_EDGE ( 'NONE', *, *, #2867, .F. ) ;
#3415 = CARTESIAN_POINT ( 'NONE',  ( -0.6270591633536384300, 0.4396446609406726200, 0.8933333333333334200 ) ) ;
#3416 = AXIS2_PLACEMENT_3D ( 'NONE', #289, #303, #316 ) ;
#3417 = CARTESIAN_POINT ( 'NONE',  ( -0.5333333333333337700, 2.612060605191053300, 0.8400000000000003000 ) ) ;
#3418 = CARTESIAN_POINT ( 'NONE',  ( -0.6551531384867288500, 0.4499999999999999600, -0.8026801384227615400 ) ) ;
#3419 = ORIENTED_EDGE ( 'NONE', *, *, #2353, .T. ) ;
#3420 = CARTESIAN_POINT ( 'NONE',  ( 0.8000000000000004900, 0.1999999999999999800, 0.9999999999999997800 ) ) ;
#3421 =( NAMED_UNIT ( * ) PLANE_ANGLE_UNIT ( ) SI_UNIT ( $, .RADIAN. ) );
#3422 = VECTOR ( 'NONE', #2405, 1000.000000000000000 ) ;
#3423 = CARTESIAN_POINT ( 'NONE',  ( -0.8000000000000004900, 0.4000000000000001900, -0.9999999999999997800 ) ) ;
#3424 = FACE_OUTER_BOUND ( 'NONE', #3538, .T. ) ;
#3425 = EDGE_CURVE ( 'NONE', #276, #3855, #2754, .T. ) ;
#3426 = LINE ( 'NONE', #1, #265 ) ;
#3427 = FILL_AREA_STYLE_COLOUR ( '', #3610 ) ;
#3428 = FACE_OUTER_BOUND ( 'NONE', #3497, .T. ) ;
#3429 = CARTESIAN_POINT ( 'NONE',  ( 0.5958172200135365400, 0.4550000000000000700, -0.8399999999999993000 ) ) ;
#3430 = EDGE_CURVE ( 'NONE', #2767, #2785, #2802, .T. ) ;
#3431 = DIRECTION ( 'NONE',  ( -0.0000000000000000000, -1.000000000000000000, -0.0000000000000000000 ) ) ;
#3432 = ORIENTED_EDGE ( 'NONE', *, *, #3328, .T. ) ;
#3433 = ORIENTED_EDGE ( 'NONE', *, *, #893, .F. ) ;
#3434 = AXIS2_PLACEMENT_3D ( 'NONE', #3094, #1211, #3400 ) ;
#3435 = AXIS2_PLACEMENT_3D ( 'NONE', #298, #759, #3467 ) ;
#3436 = PLANE ( 'NONE',  #215 ) ;
#3437 = ORIENTED_EDGE ( 'NONE', *, *, #1304, .F. ) ;
#3438 = CARTESIAN_POINT ( 'NONE',  ( -0.5333333333333335500, 0.4000000000000000200, 0.9183333333333334500 ) ) ;
#3439 =( BOUNDED_SURFACE ( )  B_SPLINE_SURFACE ( 3, 3, ( 
 ( #2387, #3084, #1017, #1225 ),
 ( #1464, #797, #1694, #1945 ),
 ( #2584, #1184, #3331, #2244 ),
 ( #1736, #3011, #2295, #2566 ) ),
 .UNSPECIFIED., .F., .F., .F. ) 
 B_SPLINE_SURFACE_WITH_KNOTS ( ( 4, 4 ),
 ( 4, 4 ),
 ( 0.0000000000000000000, 1.000000000000000000 ),
 ( 0.0000000000000000000, 1.000000000000000000 ),
 .UNSPECIFIED. ) 
 GEOMETRIC_REPRESENTATION_ITEM ( )  RATIONAL_B_SPLINE_SURFACE ( (
 ( 1.000000000000000000, 0.8047378541243653800, 0.8047378541243653800, 1.000000000000000000),
 ( 0.8047378541243649400, 0.6476030138606879700, 0.6476030138606879700, 0.8047378541243649400),
 ( 0.8047378541243649400, 0.6476030138606879700, 0.6476030138606879700, 0.8047378541243649400),
 ( 1.000000000000000000, 0.8047378541243653800, 0.8047378541243653800, 1.000000000000000000) ) ) 
 REPRESENTATION_ITEM ( '' )  SURFACE ( )  );
#3440 = EDGE_CURVE ( 'NONE', #320, #579, #3470, .T. ) ;
#3441 = VERTEX_POINT ( 'NONE', #703 ) ;
#3442 = DIRECTION ( 'NONE',  ( 0.0000000000000000000, 0.0000000000000000000, -1.000000000000000000 ) ) ;
#3443 = CARTESIAN_POINT ( 'NONE',  ( -0.7036886723926612000, 0.4000000000000000800, -0.7333333333333329500 ) ) ;
#3444 = DIRECTION ( 'NONE',  ( 1.000000000000000000, 0.0000000000000000000, -1.478457507934778600E-016 ) ) ;
#3445 = ORIENTED_EDGE ( 'NONE', *, *, #2091, .F. ) ;
#3446 = EDGE_LOOP ( 'NONE', ( #2484, #1779, #304, #4047 ) ) ;
#3447 = VECTOR ( 'NONE', #3776, 1000.000000000000000 ) ;
#3448 = VECTOR ( 'NONE', #660, 1000.000000000000000 ) ;
#3449 = EDGE_CURVE ( 'NONE', #2200, #1698, #3385, .T. ) ;
#3450 = LINE ( 'NONE', #2367, #95 ) ;
#3451 = DIRECTION ( 'NONE',  ( 0.0000000000000000000, 0.0000000000000000000, -1.000000000000000000 ) ) ;
#3452 = VECTOR ( 'NONE', #2838, 1000.000000000000000 ) ;
#3453 = DIRECTION ( 'NONE',  ( 1.000000000000000000, -0.0000000000000000000, 0.0000000000000000000 ) ) ;
#3454 = ORIENTED_EDGE ( 'NONE', *, *, #3075, .T. ) ;
#3455 = DIRECTION ( 'NONE',  ( -1.000000000000000000, 0.0000000000000000000, 0.0000000000000000000 ) ) ;
#3456 = AXIS2_PLACEMENT_3D ( 'NONE', #927, #1302, #2414 ) ;
#3457 = VERTEX_POINT ( 'NONE', #396 ) ;
#3458 = LINE ( 'NONE', #687, #1806 ) ;
#3459 = DIRECTION ( 'NONE',  ( 0.0000000000000000000, 1.000000000000000000, 0.0000000000000000000 ) ) ;
#3460 = ORIENTED_EDGE ( 'NONE', *, *, #1886, .F. ) ;
#3461 = CARTESIAN_POINT ( 'NONE',  ( -0.6400000000000004600, 0.4550000000000001300, -0.7333333333333328400 ) ) ;
#3462 = FACE_OUTER_BOUND ( 'NONE', #3403, .T. ) ;
#3463 = CARTESIAN_POINT ( 'NONE',  ( -0.5950000000000000800, 0.5000000000000001100, 0.7694568303203261900 ) ) ;
#3464 = CARTESIAN_POINT ( 'NONE',  ( 0.8000000000000004900, 0.0000000000000000000, -0.3250000000000000100 ) ) ;
#3465 = CIRCLE ( 'NONE', #1842, 0.1600000000000000900 ) ;
#3466 = CARTESIAN_POINT ( 'NONE',  ( -0.4950000000000004400, 0.5000000000000000000, -0.6949999999999994000 ) ) ;
#3467 = DIRECTION ( 'NONE',  ( -1.000000000000000000, 0.0000000000000000000, 0.0000000000000000000 ) ) ;
#3468 = CYLINDRICAL_SURFACE ( 'NONE', #376, 0.1600000000000002000 ) ;
#3469 = CIRCLE ( 'NONE', #2797, 0.02499999999999995600 ) ;
#3470 = LINE ( 'NONE', #3816, #2550 ) ;
#3471 = EDGE_CURVE ( 'NONE', #2664, #3935, #856, .T. ) ;
#3472 = CARTESIAN_POINT ( 'NONE',  ( -0.8000000000000004900, 0.0000000000000000000, 0.7649999999999996800 ) ) ;
#3473 = CARTESIAN_POINT ( 'NONE',  ( -0.5333333333333337700, 0.5000000000000002200, 0.8213603896932105700 ) ) ;
#3474 = VECTOR ( 'NONE', #3326, 1000.000000000000000 ) ;
#3475 = ORIENTED_EDGE ( 'NONE', *, *, #2091, .T. ) ;
#3476 = EDGE_CURVE ( 'NONE', #1018, #144, #585, .T. ) ;
#3477 = FILL_AREA_STYLE_COLOUR ( '', #3025 ) ;
#3478 = PLANE ( 'NONE',  #3055 ) ;
#3479 = ORIENTED_EDGE ( 'NONE', *, *, #3097, .T. ) ;
#3480 = EDGE_LOOP ( 'NONE', ( #980, #478, #3061, #484, #3104, #354, #1632, #2096, #2635 ) ) ;
#3481 = CARTESIAN_POINT ( 'NONE',  ( -0.6400000000000004600, 2.612060605191053300, -0.7333333333333328400 ) ) ;
#3482 = ORIENTED_EDGE ( 'NONE', *, *, #805, .T. ) ;
#3483 = AXIS2_PLACEMENT_3D ( 'NONE', #2859, #944, #3162 ) ;
#3484 = AXIS2_PLACEMENT_3D ( 'NONE', #3062, #534, #2764 ) ;
#3485 = CARTESIAN_POINT ( 'NONE',  ( -0.2250000000000000300, 1.086707392548410500, -0.3250000000000000700 ) ) ;
#3486 = VERTEX_POINT ( 'NONE', #2624 ) ;
#3487 = CARTESIAN_POINT ( 'NONE',  ( -0.7249999999999999800, 0.1999999999999999800, -0.7772894254867989100 ) ) ;
#3488 = ADVANCED_FACE ( 'NONE', ( #1623 ), #1688, .T. ) ;
#3489 = CARTESIAN_POINT ( 'NONE',  ( -0.4250000000000001000, 1.086707392548410500, 0.3250000000000000700 ) ) ;
#3490 = DIRECTION ( 'NONE',  ( -0.0000000000000000000, -1.000000000000000000, -0.0000000000000000000 ) ) ;
#3491 = DIRECTION ( 'NONE',  ( 0.0000000000000000000, 1.000000000000000000, 0.0000000000000000000 ) ) ;
#3492 = CARTESIAN_POINT ( 'NONE',  ( -0.6933333333333340200, 0.4250000000000000400, -0.7333333333333329500 ) ) ;
#3493 = CLOSED_SHELL ( 'NONE', ( #2922, #3877, #2007, #3529, #2234, #3930, #3895, #3567, #1467, #3192, #80, #2576, #1029, #3211, #2322, #1760, #3948, #1345, #423, #1429, #3509, #1043, #3586, #3037, #1940, #1323, #3857, #2066, #1492, #684, #3812, #378, #3547, #460, #1015, #103, #1131, #1952, #712 ) ) ;
#3494 = CYLINDRICAL_SURFACE ( 'NONE', #1721, 0.1600000000000000900 ) ;
#3495 = EDGE_CURVE ( 'NONE', #570, #2026, #768, .T. ) ;
#3496 = VECTOR ( 'NONE', #2274, 1000.000000000000000 ) ;
#3497 = EDGE_LOOP ( 'NONE', ( #917, #723, #776, #3180 ) ) ;
#3498 = CARTESIAN_POINT ( 'NONE',  ( -0.5650000000000005000, 0.2000000000000000400, 1.000000000000000200 ) ) ;
#3499 = VERTEX_POINT ( 'NONE', #3847 ) ;
#3500 = EDGE_CURVE ( 'NONE', #756, #731, #3186, .T. ) ;
#3501 = CARTESIAN_POINT ( 'NONE',  ( -0.5950000000000006400, 0.5000000000000000000, -0.7333333333333328400 ) ) ;
#3502 = CARTESIAN_POINT ( 'NONE',  ( 0.7999999999999997100, 2.961249694973139900, 0.8399999999999998600 ) ) ;
#3503 = DIRECTION ( 'NONE',  ( 0.0000000000000000000, 1.000000000000000000, -0.0000000000000000000 ) ) ;
#3504 = CARTESIAN_POINT ( 'NONE',  ( -0.6124145024129660200, 0.4500000000000000700, 0.8683333333333338500 ) ) ;
#3505 = AXIS2_PLACEMENT_3D ( 'NONE', #307, #321, #877 ) ;
#3506 = EDGE_LOOP ( 'NONE', ( #1918, #358, #1658, #822 ) ) ;
#3507 =( BOUNDED_CURVE ( )  B_SPLINE_CURVE ( 3, ( #2886, #2237, #674, #2898 ),
 .UNSPECIFIED., .F., .F. ) 
 B_SPLINE_CURVE_WITH_KNOTS ( ( 4, 4 ),
 ( 0.0000000000000000000, 1.000000000000000000 ),
 .UNSPECIFIED. ) 
 CURVE ( )  GEOMETRIC_REPRESENTATION_ITEM ( )  RATIONAL_B_SPLINE_CURVE ( ( 1.000000000000000000, 0.8047378541243658300, 0.8047378541243658300, 1.000000000000000000 ) ) 
 REPRESENTATION_ITEM ( '' )  );
#3508 = ORIENTED_EDGE ( 'NONE', *, *, #2592, .F. ) ;
#3509 = ADVANCED_FACE ( 'NONE', ( #3972 ), #3887, .F. ) ;
#3510 = CARTESIAN_POINT ( 'NONE',  ( 0.5333333333333328800, 0.5000000000000000000, 0.7950000000000001500 ) ) ;
#3511 = AXIS2_PLACEMENT_3D ( 'NONE', #3806, #385, #2597 ) ;
#3512 = VECTOR ( 'NONE', #217, 1000.000000000000000 ) ;
#3513 = CARTESIAN_POINT ( 'NONE',  ( 0.7249999999999999800, 0.0000000000000000000, 0.3250000000000000700 ) ) ;
#3514 = CARTESIAN_POINT ( 'NONE',  ( -0.8000000000000004900, 2.961249694973139900, 0.8399999999999998600 ) ) ;
#3515 = VECTOR ( 'NONE', #1291, 1000.000000000000000 ) ;
#3516 = DIRECTION ( 'NONE',  ( -0.0000000000000000000, 1.000000000000000000, -0.0000000000000000000 ) ) ;
#3517 = CARTESIAN_POINT ( 'NONE',  ( 0.2250000000000000300, 1.086707392548410500, 0.9249999999999999300 ) ) ;
#3518 = FACE_OUTER_BOUND ( 'NONE', #1261, .T. ) ;
#3519 = DIRECTION ( 'NONE',  ( 0.0000000000000000000, -0.0000000000000000000, 1.000000000000000000 ) ) ;
#3520 = CIRCLE ( 'NONE', #2221, 0.02499999999999995600 ) ;
#3521 = VECTOR ( 'NONE', #266, 1000.000000000000000 ) ;
#3522 = CARTESIAN_POINT ( 'NONE',  ( -0.5694568303203265700, 0.5000000000000001100, -0.7949999999999994800 ) ) ;
#3523 = EDGE_CURVE ( 'NONE', #3053, #732, #1528, .T. ) ;
#3524 = VERTEX_POINT ( 'NONE', #1394 ) ;
#3525 = ORIENTED_EDGE ( 'NONE', *, *, #3623, .F. ) ;
#3526 = ORIENTED_EDGE ( 'NONE', *, *, #1834, .T. ) ;
#3527 = CARTESIAN_POINT ( 'NONE',  ( 0.7183333333333328200, 0.4250000000000000400, -0.7333333333333330600 ) ) ;
#3528 = ORIENTED_EDGE ( 'NONE', *, *, #1310, .T. ) ;
#3529 = ADVANCED_FACE ( 'NONE', ( #3093 ), #562, .F. ) ;
#3530 = EDGE_CURVE ( 'NONE', #1358, #1536, #2242, .T. ) ;
#3531 = ORIENTED_EDGE ( 'NONE', *, *, #2702, .T. ) ;
#3532 = DIRECTION ( 'NONE',  ( -1.000000000000000000, -0.0000000000000000000, 0.0000000000000000000 ) ) ;
#3533 = CARTESIAN_POINT ( 'NONE',  ( 0.5650000000000002800, 0.2000000000000000400, -0.9999999999999997800 ) ) ;
#3534 = PRESENTATION_LAYER_ASSIGNMENT (  '', '', ( #3343 ) ) ;
#3535 = AXIS2_PLACEMENT_3D ( 'NONE', #351, #656, #688 ) ;
#3536 =( NAMED_UNIT ( * ) PLANE_ANGLE_UNIT ( ) SI_UNIT ( $, .RADIAN. ) );
#3537 = VECTOR ( 'NONE', #338, 1000.000000000000000 ) ;
#3538 = EDGE_LOOP ( 'NONE', ( #860, #681, #5, #2137, #1588, #1882, #650, #1086, #1985, #3350 ) ) ;
#3539 = CARTESIAN_POINT ( 'NONE',  ( 0.5333333333333328800, 0.5000000000000001100, 0.7950000000000001500 ) ) ;
#3540 = DIRECTION ( 'NONE',  ( 0.0000000000000000000, 0.0000000000000000000, 1.000000000000000000 ) ) ;
#3541 = VECTOR ( 'NONE', #2661, 1000.000000000000000 ) ;
#3542 = LINE ( 'NONE', #1678, #2731 ) ;
#3543 = VERTEX_POINT ( 'NONE', #1406 ) ;
#3544 = EDGE_CURVE ( 'NONE', #2489, #1984, #3001, .T. ) ;
#3545 = CARTESIAN_POINT ( 'NONE',  ( 0.7249999999999999800, 1.086707392548410500, -0.3250000000000000700 ) ) ;
#3546 = CARTESIAN_POINT ( 'NONE',  ( 0.7249999999999999800, 0.1999999999999999800, -0.7772894254867989100 ) ) ;
#3547 = ADVANCED_FACE ( 'NONE', ( #1426 ), #111, .T. ) ;
#3548 = CARTESIAN_POINT ( 'NONE',  ( -0.6400000000000005700, 0.4813603896932107100, -0.7958172200135356100 ) ) ;
#3549 = VERTEX_POINT ( 'NONE', #3872 ) ;
#3550 = LINE ( 'NONE', #2564, #300 ) ;
#3551 = CARTESIAN_POINT ( 'NONE',  ( 0.5650000000000003900, 1.086707392548410500, -0.9999999999999997800 ) ) ;
#3552 = EDGE_CURVE ( 'NONE', #3327, #3592, #3782, .T. ) ;
#3553 = CARTESIAN_POINT ( 'NONE',  ( 0.6683333333333332200, 0.4500000000000000100, 0.7333333333333336100 ) ) ;
#3554 = CARTESIAN_POINT ( 'NONE',  ( 0.5333333333333329900, 0.4813603896932107700, 0.8400000000000001900 ) ) ;
#3555 = CARTESIAN_POINT ( 'NONE',  ( -0.8000000000000004900, 0.0000000000000000000, 0.9999999999999997800 ) ) ;
#3556 = ORIENTED_EDGE ( 'NONE', *, *, #3792, .T. ) ;
#3557 = LINE ( 'NONE', #490, #1059 ) ;
#3558 = AXIS2_PLACEMENT_3D ( 'NONE', #1824, #2659, #2757 ) ;
#3559 = CYLINDRICAL_SURFACE ( 'NONE', #979, 0.02499999999999995600 ) ;
#3560 = CARTESIAN_POINT ( 'NONE',  ( 0.6933333333333332500, 0.4396446609406727800, -0.8270591633536378300 ) ) ;
#3561 = CARTESIAN_POINT ( 'NONE',  ( 0.5772894254867995100, 0.0000000000000000000, 0.9249999999999998200 ) ) ;
#3562 = CIRCLE ( 'NONE', #3606, 0.05000000000000002400 ) ;
#3563 = LINE ( 'NONE', #3777, #2752 ) ;
#3564 = VERTEX_POINT ( 'NONE', #3041 ) ;
#3565 = CARTESIAN_POINT ( 'NONE',  ( -0.8000000000000004900, 0.4000000000000001900, 0.8399999999999998600 ) ) ;
#3566 = CIRCLE ( 'NONE', #2738, 0.02499999999999995600 ) ;
#3567 = ADVANCED_FACE ( 'NONE', ( #1324 ), #1219, .F. ) ;
#3568 = LINE ( 'NONE', #1108, #2761 ) ;
#3569 = PLANE ( 'NONE',  #3627 ) ;
#3570 = VERTEX_POINT ( 'NONE', #3934 ) ;
#3571 = DIRECTION ( 'NONE',  ( 0.0000000000000000000, 0.0000000000000000000, 1.000000000000000000 ) ) ;
#3572 = CARTESIAN_POINT ( 'NONE',  ( -0.5333333333333337700, 0.4250000000000000400, 0.8933333333333336500 ) ) ;
#3573 = EDGE_LOOP ( 'NONE', ( #2848, #1713, #2973, #876, #1135, #3132, #1833, #472, #1558, #1129, #3556, #3276, #3475, #3730, #2632, #3307, #2471, #384, #1288, #3989, #3981, #2138, #3432, #3039, #1157, #433, #3221, #409, #1490 ) ) ;
#3574 = ORIENTED_EDGE ( 'NONE', *, *, #742, .T. ) ;
#3575 = ORIENTED_EDGE ( 'NONE', *, *, #2644, .F. ) ;
#3576 = EDGE_CURVE ( 'NONE', #1716, #1828, #2064, .T. ) ;
#3577 = ORIENTED_EDGE ( 'NONE', *, *, #581, .F. ) ;
#3578 = CARTESIAN_POINT ( 'NONE',  ( 0.8000000000000004900, 0.0000000000000000000, -0.9999999999999997800 ) ) ;
#3579 = CARTESIAN_POINT ( 'NONE',  ( 0.7183333333333328200, 0.4000000000000000200, 0.7333333333333335000 ) ) ;
#3580 = CARTESIAN_POINT ( 'NONE',  ( -0.7249999999999999800, 1.086707392548410500, -0.7772894254867989100 ) ) ;
#3581 = CARTESIAN_POINT ( 'NONE',  ( 0.7249999999999999800, 0.1999999999999999800, -0.7772894254867989100 ) ) ;
#3582 = DIRECTION ( 'NONE',  ( 0.0000000000000000000, 1.000000000000000000, -0.0000000000000000000 ) ) ;
#3583 = EDGE_LOOP ( 'NONE', ( #2762, #3348, #2707, #2458 ) ) ;
#3584 = LINE ( 'NONE', #3593, #2883 ) ;
#3585 = DIRECTION ( 'NONE',  ( -1.000000000000000000, -0.0000000000000000000, -0.0000000000000000000 ) ) ;
#3586 = ADVANCED_FACE ( 'NONE', ( #2909 ), #829, .F. ) ;
#3587 = VECTOR ( 'NONE', #2108, 1000.000000000000000 ) ;
#3588 = VECTOR ( 'NONE', #849, 1000.000000000000000 ) ;
#3589 = ORIENTED_EDGE ( 'NONE', *, *, #2118, .T. ) ;
#3590 = CARTESIAN_POINT ( 'NONE',  ( -0.8000000000000004900, 0.4000000000000001900, -0.9999999999999997800 ) ) ;
#3591 = ORIENTED_EDGE ( 'NONE', *, *, #1808, .T. ) ;
#3592 = VERTEX_POINT ( 'NONE', #3651 ) ;
#3593 = CARTESIAN_POINT ( 'NONE',  ( -0.8000000000000004900, 0.2000000000000000900, 1.000000000000000200 ) ) ;
#3594 = DIRECTION ( 'NONE',  ( 0.0000000000000000000, 0.0000000000000000000, -1.000000000000000000 ) ) ;
#3595 = EDGE_CURVE ( 'NONE', #3325, #2022, #370, .T. ) ;
#3596 = DIRECTION ( 'NONE',  ( 0.0000000000000000000, 1.000000000000000000, 0.0000000000000000000 ) ) ;
#3597 = ORIENTED_EDGE ( 'NONE', *, *, #3669, .F. ) ;
#3598 = EDGE_CURVE ( 'NONE', #3660, #3903, #3908, .T. ) ;
#3599 = DIRECTION ( 'NONE',  ( 0.0000000000000000000, 0.0000000000000000000, -1.000000000000000000 ) ) ;
#3600 = CARTESIAN_POINT ( 'NONE',  ( 0.6683333333333331100, 0.4500000000000000700, 0.7333333333333335000 ) ) ;
#3601 = ADVANCED_FACE ( 'NONE', ( #3518 ), #2698, .F. ) ;
#3602 = CIRCLE ( 'NONE', #1451, 0.2350000000000001800 ) ;
#3603 = DIRECTION ( 'NONE',  ( 0.0000000000000000000, 1.000000000000000000, 0.0000000000000000000 ) ) ;
#3604 = LINE ( 'NONE', #1009, #1960 ) ;
#3605 = PLANE ( 'NONE',  #2575 ) ;
#3606 = AXIS2_PLACEMENT_3D ( 'NONE', #1747, #3886, #2053 ) ;
#3607 = STYLED_ITEM ( 'NONE', ( #669 ), #1258 ) ;
#3608 = DIRECTION ( 'NONE',  ( 0.0000000000000000000, 0.0000000000000000000, -1.000000000000000000 ) ) ;
#3609 = CARTESIAN_POINT ( 'NONE',  ( -0.7249999999999999800, 0.0000000000000000000, -0.7772894254867989100 ) ) ;
#3610 = COLOUR_RGB ( '',0.2509803921568627400, 0.2509803921568627400, 0.2509803921568627400 ) ;
#3611 = VERTEX_POINT ( 'NONE', #3741 ) ;
#3612 = ORIENTED_EDGE ( 'NONE', *, *, #3688, .T. ) ;
#3613 = ORIENTED_EDGE ( 'NONE', *, *, #3092, .T. ) ;
#3614 = CARTESIAN_POINT ( 'NONE',  ( -2.647824993116940900E-016, 0.4249999999999999900, -0.8683333333333330700 ) ) ;
#3615 = EDGE_CURVE ( 'NONE', #3543, #1177, #1118, .T. ) ;
#3616 = ORIENTED_EDGE ( 'NONE', *, *, #2540, .T. ) ;
#3617 = PLANE ( 'NONE',  #2687 ) ;
#3618 = CARTESIAN_POINT ( 'NONE',  ( 0.5958172200135363200, 0.4813603896932107700, -0.8399999999999996400 ) ) ;
#3619 = ORIENTED_EDGE ( 'NONE', *, *, #2520, .F. ) ;
#3620 = FILL_AREA_STYLE_COLOUR ( '', #2426 ) ;
#3621 = ORIENTED_EDGE ( 'NONE', *, *, #2820, .T. ) ;
#3622 = ADVANCED_FACE ( 'NONE', ( #2808 ), #168, .F. ) ;
#3623 = EDGE_CURVE ( 'NONE', #144, #3457, #1006, .T. ) ;
#3624 = ORIENTED_EDGE ( 'NONE', *, *, #1414, .T. ) ;
#3625 = DIRECTION ( 'NONE',  ( 1.000000000000000000, -0.0000000000000000000, -0.0000000000000000000 ) ) ;
#3626 = ORIENTED_EDGE ( 'NONE', *, *, #2999, .F. ) ;
#3627 = AXIS2_PLACEMENT_3D ( 'NONE', #1315, #991, #607 ) ;
#3628 = CARTESIAN_POINT ( 'NONE',  ( -0.7249999999999999800, 0.0000000000000000000, -0.7772894254867989100 ) ) ;
#3629 = CIRCLE ( 'NONE', #1212, 0.2350000000000001800 ) ;
#3630 = ORIENTED_EDGE ( 'NONE', *, *, #2116, .F. ) ;
#3631 = CIRCLE ( 'NONE', #3036, 0.02499999999999995600 ) ;
#3632 =( NAMED_UNIT ( * ) PLANE_ANGLE_UNIT ( ) SI_UNIT ( $, .RADIAN. ) );
#3633 = VECTOR ( 'NONE', #1604, 1000.000000000000000 ) ;
#3634 = ORIENTED_EDGE ( 'NONE', *, *, #3257, .T. ) ;
#3635 = SURFACE_STYLE_USAGE ( .BOTH. , #1473 ) ;
#3636 = ORIENTED_EDGE ( 'NONE', *, *, #634, .F. ) ;
#3637 = DIRECTION ( 'NONE',  ( 0.0000000000000000000, -1.000000000000000000, 0.0000000000000000000 ) ) ;
#3638 = ADVANCED_FACE ( 'NONE', ( #1867 ), #3217, .T. ) ;
#3639 = ORIENTED_EDGE ( 'NONE', *, *, #571, .T. ) ;
#3640 = DIRECTION ( 'NONE',  ( 0.0000000000000000000, -1.000000000000000000, -0.0000000000000000000 ) ) ;
#3641 = CARTESIAN_POINT ( 'NONE',  ( -0.5333333333333339900, 0.4500000000000000700, -0.8683333333333327400 ) ) ;
#3642 = ORIENTED_EDGE ( 'NONE', *, *, #571, .F. ) ;
#3643 = EDGE_CURVE ( 'NONE', #2510, #3105, #3426, .T. ) ;
#3644 = EDGE_CURVE ( 'NONE', #3486, #786, #2600, .T. ) ;
#3645 = CIRCLE ( 'NONE', #1695, 0.2350000000000001800 ) ;
#3646 = DIRECTION ( 'NONE',  ( 0.0000000000000000000, 1.000000000000000000, -0.0000000000000000000 ) ) ;
#3647 = FACE_OUTER_BOUND ( 'NONE', #3342, .T. ) ;
#3648 = AXIS2_PLACEMENT_3D ( 'NONE', #287, #3459, #913 ) ;
#3649 = LINE ( 'NONE', #3861, #1474 ) ;
#3650 = CARTESIAN_POINT ( 'NONE',  ( -0.6933333333333339100, 0.4250000000000001000, 0.8270591633536383800 ) ) ;
#3651 = CARTESIAN_POINT ( 'NONE',  ( -0.8000000000000001600, 0.0000000000000000000, 0.8399999999999997500 ) ) ;
#3652 = LINE ( 'NONE', #3202, #1912 ) ;
#3653 = LINE ( 'NONE', #658, #429 ) ;
#3654 = CARTESIAN_POINT ( 'NONE',  ( 0.0000000000000000000, 0.0000000000000000000, -0.9249999999999999300 ) ) ;
#3655 = AXIS2_PLACEMENT_3D ( 'NONE', #3684, #3719, #3822 ) ;
#3656 = CARTESIAN_POINT ( 'NONE',  ( -0.6024323591003074600, 0.4500000000000001200, -0.8549053591642721300 ) ) ;
#3657 = DIRECTION ( 'NONE',  ( 0.0000000000000000000, -0.0000000000000000000, 1.000000000000000000 ) ) ;
#3658 = ORIENTED_EDGE ( 'NONE', *, *, #2379, .T. ) ;
#3659 = ORIENTED_EDGE ( 'NONE', *, *, #940, .F. ) ;
#3660 = VERTEX_POINT ( 'NONE', #353 ) ;
#3661 = EDGE_LOOP ( 'NONE', ( #3621, #326, #348, #2813 ) ) ;
#3662 = ORIENTED_EDGE ( 'NONE', *, *, #2166, .F. ) ;
#3663 = CARTESIAN_POINT ( 'NONE',  ( -0.5772894254867994000, 0.0000000000000000000, -0.9249999999999999300 ) ) ;
#3664 = ORIENTED_EDGE ( 'NONE', *, *, #2680, .T. ) ;
#3665 = VERTEX_POINT ( 'NONE', #1627 ) ;
#3666 = EDGE_CURVE ( 'NONE', #2380, #2614, #2503, .T. ) ;
#3667 = DIRECTION ( 'NONE',  ( 0.0000000000000000000, -1.000000000000000000, 0.0000000000000000000 ) ) ;
#3668 = EDGE_LOOP ( 'NONE', ( #3274, #3351, #1504, #180 ) ) ;
#3669 = EDGE_CURVE ( 'NONE', #3762, #1138, #1773, .T. ) ;
#3670 = VECTOR ( 'NONE', #3291, 1000.000000000000000 ) ;
#3671 = CIRCLE ( 'NONE', #1777, 0.02499999999999995600 ) ;
#3672 = EDGE_LOOP ( 'NONE', ( #2358, #1835, #1412, #779 ) ) ;
#3673 = FILL_AREA_STYLE_COLOUR ( '', #262 ) ;
#3674 = PLANE ( 'NONE',  #3648 ) ;
#3675 = LINE ( 'NONE', #211, #3587 ) ;
#3676 = CIRCLE ( 'NONE', #646, 0.2350000000000001800 ) ;
#3677 = VERTEX_POINT ( 'NONE', #3501 ) ;
#3678 = AXIS2_PLACEMENT_3D ( 'NONE', #2415, #1264, #3451 ) ;
#3679 = ORIENTED_EDGE ( 'NONE', *, *, #581, .T. ) ;
#3680 = DIRECTION ( 'NONE',  ( 0.0000000000000000000, 0.0000000000000000000, -1.000000000000000000 ) ) ;
#3681 = CARTESIAN_POINT ( 'NONE',  ( -0.6683333333333341100, 0.4500000000000001200, -0.7708603332693668700 ) ) ;
#3682 = ORIENTED_EDGE ( 'NONE', *, *, #859, .T. ) ;
#3683 = CARTESIAN_POINT ( 'NONE',  ( 0.6417038242943103900, 0.4000000000000000800, -0.9183333333333332200 ) ) ;
#3684 = CARTESIAN_POINT ( 'NONE',  ( 0.0000000000000000000, 0.4249999999999999900, 0.8683333333333338500 ) ) ;
#3685 = DIRECTION ( 'NONE',  ( -0.0000000000000000000, -1.000000000000000000, -0.0000000000000000000 ) ) ;
#3686 = ORIENTED_EDGE ( 'NONE', *, *, #4034, .F. ) ;
#3687 =( NAMED_UNIT ( * ) SI_UNIT ( $, .STERADIAN. ) SOLID_ANGLE_UNIT ( ) );
#3688 = EDGE_CURVE ( 'NONE', #2026, #3665, #910, .T. ) ;
#3689 = CARTESIAN_POINT ( 'NONE',  ( -0.8000000000000004900, 1.086707392548410500, 0.9999999999999997800 ) ) ;
#3690 = LINE ( 'NONE', #1285, #1765 ) ;
#3691 = EDGE_CURVE ( 'NONE', #2372, #2465, #811, .T. ) ;
#3692 = CARTESIAN_POINT ( 'NONE',  ( 0.5333333333333331000, 0.4250000000000000400, -0.8933333333333332000 ) ) ;
#3693 = CARTESIAN_POINT ( 'NONE',  ( 0.2250000000000000300, 1.086707392548410500, -0.3250000000000000700 ) ) ;
#3694 = VECTOR ( 'NONE', #1149, 1000.000000000000000 ) ;
#3695 = DIRECTION ( 'NONE',  ( 0.0000000000000000000, -1.000000000000000000, 0.0000000000000000000 ) ) ;
#3696 = AXIS2_PLACEMENT_3D ( 'NONE', #1739, #3879, #2044 ) ;
#3697 = AXIS2_PLACEMENT_3D ( 'NONE', #2332, #3266, #1085 ) ;
#3698 = CARTESIAN_POINT ( 'NONE',  ( -0.6933333333333336900, 0.4396446609406725600, 0.7333333333333336100 ) ) ;
#3699 = VECTOR ( 'NONE', #256, 1000.000000000000000 ) ;
#3700 = VERTEX_POINT ( 'NONE', #1646 ) ;
#3701 = DIRECTION ( 'NONE',  ( 1.000000000000000000, 0.0000000000000000000, -2.891205793294679400E-015 ) ) ;
#3702 = AXIS2_PLACEMENT_3D ( 'NONE', #720, #1035, #3244 ) ;
#3703 = ORIENTED_EDGE ( 'NONE', *, *, #2439, .T. ) ;
#3704 = ORIENTED_EDGE ( 'NONE', *, *, #397, .T. ) ;
#3705 = DIRECTION ( 'NONE',  ( -3.690901012716608100E-015, 0.0000000000000000000, -1.000000000000000000 ) ) ;
#3706 = ORIENTED_EDGE ( 'NONE', *, *, #3964, .T. ) ;
#3707 = ORIENTED_EDGE ( 'NONE', *, *, #3666, .F. ) ;
#3708 =( NAMED_UNIT ( * ) SI_UNIT ( $, .STERADIAN. ) SOLID_ANGLE_UNIT ( ) );
#3709 = EDGE_LOOP ( 'NONE', ( #1780, #3337, #2558, #3963 ) ) ;
#3710 = CARTESIAN_POINT ( 'NONE',  ( -0.6683333333333338900, 0.4500000000000000700, 0.7333333333333336100 ) ) ;
#3711 = PRODUCT_DEFINITION_CONTEXT ( 'detailed design', #2470, 'design' ) ;
#3712 = VERTEX_POINT ( 'NONE', #2900 ) ;
#3713 = SURFACE_SIDE_STYLE ('',( #1869 ) ) ;
#3714 = EDGE_CURVE ( 'NONE', #3724, #2134, #1571, .T. ) ;
#3715 = CARTESIAN_POINT ( 'NONE',  ( -0.6400000000000004600, 0.4550000000000001300, -0.7333333333333328400 ) ) ;
#3716 = SURFACE_STYLE_FILL_AREA ( #18 ) ;
#3717 = CARTESIAN_POINT ( 'NONE',  ( 0.7249999999999999800, 0.0000000000000000000, 0.7772894254867989100 ) ) ;
#3718 = VECTOR ( 'NONE', #2005, 1000.000000000000000 ) ;
#3719 = DIRECTION ( 'NONE',  ( -1.000000000000000000, 0.0000000000000000000, 0.0000000000000000000 ) ) ;
#3720 = EDGE_CURVE ( 'NONE', #2516, #608, #3237, .T. ) ;
#3721 = CARTESIAN_POINT ( 'NONE',  ( 0.5333333333333328800, 0.4250000000000000400, 0.9183333333333336700 ) ) ;
#3722 = LINE ( 'NONE', #3546, #1249 ) ;
#3723 = LINE ( 'NONE', #1526, #406 ) ;
#3724 = VERTEX_POINT ( 'NONE', #3210 ) ;
#3725 = CARTESIAN_POINT ( 'NONE',  ( 0.8000000000000004900, 0.0000000000000000000, -0.9999999999999997800 ) ) ;
#3726 = MECHANICAL_DESIGN_GEOMETRIC_PRESENTATION_REPRESENTATION (  '', ( #3343 ), #3926 ) ;
#3727 = AXIS2_PLACEMENT_3D ( 'NONE', #59, #72, #237 ) ;
#3728 = CARTESIAN_POINT ( 'NONE',  ( -0.6400000000000002400, 0.4000000000000001900, -1.000000000000000200 ) ) ;
#3729 = CARTESIAN_POINT ( 'NONE',  ( -0.7036886723926610900, 0.4000000000000000800, 0.8331251805316203200 ) ) ;
#3730 = ORIENTED_EDGE ( 'NONE', *, *, #1545, .T. ) ;
#3731 = CARTESIAN_POINT ( 'NONE',  ( -0.6270591633536386500, 0.4103553390593274700, -0.8933333333333327600 ) ) ;
#3732 = VERTEX_POINT ( 'NONE', #383 ) ;
#3733 = PLANE ( 'NONE',  #3484 ) ;
#3734 = LINE ( 'NONE', #2833, #2953 ) ;
#3735 = ORIENTED_EDGE ( 'NONE', *, *, #1087, .T. ) ;
#3736 = CARTESIAN_POINT ( 'NONE',  ( -0.7249999999999999800, 0.0000000000000000000, 0.3250000000000000700 ) ) ;
#3737 = VECTOR ( 'NONE', #1328, 1000.000000000000000 ) ;
#3738 = EDGE_CURVE ( 'NONE', #3660, #2094, #2293, .T. ) ;
#3739 = FACE_OUTER_BOUND ( 'NONE', #1357, .T. ) ;
#3740 = LINE ( 'NONE', #2011, #3336 ) ;
#3741 = CARTESIAN_POINT ( 'NONE',  ( 0.2250000000000000600, 0.1999999999999999800, -0.3250000000000000700 ) ) ;
#3742 = FACE_OUTER_BOUND ( 'NONE', #1478, .T. ) ;
#3743 = CARTESIAN_POINT ( 'NONE',  ( 0.6400000000000003500, 1.086707392548410500, -1.000000000000000200 ) ) ;
#3744 = EDGE_CURVE ( 'NONE', #3570, #3457, #722, .T. ) ;
#3745 = DIRECTION ( 'NONE',  ( -0.0000000000000000000, -1.000000000000000000, -0.0000000000000000000 ) ) ;
#3746 = CARTESIAN_POINT ( 'NONE',  ( 0.5772894254867994000, 1.086707392548410500, -0.9249999999999999300 ) ) ;
#3747 = VECTOR ( 'NONE', #2223, 1000.000000000000000 ) ;
#3748 = CARTESIAN_POINT ( 'NONE',  ( -0.4950000000000004400, 0.5000000000000000000, -0.6949999999999994000 ) ) ;
#3749 = ORIENTED_EDGE ( 'NONE', *, *, #155, .F. ) ;
#3750 = AXIS2_PLACEMENT_3D ( 'NONE', #3112, #3096, #3083 ) ;
#3751 = ORIENTED_EDGE ( 'NONE', *, *, #3544, .F. ) ;
#3752 = VERTEX_POINT ( 'NONE', #1349 ) ;
#3753 = ORIENTED_EDGE ( 'NONE', *, *, #255, .T. ) ;
#3754 = ORIENTED_EDGE ( 'NONE', *, *, #3126, .F. ) ;
#3755 = ORIENTED_EDGE ( 'NONE', *, *, #1442, .T. ) ;
#3756 = CARTESIAN_POINT ( 'NONE',  ( 0.8000000000000004900, 0.0000000000000000000, 0.9999999999999997800 ) ) ;
#3757 = DIRECTION ( 'NONE',  ( 0.0000000000000000000, 0.0000000000000000000, 1.000000000000000000 ) ) ;
#3758 = DIRECTION ( 'NONE',  ( -0.0000000000000000000, -1.000000000000000000, -0.0000000000000000000 ) ) ;
#3759 = EDGE_LOOP ( 'NONE', ( #1744, #3198, #2204, #1500 ) ) ;
#3760 = VECTOR ( 'NONE', #2959, 1000.000000000000000 ) ;
#3761 = FACE_OUTER_BOUND ( 'NONE', #3947, .T. ) ;
#3762 = VERTEX_POINT ( 'NONE', #2927 ) ;
#3763 = CARTESIAN_POINT ( 'NONE',  ( 0.2250000000000000300, 0.0000000000000000000, 0.0000000000000000000 ) ) ;
#3764 = EDGE_CURVE ( 'NONE', #3960, #2364, #616, .T. ) ;
#3765 = CARTESIAN_POINT ( 'NONE',  ( -0.6400000000000002400, 0.4813603896932108200, 0.7958172200135369400 ) ) ;
#3766 = VECTOR ( 'NONE', #21, 1000.000000000000000 ) ;
#3767 = ORIENTED_EDGE ( 'NONE', *, *, #2210, .F. ) ;
#3768 = DIRECTION ( 'NONE',  ( -1.000000000000000000, 0.0000000000000000000, 0.0000000000000000000 ) ) ;
#3769 = DIRECTION ( 'NONE',  ( 0.0000000000000000000, 0.0000000000000000000, 1.000000000000000000 ) ) ;
#3770 = AXIS2_PLACEMENT_3D ( 'NONE', #324, #2543, #651 ) ;
#3771 = AXIS2_PLACEMENT_3D ( 'NONE', #149, #620, #600 ) ;
#3772 = VERTEX_POINT ( 'NONE', #1366 ) ;
#3773 = ADVANCED_FACE ( 'NONE', ( #3044 ), #68, .F. ) ;
#3774 = EDGE_LOOP ( 'NONE', ( #2945, #3980, #2589, #3006 ) ) ;
#3775 = DIRECTION ( 'NONE',  ( 1.000000000000000000, -0.0000000000000000000, 0.0000000000000000000 ) ) ;
#3776 = DIRECTION ( 'NONE',  ( -0.0000000000000000000, -1.000000000000000000, -0.0000000000000000000 ) ) ;
#3777 = CARTESIAN_POINT ( 'NONE',  ( -0.2250000000000000300, 1.086707392548410500, 0.5250000000000015800 ) ) ;
#3778 = COLOUR_RGB ( '',1.000000000000000000, 0.8117647058823529400, 0.5019607843137254800 ) ;
#3779 = DIRECTION ( 'NONE',  ( 0.0000000000000000000, 1.000000000000000000, 0.0000000000000000000 ) ) ;
#3780 =( BOUNDED_SURFACE ( )  B_SPLINE_SURFACE ( 3, 3, ( 
 ( #1524, #2774, #3683, #1838 ),
 ( #3976, #2143, #247, #2464 ),
 ( #559, #2789, #880, #3099 ),
 ( #1214, #3406, #1541, #3692 ) ),
 .UNSPECIFIED., .F., .F., .F. ) 
 B_SPLINE_SURFACE_WITH_KNOTS ( ( 4, 4 ),
 ( 4, 4 ),
 ( 0.0000000000000000000, 1.000000000000000000 ),
 ( 0.0000000000000000000, 1.000000000000000000 ),
 .UNSPECIFIED. ) 
 GEOMETRIC_REPRESENTATION_ITEM ( )  RATIONAL_B_SPLINE_SURFACE ( (
 ( 1.000000000000000000, 0.8047378541243649400, 0.8047378541243649400, 1.000000000000000000),
 ( 0.8047378541243640500, 0.6476030138606869700, 0.6476030138606869700, 0.8047378541243640500),
 ( 0.8047378541243640500, 0.6476030138606869700, 0.6476030138606869700, 0.8047378541243640500),
 ( 1.000000000000000000, 0.8047378541243649400, 0.8047378541243649400, 1.000000000000000000) ) ) 
 REPRESENTATION_ITEM ( '' )  SURFACE ( )  );
#3781 = LINE ( 'NONE', #63, #2998 ) ;
#3782 = LINE ( 'NONE', #2039, #3694 ) ;
#3783 = EDGE_CURVE ( 'NONE', #864, #1850, #2191, .T. ) ;
#3784 = COLOUR_RGB ( '',1.000000000000000000, 0.8117647058823529400, 0.5019607843137254800 ) ;
#3785 = CARTESIAN_POINT ( 'NONE',  ( 0.2250000000000000300, 0.1999999999999999800, 0.0000000000000000000 ) ) ;
#3786 = CARTESIAN_POINT ( 'NONE',  ( 0.8000000000000004900, 0.1999999999999999800, -0.9999999999999997800 ) ) ;
#3787 = CIRCLE ( 'NONE', #2606, 0.2350000000000000700 ) ;
#3788 = VERTEX_POINT ( 'NONE', #2297 ) ;
#3789 = EDGE_LOOP ( 'NONE', ( #4004, #3749 ) ) ;
#3790 = ADVANCED_FACE ( 'NONE', ( #512 ), #2955, .T. ) ;
#3791 = VERTEX_POINT ( 'NONE', #3553 ) ;
#3792 = EDGE_CURVE ( 'NONE', #2030, #2642, #3740, .T. ) ;
#3793 = DIRECTION ( 'NONE',  ( 0.0000000000000000000, 1.000000000000000000, 0.0000000000000000000 ) ) ;
#3794 = CARTESIAN_POINT ( 'NONE',  ( -1.616138863361203600E-016, 0.5000000000000000000, -0.7949999999999994800 ) ) ;
#3795 = ORIENTED_EDGE ( 'NONE', *, *, #2270, .F. ) ;
#3796 = ORIENTED_EDGE ( 'NONE', *, *, #1022, .F. ) ;
#3797 = CARTESIAN_POINT ( 'NONE',  ( 0.5650000000000003900, 0.1999999999999999800, -0.9999999999999997800 ) ) ;
#3798 = AXIS2_PLACEMENT_3D ( 'NONE', #2980, #127, #2340 ) ;
#3799 = PRESENTATION_LAYER_ASSIGNMENT (  '', '', ( #3607 ) ) ;
#3800 = EDGE_LOOP ( 'NONE', ( #4029, #541, #2101, #2417 ) ) ;
#3801 = ORIENTED_EDGE ( 'NONE', *, *, #807, .F. ) ;
#3802 = CARTESIAN_POINT ( 'NONE',  ( -0.7249999999999999800, 1.086707392548410500, -0.3250000000000000700 ) ) ;
#3803 = VERTEX_POINT ( 'NONE', #3241 ) ;
#3804 = DIRECTION ( 'NONE',  ( -0.0000000000000000000, -1.000000000000000000, -0.0000000000000000000 ) ) ;
#3805 = ORIENTED_EDGE ( 'NONE', *, *, #3145, .F. ) ;
#3806 = CARTESIAN_POINT ( 'NONE',  ( -0.8000000000000004900, 1.086707392548410500, -0.9999999999999997800 ) ) ;
#3807 = CARTESIAN_POINT ( 'NONE',  ( -0.6400000000000002400, 0.4550000000000001300, 0.7333333333333338400 ) ) ;
#3808 = DIRECTION ( 'NONE',  ( 1.000000000000000000, 0.0000000000000000000, -2.032879073410319800E-016 ) ) ;
#3809 = CIRCLE ( 'NONE', #1422, 0.1600000000000000900 ) ;
#3810 = EDGE_CURVE ( 'NONE', #2536, #3762, #1378, .T. ) ;
#3811 = FACE_OUTER_BOUND ( 'NONE', #580, .T. ) ;
#3812 = ADVANCED_FACE ( 'NONE', ( #424 ), #2638, .F. ) ;
#3813 = DIRECTION ( 'NONE',  ( 0.0000000000000000000, 0.0000000000000000000, -1.000000000000000000 ) ) ;
#3814 = LINE ( 'NONE', #3339, #1353 ) ;
#3815 = LINE ( 'NONE', #949, #493 ) ;
#3816 = CARTESIAN_POINT ( 'NONE',  ( -0.8000000000000004900, 0.1999999999999999800, 0.0000000000000000000 ) ) ;
#3817 = EDGE_LOOP ( 'NONE', ( #1195, #134 ) ) ;
#3818 = EDGE_CURVE ( 'NONE', #3549, #3732, #3649, .T. ) ;
#3819 = DIRECTION ( 'NONE',  ( 1.000000000000000000, 0.0000000000000000000, 0.0000000000000000000 ) ) ;
#3820 = DIRECTION ( 'NONE',  ( -1.000000000000000000, -0.0000000000000000000, -0.0000000000000000000 ) ) ;
#3821 = DIRECTION ( 'NONE',  ( 0.0000000000000000000, 0.0000000000000000000, 1.000000000000000000 ) ) ;
#3822 = DIRECTION ( 'NONE',  ( 0.0000000000000000000, 0.0000000000000000000, 1.000000000000000000 ) ) ;
#3823 = DIRECTION ( 'NONE',  ( -1.000000000000000000, -0.0000000000000000000, 0.0000000000000000000 ) ) ;
#3824 = STYLED_ITEM ( 'NONE', ( #2705 ), #3277 ) ;
#3825 = ORIENTED_EDGE ( 'NONE', *, *, #2949, .F. ) ;
#3826 = DIRECTION ( 'NONE',  ( 0.0000000000000000000, 1.000000000000000000, 0.0000000000000000000 ) ) ;
#3827 = VERTEX_POINT ( 'NONE', #1720 ) ;
#3828 = ORIENTED_EDGE ( 'NONE', *, *, #171, .T. ) ;
#3829 = VECTOR ( 'NONE', #1991, 1000.000000000000000 ) ;
#3830 = CARTESIAN_POINT ( 'NONE',  ( 0.5694568303203252400, 0.5000000000000001100, 0.7949999999999999300 ) ) ;
#3831 = DIRECTION ( 'NONE',  ( 1.000000000000000000, 0.0000000000000000000, -2.032879073410319800E-016 ) ) ;
#3832 = LINE ( 'NONE', #1060, #3042 ) ;
#3833 = VECTOR ( 'NONE', #162, 1000.000000000000000 ) ;
#3834 = CARTESIAN_POINT ( 'NONE',  ( 0.7999999999999997100, 0.2000000000000000900, 1.000000000000000200 ) ) ;
#3835 = ADVANCED_FACE ( 'NONE', ( #2857 ), #2970, .F. ) ;
#3836 = VECTOR ( 'NONE', #1034, 1000.000000000000000 ) ;
#3837 = VECTOR ( 'NONE', #3880, 1000.000000000000000 ) ;
#3838 = CARTESIAN_POINT ( 'NONE',  ( 0.7183333333333329400, 0.4250000000000000400, 0.7333333333333336100 ) ) ;
#3839 = LINE ( 'NONE', #3763, #3747 ) ;
#3840 = PLANE ( 'NONE',  #1428 ) ;
#3841 = CARTESIAN_POINT ( 'NONE',  ( 0.6683333333333331100, 0.4500000000000000700, -0.7333333333333330600 ) ) ;
#3842 = CARTESIAN_POINT ( 'NONE',  ( -0.5333333333333341000, 0.4550000000000001300, -0.8399999999999993000 ) ) ;
#3843 = EDGE_CURVE ( 'NONE', #3960, #2075, #2015, .T. ) ;
#3844 = ORIENTED_EDGE ( 'NONE', *, *, #2680, .F. ) ;
#3845 = ORIENTED_EDGE ( 'NONE', *, *, #2238, .F. ) ;
#3846 = ORIENTED_EDGE ( 'NONE', *, *, #3500, .F. ) ;
#3847 = CARTESIAN_POINT ( 'NONE',  ( 0.7999999999999997100, 0.1999999999999999800, -0.8399999999999997500 ) ) ;
#3848 = DIRECTION ( 'NONE',  ( -0.0000000000000000000, 1.000000000000000000, -0.0000000000000000000 ) ) ;
#3849 = ORIENTED_EDGE ( 'NONE', *, *, #1661, .T. ) ;
#3850 = CARTESIAN_POINT ( 'NONE',  ( 0.6399999999999994600, 0.4813603896932106600, 0.7958172200135365000 ) ) ;
#3851 = DIRECTION ( 'NONE',  ( -5.997714145664493300E-015, 0.0000000000000000000, -1.000000000000000000 ) ) ;
#3852 = ORIENTED_EDGE ( 'NONE', *, *, #3919, .T. ) ;
#3853 = DIRECTION ( 'NONE',  ( -0.0000000000000000000, -1.000000000000000000, -0.0000000000000000000 ) ) ;
#3854 = CARTESIAN_POINT ( 'NONE',  ( 0.5333333333333328800, 0.4396446609406726700, -0.8933333333333334200 ) ) ;
#3855 = VERTEX_POINT ( 'NONE', #1080 ) ;
#3856 = AXIS2_PLACEMENT_3D ( 'NONE', #2131, #2436, #2720 ) ;
#3857 = ADVANCED_FACE ( 'NONE', ( #1169 ), #3287, .F. ) ;
#3858 = ORIENTED_EDGE ( 'NONE', *, *, #2708, .T. ) ;
#3859 = CARTESIAN_POINT ( 'NONE',  ( 0.0000000000000000000, 0.1999999999999999800, 0.9249999999999999300 ) ) ;
#3860 = LINE ( 'NONE', #3265, #2979 ) ;
#3861 = CARTESIAN_POINT ( 'NONE',  ( 0.8000000000000004900, 1.086707392548410500, 0.7649999999999995700 ) ) ;
#3862 = VECTOR ( 'NONE', #3863, 1000.000000000000000 ) ;
#3863 = DIRECTION ( 'NONE',  ( 0.0000000000000000000, 1.000000000000000000, -0.0000000000000000000 ) ) ;
#3864 = CARTESIAN_POINT ( 'NONE',  ( 0.2250000000000000300, 1.086707392548410500, 0.3250000000000000700 ) ) ;
#3865 = VECTOR ( 'NONE', #3808, 1000.000000000000000 ) ;
#3866 = ORIENTED_EDGE ( 'NONE', *, *, #1845, .T. ) ;
#3867 = EDGE_CURVE ( 'NONE', #1107, #1818, #1273, .T. ) ;
#3868 = CARTESIAN_POINT ( 'NONE',  ( 0.5333333333333328800, 0.4250000000000000400, 0.8683333333333337300 ) ) ;
#3869 = CARTESIAN_POINT ( 'NONE',  ( 0.5333333333333328800, 0.4500000000000000700, 0.8683333333333338500 ) ) ;
#3870 = ORIENTED_EDGE ( 'NONE', *, *, #2374, .T. ) ;
#3871 = CIRCLE ( 'NONE', #4040, 0.05000000000000002400 ) ;
#3872 = CARTESIAN_POINT ( 'NONE',  ( 0.8000000000000001600, 0.1999999999999999800, 0.7649999999999995700 ) ) ;
#3873 = EDGE_CURVE ( 'NONE', #3957, #1358, #3562, .T. ) ;
#3874 = DIRECTION ( 'NONE',  ( -9.227252531791520200E-016, 0.0000000000000000000, -1.000000000000000000 ) ) ;
#3875 = PLANE ( 'NONE',  #3927 ) ;
#3876 = CARTESIAN_POINT ( 'NONE',  ( 0.6331251805316200400, 0.4000000000000000800, 0.9036886723926609300 ) ) ;
#3877 = ADVANCED_FACE ( 'NONE', ( #312 ), #3468, .F. ) ;
#3878 = VERTEX_POINT ( 'NONE', #2354 ) ;
#3879 = DIRECTION ( 'NONE',  ( 0.0000000000000000000, 1.000000000000000000, 0.0000000000000000000 ) ) ;
#3880 = DIRECTION ( 'NONE',  ( 0.0000000000000000000, 1.000000000000000000, 0.0000000000000000000 ) ) ;
#3881 = AXIS2_PLACEMENT_3D ( 'NONE', #2206, #318, #2542 ) ;
#3882 = AXIS2_PLACEMENT_3D ( 'NONE', #3979, #251, #2468 ) ;
#3883 = LINE ( 'NONE', #1593, #2147 ) ;
#3884 = CARTESIAN_POINT ( 'NONE',  ( 0.6683333333333332200, 0.4500000000000000100, 0.7333333333333336100 ) ) ;
#3885 = SURFACE_STYLE_FILL_AREA ( #3352 ) ;
#3886 = DIRECTION ( 'NONE',  ( 0.0000000000000000000, 1.000000000000000000, 0.0000000000000000000 ) ) ;
#3887 = CYLINDRICAL_SURFACE ( 'NONE', #1820, 0.2350000000000001800 ) ;
#3888 = VECTOR ( 'NONE', #1196, 1000.000000000000000 ) ;
#3889 = LINE ( 'NONE', #529, #567 ) ;
#3890 = ORIENTED_EDGE ( 'NONE', *, *, #2238, .T. ) ;
#3891 = EDGE_CURVE ( 'NONE', #236, #2160, #1067, .T. ) ;
#3892 = CARTESIAN_POINT ( 'NONE',  ( -0.4950000000000004400, 0.4800000000000000900, -0.7449999999999994400 ) ) ;
#3893 = EDGE_LOOP ( 'NONE', ( #2988, #183, #332, #1509 ) ) ;
#3894 = VERTEX_POINT ( 'NONE', #2684 ) ;
#3895 = ADVANCED_FACE ( 'NONE', ( #223 ), #3000, .F. ) ;
#3896 = EDGE_CURVE ( 'NONE', #2134, #3082, #956, .T. ) ;
#3897 = ORIENTED_EDGE ( 'NONE', *, *, #3401, .F. ) ;
#3898 = ORIENTED_EDGE ( 'NONE', *, *, #1762, .T. ) ;
#3899 = DIRECTION ( 'NONE',  ( 1.478457507934779100E-016, 0.0000000000000000000, 1.000000000000000000 ) ) ;
#3900 = CARTESIAN_POINT ( 'NONE',  ( 0.6209931461756557100, 0.4499999999999999600, 0.8829779942740063600 ) ) ;
#3901 = AXIS2_PLACEMENT_3D ( 'NONE', #104, #431, #2641 ) ;
#3902 = DIRECTION ( 'NONE',  ( -3.049318610115486600E-016, 0.0000000000000000000, -1.000000000000000000 ) ) ;
#3903 = VERTEX_POINT ( 'NONE', #2694 ) ;
#3904 = DIRECTION ( 'NONE',  ( 0.0000000000000000000, 0.0000000000000000000, 1.000000000000000000 ) ) ;
#3905 = CARTESIAN_POINT ( 'NONE',  ( -0.8000000000000004900, 0.2000000000000000400, 0.8399999999999998600 ) ) ;
#3906 = VERTEX_POINT ( 'NONE', #792 ) ;
#3907 = VECTOR ( 'NONE', #1603, 1000.000000000000000 ) ;
#3908 =( BOUNDED_CURVE ( )  B_SPLINE_CURVE ( 3, ( #2427, #2737, #1805, #526 ),
 .UNSPECIFIED., .F., .F. ) 
 B_SPLINE_CURVE_WITH_KNOTS ( ( 4, 4 ),
 ( 0.0000000000000000000, 1.000000000000000000 ),
 .UNSPECIFIED. ) 
 CURVE ( )  GEOMETRIC_REPRESENTATION_ITEM ( )  RATIONAL_B_SPLINE_CURVE ( ( 1.000000000000000000, 0.8047378541243648300, 0.8047378541243648300, 1.000000000000000000 ) ) 
 REPRESENTATION_ITEM ( '' )  );
#3909 = CIRCLE ( 'NONE', #2771, 0.05000000000000002400 ) ;
#3910 = ORIENTED_EDGE ( 'NONE', *, *, #155, .T. ) ;
#3911 = DIRECTION ( 'NONE',  ( 1.000000000000000000, 0.0000000000000000000, -0.0000000000000000000 ) ) ;
#3912 = VECTOR ( 'NONE', #46, 1000.000000000000000 ) ;
#3913 = ADVANCED_FACE ( 'NONE', ( #114 ), #1731, .F. ) ;
#3914 = VERTEX_POINT ( 'NONE', #3323 ) ;
#3915 = CARTESIAN_POINT ( 'NONE',  ( -0.8000000000000004900, 0.4000000000000001900, -0.9183333333333333300 ) ) ;
#3916 = EDGE_CURVE ( 'NONE', #1802, #1742, #2548, .T. ) ;
#3917 = DIRECTION ( 'NONE',  ( 0.0000000000000000000, 1.000000000000000000, 0.0000000000000000000 ) ) ;
#3918 = VERTEX_POINT ( 'NONE', #1764 ) ;
#3919 = EDGE_CURVE ( 'NONE', #1716, #1026, #1908, .T. ) ;
#3920 = ORIENTED_EDGE ( 'NONE', *, *, #3257, .F. ) ;
#3921 = DIRECTION ( 'NONE',  ( -0.0000000000000000000, -1.000000000000000000, -0.0000000000000000000 ) ) ;
#3922 = VECTOR ( 'NONE', #3532, 1000.000000000000000 ) ;
#3923 = CARTESIAN_POINT ( 'NONE',  ( 0.0000000000000000000, 0.1999999999999999800, -0.3250000000000000700 ) ) ;
#3924 = LINE ( 'NONE', #123, #3737 ) ;
#3925 = VECTOR ( 'NONE', #932, 1000.000000000000000 ) ;
#3926 =( GEOMETRIC_REPRESENTATION_CONTEXT ( 3 ) GLOBAL_UNCERTAINTY_ASSIGNED_CONTEXT ( ( #275 ) ) GLOBAL_UNIT_ASSIGNED_CONTEXT ( ( #3399, #1530, #3687 ) ) REPRESENTATION_CONTEXT ( 'NONE', 'WORKASPACE' ) );
#3927 = AXIS2_PLACEMENT_3D ( 'NONE', #1160, #1829, #2251 ) ;
#3928 = VECTOR ( 'NONE', #996, 1000.000000000000000 ) ;
#3929 = FACE_OUTER_BOUND ( 'NONE', #2219, .T. ) ;
#3930 = ADVANCED_FACE ( 'NONE', ( #12 ), #762, .F. ) ;
#3931 = VECTOR ( 'NONE', #305, 1000.000000000000000 ) ;
#3932 =( NAMED_UNIT ( * ) PLANE_ANGLE_UNIT ( ) SI_UNIT ( $, .RADIAN. ) );
#3933 = CARTESIAN_POINT ( 'NONE',  ( 0.6933333333333330200, 0.4250000000000000400, 0.7333333333333336100 ) ) ;
#3934 = CARTESIAN_POINT ( 'NONE',  ( 0.6399999999999993500, 0.4550000000000001300, 0.7333333333333336100 ) ) ;
#3935 = VERTEX_POINT ( 'NONE', #1137 ) ;
#3936 = ORIENTED_EDGE ( 'NONE', *, *, #1572, .F. ) ;
#3937 = EDGE_CURVE ( 'NONE', #1630, #1458, #3380, .T. ) ;
#3938 = ORIENTED_EDGE ( 'NONE', *, *, #2439, .F. ) ;
#3939 = ORIENTED_EDGE ( 'NONE', *, *, #2463, .T. ) ;
#3940 = ORIENTED_EDGE ( 'NONE', *, *, #2734, .T. ) ;
#3941 = CARTESIAN_POINT ( 'NONE',  ( 0.7999999999999997100, 2.961249694973139900, 0.7649999999999995700 ) ) ;
#3942 = ORIENTED_EDGE ( 'NONE', *, *, #662, .F. ) ;
#3943 = EDGE_CURVE ( 'NONE', #1919, #1418, #1620, .T. ) ;
#3944 = ORIENTED_EDGE ( 'NONE', *, *, #179, .T. ) ;
#3945 = CARTESIAN_POINT ( 'NONE',  ( -0.5333333333333337700, 0.4250000000000000400, 0.8933333333333335300 ) ) ;
#3946 = DIRECTION ( 'NONE',  ( 0.0000000000000000000, 1.000000000000000000, 0.0000000000000000000 ) ) ;
#3947 = EDGE_LOOP ( 'NONE', ( #2224, #3349, #882, #750 ) ) ;
#3948 = ADVANCED_FACE ( 'NONE', ( #3182 ), #668, .F. ) ;
#3949 = AXIS2_PLACEMENT_3D ( 'NONE', #1543, #3695, #1853 ) ;
#3950 = VECTOR ( 'NONE', #2929, 1000.000000000000000 ) ;
#3951 = DIRECTION ( 'NONE',  ( -1.000000000000000000, -0.0000000000000000000, -0.0000000000000000000 ) ) ;
#3952 = VECTOR ( 'NONE', #1014, 1000.000000000000000 ) ;
#3953 = DIRECTION ( 'NONE',  ( 0.0000000000000000000, -0.0000000000000000000, -1.000000000000000000 ) ) ;
#3954 = PRESENTATION_STYLE_ASSIGNMENT (( #3347 ) ) ;
#3955 = MANIFOLD_SOLID_BREP ( 'Boss-Extrude4[4]', #3205 ) ;
#3956 = FACE_OUTER_BOUND ( 'NONE', #3789, .T. ) ;
#3957 = VERTEX_POINT ( 'NONE', #511 ) ;
#3958 = CARTESIAN_POINT ( 'NONE',  ( 0.5949999999999994200, 0.5000000000000000000, 0.7333333333333336100 ) ) ;
#3959 = CARTESIAN_POINT ( 'NONE',  ( -0.4950000000000004400, 0.5000000000000000000, -0.6949999999999994000 ) ) ;
#3960 = VERTEX_POINT ( 'NONE', #2735 ) ;
#3961 = DIRECTION ( 'NONE',  ( -0.0000000000000000000, -1.000000000000000000, -0.0000000000000000000 ) ) ;
#3962 = FACE_OUTER_BOUND ( 'NONE', #568, .T. ) ;
#3963 = ORIENTED_EDGE ( 'NONE', *, *, #1167, .T. ) ;
#3964 = EDGE_CURVE ( 'NONE', #2977, #3855, #2344, .T. ) ;
#3965 = CARTESIAN_POINT ( 'NONE',  ( -0.8000000000000004900, 0.4000000000000001900, 0.8399999999999998600 ) ) ;
#3966 = CARTESIAN_POINT ( 'NONE',  ( 0.8000000000000004900, 0.0000000000000000000, 0.9999999999999997800 ) ) ;
#3967 = VECTOR ( 'NONE', #3953, 1000.000000000000000 ) ;
#3968 = AXIS2_PLACEMENT_3D ( 'NONE', #1111, #1250, #1126 ) ;
#3969 =( NAMED_UNIT ( * ) PLANE_ANGLE_UNIT ( ) SI_UNIT ( $, .RADIAN. ) );
#3970 = VECTOR ( 'NONE', #1443, 1000.000000000000000 ) ;
#3971 = VECTOR ( 'NONE', #1305, 1000.000000000000000 ) ;
#3972 = FACE_OUTER_BOUND ( 'NONE', #909, .T. ) ;
#3973 = VECTOR ( 'NONE', #2462, 1000.000000000000000 ) ;
#3974 = AXIS2_PLACEMENT_3D ( 'NONE', #76, #391, #410 ) ;
#3975 = CARTESIAN_POINT ( 'NONE',  ( 0.6399999999999994600, 2.612060605191053300, -0.7333333333333331700 ) ) ;
#3976 = CARTESIAN_POINT ( 'NONE',  ( 0.7036886723926604200, 0.3999999999999999100, -0.7333333333333328400 ) ) ;
#3977 = LINE ( 'NONE', #3923, #2351 ) ;
#3978 = ORIENTED_EDGE ( 'NONE', *, *, #258, .F. ) ;
#3979 = CARTESIAN_POINT ( 'NONE',  ( -0.5333333333333337700, 0.4250000000000000400, 0.9183333333333335600 ) ) ;
#3980 = ORIENTED_EDGE ( 'NONE', *, *, #1228, .F. ) ;
#3981 = ORIENTED_EDGE ( 'NONE', *, *, #1469, .T. ) ;
#3982 = DIRECTION ( 'NONE',  ( 0.0000000000000000000, 0.0000000000000000000, 1.000000000000000000 ) ) ;
#3983 = ORIENTED_EDGE ( 'NONE', *, *, #2145, .F. ) ;
#3984 = ORIENTED_EDGE ( 'NONE', *, *, #3280, .F. ) ;
#3985 = CARTESIAN_POINT ( 'NONE',  ( 0.2250000000000000300, 0.0000000000000000000, 0.3250000000000000700 ) ) ;
#3986 = EDGE_CURVE ( 'NONE', #276, #3894, #1815, .T. ) ;
#3987 = DIRECTION ( 'NONE',  ( 1.000000000000000000, 0.0000000000000000000, -5.782411586589366700E-015 ) ) ;
#3988 = MECHANICAL_DESIGN_GEOMETRIC_PRESENTATION_REPRESENTATION (  '', ( #1482 ), #154 ) ;
#3989 = ORIENTED_EDGE ( 'NONE', *, *, #2270, .T. ) ;
#3990 = EDGE_CURVE ( 'NONE', #2364, #293, #3602, .T. ) ;
#3991 = CARTESIAN_POINT ( 'NONE',  ( -0.6124145024129658000, 0.4500000000000000700, 0.8683333333333337300 ) ) ;
#3992 = VECTOR ( 'NONE', #3431, 1000.000000000000000 ) ;
#3993 = EDGE_CURVE ( 'NONE', #3935, #2689, #2800, .T. ) ;
#3994 = LINE ( 'NONE', #1071, #2268 ) ;
#3995 = AXIS2_PLACEMENT_3D ( 'NONE', #498, #2723, #818 ) ;
#3996 = MECHANICAL_DESIGN_GEOMETRIC_PRESENTATION_REPRESENTATION (  '', ( #3607 ), #160 ) ;
#3997 = CARTESIAN_POINT ( 'NONE',  ( 0.7999999999999997100, 0.0000000000000000000, 0.8399999999999998600 ) ) ;
#3998 = ORIENTED_EDGE ( 'NONE', *, *, #2994, .F. ) ;
#3999 = DIRECTION ( 'NONE',  ( 1.000000000000000000, 0.0000000000000000000, -0.0000000000000000000 ) ) ;
#4000 = DIRECTION ( 'NONE',  ( 0.0000000000000000000, -0.0000000000000000000, 1.000000000000000000 ) ) ;
#4001 = ORIENTED_EDGE ( 'NONE', *, *, #1759, .F. ) ;
#4002 = CARTESIAN_POINT ( 'NONE',  ( -0.6683333333333338900, 0.4500000000000000700, 0.8124145024129658700 ) ) ;
#4003 = EDGE_CURVE ( 'NONE', #1536, #133, #1522, .T. ) ;
#4004 = ORIENTED_EDGE ( 'NONE', *, *, #425, .F. ) ;
#4005 =( LENGTH_UNIT ( ) NAMED_UNIT ( * ) SI_UNIT ( .MILLI., .METRE. ) );
#4006 = VECTOR ( 'NONE', #3779, 1000.000000000000000 ) ;
#4007 = DIRECTION ( 'NONE',  ( -5.536351519074914500E-015, 0.0000000000000000000, -1.000000000000000000 ) ) ;
#4008 = EDGE_CURVE ( 'NONE', #2577, #450, #1115, .T. ) ;
#4009 = CARTESIAN_POINT ( 'NONE',  ( -0.6417038242943111600, 0.4000000000000000200, -0.9183333333333325600 ) ) ;
#4010 = PLANE ( 'NONE',  #2150 ) ;
#4011 = LINE ( 'NONE', #414, #1674 ) ;
#4012 = EDGE_LOOP ( 'NONE', ( #623, #3149, #516, #2142 ) ) ;
#4013 = VECTOR ( 'NONE', #1995, 1000.000000000000000 ) ;
#4014 = CARTESIAN_POINT ( 'NONE',  ( 0.0000000000000000000, 0.1999999999999999800, -0.9999999999999997800 ) ) ;
#4015 = CARTESIAN_POINT ( 'NONE',  ( -0.5333333333333337700, 0.4499999999999999000, 0.7333333333333336100 ) ) ;
#4016 = VECTOR ( 'NONE', #2253, 1000.000000000000000 ) ;
#4017 = DIRECTION ( 'NONE',  ( 0.0000000000000000000, 0.0000000000000000000, 1.000000000000000000 ) ) ;
#4018 = CIRCLE ( 'NONE', #3293, 0.2350000000000000700 ) ;
#4019 = AXIS2_PLACEMENT_3D ( 'NONE', #875, #1836, #3680 ) ;
#4020 = AXIS2_PLACEMENT_3D ( 'NONE', #2092, #3122, #3594 ) ;
#4021 = DIRECTION ( 'NONE',  ( 1.000000000000000000, 0.0000000000000000000, -0.0000000000000000000 ) ) ;
#4022 = CARTESIAN_POINT ( 'NONE',  ( -0.5333333333333335500, 0.4000000000000000800, 0.9036886723926608200 ) ) ;
#4023 = ORIENTED_EDGE ( 'NONE', *, *, #1595, .T. ) ;
#4024 = EDGE_LOOP ( 'NONE', ( #595, #3195, #1745, #257 ) ) ;
#4025 = VERTEX_POINT ( 'NONE', #2443 ) ;
#4026 = CARTESIAN_POINT ( 'NONE',  ( -0.6933333333333339100, 0.4103553390593274700, -0.7333333333333329500 ) ) ;
#4027 = CARTESIAN_POINT ( 'NONE',  ( 0.5333333333333328800, 2.612060605191053300, 0.7333333333333336100 ) ) ;
#4028 = CARTESIAN_POINT ( 'NONE',  ( -0.7249999999999999800, 0.1999999999999999800, -0.3250000000000000700 ) ) ;
#4029 = ORIENTED_EDGE ( 'NONE', *, *, #835, .T. ) ;
#4030 = ORIENTED_EDGE ( 'NONE', *, *, #2651, .F. ) ;
#4031 = DIRECTION ( 'NONE',  ( 0.0000000000000000000, 1.000000000000000000, 0.0000000000000000000 ) ) ;
#4032 = VERTEX_POINT ( 'NONE', #3663 ) ;
#4033 = ORIENTED_EDGE ( 'NONE', *, *, #3097, .F. ) ;
#4034 = EDGE_CURVE ( 'NONE', #2885, #3543, #1861, .T. ) ;
#4035 = CARTESIAN_POINT ( 'NONE',  ( 0.5333333333333329900, 0.4250000000000000400, -0.9183333333333332200 ) ) ;
#4036 = CARTESIAN_POINT ( 'NONE',  ( -0.6683333333333338900, 0.4500000000000000700, -0.7333333333333329500 ) ) ;
#4037 = LINE ( 'NONE', #2599, #1594 ) ;
#4038 = CARTESIAN_POINT ( 'NONE',  ( -0.6933333333333338000, 0.4250000000000000400, 0.7333333333333336100 ) ) ;
#4039 = LINE ( 'NONE', #55, #831 ) ;
#4040 = AXIS2_PLACEMENT_3D ( 'NONE', #2122, #3961, #359 ) ;
#4041 = FACE_OUTER_BOUND ( 'NONE', #3759, .T. ) ;
#4042 = LINE ( 'NONE', #3086, #937 ) ;
#4043 = ORIENTED_EDGE ( 'NONE', *, *, #3092, .F. ) ;
#4044 = AXIS2_PLACEMENT_3D ( 'NONE', #2730, #2931, #3187 ) ;
#4045 = ORIENTED_EDGE ( 'NONE', *, *, #2514, .F. ) ;
#4046 = DIRECTION ( 'NONE',  ( 0.7071067811865465700, 0.0000000000000000000, 0.7071067811865484600 ) ) ;
#4047 = ORIENTED_EDGE ( 'NONE', *, *, #598, .T. ) ;
ENDSEC;
END-ISO-10303-21;
